
=== lint ===
No syntax errors detected in ./node_modules/flatted/php/flatted.php
No syntax errors detected in ./tests/bootstrap.php
No syntax errors detected in ./tests/Integration/OfficeDocumentSanitizationIntegrationTest.php
No syntax errors detected in ./tests/Integration/Pdf/AnonymisationFlowTest.php
No syntax errors detected in ./tests/Integration/RuntimeSchemaReloadTest.php
No syntax errors detected in ./tests/bootstrap-unit-standalone.php
No syntax errors detected in ./tests/bootstrap-aggregation.php
No syntax errors detected in ./tests/bootstrap-eml.php
No syntax errors detected in ./tests/vectorize-objects.php
No syntax errors detected in ./tests/manual/test-magic-mapper.php
No syntax errors detected in ./tests/test-object-metadata.php
No syntax errors detected in ./tests/fixtures/dbal/build-permits-sqlite.php
No syntax errors detected in ./tests/Service/ProductionObservabilityIntegrationTest.php
No syntax errors detected in ./tests/Service/RbacScopeDiscoveryIntegrationTest.php
No syntax errors detected in ./tests/Service/RbacOperatorMatchingIntegrationTest.php
No syntax errors detected in ./tests/Service/OasServiceIntegrationTest.php
No syntax errors detected in ./tests/Service/RegisterI18nPhase3IntegrationTest.php
No syntax errors detected in ./tests/Service/TextExtractionWordExtractionTest.php
No syntax errors detected in ./tests/Service/EmptyStringDateConversionIntegrationTest.php
No syntax errors detected in ./tests/Service/SettingsServiceIntegrationTest.php
No syntax errors detected in ./tests/Service/FileActionsLifecycleIntegrationTest.php
No syntax errors detected in ./tests/Service/SaveObjectHandlersIntegrationTest.php
No syntax errors detected in ./tests/Service/TextExtractionServiceIntegrationTest.php
No syntax errors detected in ./tests/Service/SaveObjectIntegrationTest.php
No syntax errors detected in ./tests/Service/ObjectHandlersIntegrationTest.php
No syntax errors detected in ./tests/Service/RowFieldLevelSecurityIntegrationTest.php
No syntax errors detected in ./tests/Service/CalDavIntegrationTest.php
No syntax errors detected in ./tests/Service/GraphQLIntegrationTest.php
No syntax errors detected in ./tests/Service/VectorSearchHandlerIntegrationTest.php
No syntax errors detected in ./tests/Service/VerwerkingsactiviteitenControllerIntegrationTest.php
No syntax errors detected in ./tests/Service/MailSmartPickerIntegrationTest.php
No syntax errors detected in ./tests/Service/ReferentialIntegrityServiceIntegrationTest.php
No syntax errors detected in ./tests/Service/SettingsHandlersIntegrationTest.php
No syntax errors detected in ./tests/Service/DsarServiceIntegrationTest.php
No syntax errors detected in ./tests/Service/GraphQLReferenceValidationIntegrationTest.php
No syntax errors detected in ./tests/Service/ObjectInteractionsIntegrationTest.php
No syntax errors detected in ./tests/Service/ReferenceExistenceValidationIntegrationTest.php
No syntax errors detected in ./tests/Service/AggregationRunnerIntegrationTest.php
No syntax errors detected in ./tests/Service/ImportServiceIntegrationTest.php
No syntax errors detected in ./tests/Service/AvgVerwerkingsregisterIntegrationTest.php
No syntax errors detected in ./tests/Service/ObjectServiceIntegrationTest.php
No syntax errors detected in ./tests/Service/RenderObjectIntegrationTest.php
No syntax errors detected in ./tests/Service/GreenmailSmtpIntegrationTest.php
No syntax errors detected in ./tests/Service/UrnCapabilityIntegrationTest.php
No syntax errors detected in ./tests/Service/ReportRenderServiceIntegrationTest.php
No syntax errors detected in ./tests/Service/AvgRetentionServiceIntegrationTest.php
No syntax errors detected in ./tests/Service/ServicesIntegrationTest.php
No syntax errors detected in ./tests/Service/UserServiceIntegrationTest.php
No syntax errors detected in ./tests/Service/OasGenerationIntegrationTest.php
No syntax errors detected in ./tests/Service/AvgComplianceServiceIntegrationTest.php
No syntax errors detected in ./tests/Service/WebhookServiceIntegrationTest.php
No syntax errors detected in ./tests/Service/UrnResourceAddressingIntegrationTest.php
No syntax errors detected in ./tests/Service/RowFieldLevelSecurityNonAdminIntegrationTest.php
No syntax errors detected in ./tests/Service/McpDiscoveryIntegrationTest.php
No syntax errors detected in ./tests/Service/CardDavIntegrationTest.php
No syntax errors detected in ./tests/Service/OrganisationServiceIntegrationTest.php
No syntax errors detected in ./tests/Service/RegisterI18nIntegrationTest.php
No syntax errors detected in ./tests/Service/FileMetadataUpdateIntegrationTest.php
No syntax errors detected in ./tests/Service/MockRegistersIntegrationTest.php
No syntax errors detected in ./tests/Service/RegisterI18nPhase2IntegrationTest.php
No syntax errors detected in ./tests/Service/ControllersIntegrationTest.php
No syntax errors detected in ./tests/Service/CalendarProviderIntegrationTest.php
No syntax errors detected in ./tests/Service/ActivityProviderIntegrationTest.php
No syntax errors detected in ./tests/Service/ImportRollbackIntegrationTest.php
No syntax errors detected in ./tests/Service/ComputedFieldsIntegrationTest.php
No syntax errors detected in ./tests/Service/RelationHandlerCircuitBreakerTest.php
No syntax errors detected in ./tests/Service/StreamingBulkUpsertIntegrationTest.php
No syntax errors detected in ./tests/Service/UserProfileActionsIntegrationTest.php
No syntax errors detected in ./tests/Service/ReferentialIntegrityCascadeIntegrationTest.php
No syntax errors detected in ./tests/Service/BulkAndHandlersIntegrationTest.php
No syntax errors detected in ./tests/Service/SessionAndRequestLeakCanaryTest.php
No syntax errors detected in ./tests/Service/ControllersIntegrationTest2.php
No syntax errors detected in ./tests/Service/ObjectsControllerIntegrationTest.php
No syntax errors detected in ./tests/Service/OasValidationIntegrationTest.php
No syntax errors detected in ./tests/Service/SaveObjectsIntegrationTest.php
No syntax errors detected in ./tests/Service/FileMetadataPersistenceIntegrationTest.php
No syntax errors detected in ./tests/Service/McpToolScopingIntegrationTest.php
No syntax errors detected in ./tests/chat-rag-test.php
No syntax errors detected in ./tests/test-all-tools.php
No syntax errors detected in ./tests/simple-chat-test.php
No syntax errors detected in ./tests/unit/Service/RbacComprehensiveTest.php
No syntax errors detected in ./tests/unit/Service/RbacTest.php
No syntax errors detected in ./tests/unit/Service/ObjectServiceRbacTest.php
No syntax errors detected in ./tests/unit/Service/BasicCrudTest.php
No syntax errors detected in ./tests/test-chat-rag.php
No syntax errors detected in ./tests/config/config.php
No syntax errors detected in ./tests/integration-bootstrap.php
No syntax errors detected in ./tests/Db/MagicRbacHandlerIntegrationTest.php
No syntax errors detected in ./tests/Db/OrganisationMapperIntegrationTest.php
No syntax errors detected in ./tests/Db/MagicMapperIntegrationTest.php
No syntax errors detected in ./tests/Db/MagicFacetHandlerIntegrationTest.php
No syntax errors detected in ./tests/Db/OrganisationTenantScopeIntegrationTest.php
No syntax errors detected in ./tests/Db/PrivateScopeParityIntegrationTest.php
No syntax errors detected in ./tests/Db/RawAppendIntegrationTest.php
No syntax errors detected in ./tests/Db/ObjectShareLinkIntegrationTest.php
No syntax errors detected in ./tests/Db/AuditTrailMapperIntegrationTest.php
No syntax errors detected in ./tests/Db/FlowRunVisibilityIntegrationTest.php
No syntax errors detected in ./tests/Db/TenantPurgeScopeIntegrationTest.php
No syntax errors detected in ./tests/Db/MappersIntegrationTest.php
No syntax errors detected in ./tests/Db/ContainsOperatorParityIntegrationTest.php
No syntax errors detected in ./tests/Db/SchemaMapperIntegrationTest.php
No syntax errors detected in ./tests/Db/RegisterMapperIntegrationTest.php
No syntax errors detected in ./tests/bootstrap-spec-docker.php
No syntax errors detected in ./tests/test-application-tool-chat.php
No syntax errors detected in ./tests/test-semantic-direct.php
No syntax errors detected in ./tests/vectorize-test-objects.php
No syntax errors detected in ./tests/test-tools.php
No syntax errors detected in ./tests/stubs/DoctrineDbalStubs.php
No syntax errors detected in ./tests/stubs/NextcloudInternalStubs.php
No syntax errors detected in ./tests/stubs/Integriq/Event/ConnectionRefreshRequestedEvent.php
No syntax errors detected in ./tests/stubs/Integriq/Event/ConnectionStatusReportedEvent.php
No syntax errors detected in ./tests/stubs/ContextChatStubs.php
No syntax errors detected in ./tests/stubs/DoriathStubs.php
No syntax errors detected in ./tests/Api/AuthorizationExceptionApiTest.php
No syntax errors detected in ./tests/Support/ResultRowReaderTrait.php
No syntax errors detected in ./tests/Support/ResolvesControllersFromContainer.php
No syntax errors detected in ./tests/Support/ShutdownFunctionSpy.php
No syntax errors detected in ./tests/Support/SchemaTableMockTrait.php
No syntax errors detected in ./tests/Support/BuildsStateFieldRuleResolver.php
No syntax errors detected in ./tests/bootstrap-unit.php
No syntax errors detected in ./tests/mcp-personas/harness.php
No syntax errors detected in ./tests/bootstrap-standalone.php
No syntax errors detected in ./tests/bootstrap-integration.php
No syntax errors detected in ./tests/bootstrap-unit-local.php
No syntax errors detected in ./tests/Unit/BackgroundJob/NameCacheWarmupJobTest.php
No syntax errors detected in ./tests/Unit/BackgroundJob/FileTextExtractionJobTest.php
No syntax errors detected in ./tests/Unit/BackgroundJob/WebhookRetryJobTest.php
No syntax errors detected in ./tests/Unit/BackgroundJob/OAuth2TokenRefreshJobTest.php
No syntax errors detected in ./tests/Unit/BackgroundJob/SyncConfigurationsJobTest.php
No syntax errors detected in ./tests/Unit/BackgroundJob/ChunkVectorizationJobTest.php
No syntax errors detected in ./tests/Unit/BackgroundJob/FlowRunWorkerStaleTest.php
No syntax errors detected in ./tests/Unit/BackgroundJob/ViewAlertSweepJobTest.php
No syntax errors detected in ./tests/Unit/BackgroundJob/DestructionCheckJobTest.php
No syntax errors detected in ./tests/Unit/BackgroundJob/ArchivalRetentionTaskTest.php
No syntax errors detected in ./tests/Unit/BackgroundJob/RuleRunRetentionJobTest.php
No syntax errors detected in ./tests/Unit/BackgroundJob/FlowRunWorkerExpiryTest.php
No syntax errors detected in ./tests/Unit/BackgroundJob/TenantJobsScopeTest.php
No syntax errors detected in ./tests/Unit/BackgroundJob/AggregationThresholdJobTest.php
No syntax errors detected in ./tests/Unit/BackgroundJob/AnnotationNotificationDispatchJobTest.php
No syntax errors detected in ./tests/Unit/BackgroundJob/FlowTimerWorkerTest.php
No syntax errors detected in ./tests/Unit/BackgroundJob/TranslationProjectionJobTest.php
No syntax errors detected in ./tests/Unit/BackgroundJob/ObjectTextExtractionJobTest.php
No syntax errors detected in ./tests/Unit/BackgroundJob/ReviewReminderJobTest.php
No syntax errors detected in ./tests/Unit/BackgroundJob/WebhookDeliveryJobTest.php
No syntax errors detected in ./tests/Unit/BackgroundJob/CronFileTextExtractionJobTest.php
No syntax errors detected in ./tests/Unit/BackgroundJob/FlowRunRetentionJobTest.php
No syntax errors detected in ./tests/Unit/BackgroundJob/TransferExecutionJobTest.php
No syntax errors detected in ./tests/Unit/BackgroundJob/ActorForwardedJobTest.php
No syntax errors detected in ./tests/Unit/BackgroundJob/FlowRunWorkerClaimReaperTest.php
No syntax errors detected in ./tests/Unit/BackgroundJob/CacheWarmupJobTest.php
No syntax errors detected in ./tests/Unit/BackgroundJob/TaskScheduledNotificationJobTest.php
No syntax errors detected in ./tests/Unit/BackgroundJob/AutoTransitionJobTest.php
No syntax errors detected in ./tests/Unit/BackgroundJob/ScheduledNotificationJobTest.php
No syntax errors detected in ./tests/Unit/BackgroundJob/AuditSealJobTest.php
No syntax errors detected in ./tests/Unit/BackgroundJob/DestructionCheckJobNotificationTest.php
No syntax errors detected in ./tests/Unit/BackgroundJob/ReportRenderJobTest.php
No syntax errors detected in ./tests/Unit/BackgroundJob/TransferCheckJobTest.php
No syntax errors detected in ./tests/Unit/BackgroundJob/DbalIntrospectionJobTest.php
No syntax errors detected in ./tests/Unit/BackgroundJob/ConfigurationCheckJobTest.php
No syntax errors detected in ./tests/Unit/BackgroundJob/NotificationQueueFlushJobTest.php
No syntax errors detected in ./tests/Unit/BackgroundJob/ScheduledReportJobTest.php
No syntax errors detected in ./tests/Unit/BackgroundJob/ObjectCleanupJobTest.php
No syntax errors detected in ./tests/Unit/BackgroundJob/BulkJobRunnerTest.php
No syntax errors detected in ./tests/Unit/BackgroundJob/DestructionExecutionJobTest.php
No syntax errors detected in ./tests/Unit/BackgroundJob/LogCleanUpTaskTest.php
No syntax errors detected in ./tests/Unit/BackgroundJob/WebPushDispatchJobTest.php
No syntax errors detected in ./tests/Unit/BackgroundJob/BlobMigrationJobTest.php
No syntax errors detected in ./tests/Unit/BackgroundJob/DsarDpiaDetectionJobTest.php
No syntax errors detected in ./tests/Unit/BackgroundJob/ConnectionSeamReportJobTest.php
No syntax errors detected in ./tests/Unit/Controller/TagsControllerTest.php
No syntax errors detected in ./tests/Unit/Controller/McpControllerTest.php
No syntax errors detected in ./tests/Unit/Controller/FileTextControllerCoverageTest.php
No syntax errors detected in ./tests/Unit/Controller/CalendarEventsControllerTest.php
No syntax errors detected in ./tests/Unit/Controller/AuditQueryControllerTest.php
No syntax errors detected in ./tests/Unit/Controller/AccessLinkControllerTest.php
No syntax errors detected in ./tests/Unit/Controller/FilesControllerTest.php
No syntax errors detected in ./tests/Unit/Controller/MergeControllerTest.php
No syntax errors detected in ./tests/Unit/Controller/AggregationControllerTest.php
No syntax errors detected in ./tests/Unit/Controller/UserControllerTest.php
No syntax errors detected in ./tests/Unit/Controller/FederatedConfigControllerDiscoverGateTest.php
No syntax errors detected in ./tests/Unit/Controller/RevertControllerTest.php
No syntax errors detected in ./tests/Unit/Controller/TasksControllerTest.php
No syntax errors detected in ./tests/Unit/Controller/PermissionsControllerTest.php
No syntax errors detected in ./tests/Unit/Controller/RegistersControllerTest.php
No syntax errors detected in ./tests/Unit/Controller/FlowLifecycleControllerTest.php
No syntax errors detected in ./tests/Unit/Controller/FederationControllerCreateIdentityTest.php
No syntax errors detected in ./tests/Unit/Controller/CredentialShareApiTest.php
No syntax errors detected in ./tests/Unit/Controller/ConversationControllerTest.php
No syntax errors detected in ./tests/Unit/Controller/ObjectsControllerTest.php
No syntax errors detected in ./tests/Unit/Controller/BulkControllerTest.php
No syntax errors detected in ./tests/Unit/Controller/CredentialOauth2ControllerTest.php
No syntax errors detected in ./tests/Unit/Controller/DeletedControllerGapTest.php
No syntax errors detected in ./tests/Unit/Controller/MessageDispatchControllerTest.php
No syntax errors detected in ./tests/Unit/Controller/ConfigurationControllerDeepTest.php
No syntax errors detected in ./tests/Unit/Controller/LockRoutesTest.php
No syntax errors detected in ./tests/Unit/Controller/DsarCaseControllerTest.php
No syntax errors detected in ./tests/Unit/Controller/FileExtractionControllerDeepTest.php
No syntax errors detected in ./tests/Unit/Controller/DashboardControllerTest.php
No syntax errors detected in ./tests/Unit/Controller/ChatStreamControllerTest.php
No syntax errors detected in ./tests/Unit/Controller/DelegationControllerTest.php
No syntax errors detected in ./tests/Unit/Controller/PersonLookupControllerTest.php
No syntax errors detected in ./tests/Unit/Controller/PartyControllerTest.php
No syntax errors detected in ./tests/Unit/Controller/HandlesExceptionsTraitTest.php
No syntax errors detected in ./tests/Unit/Controller/DuplicateControllerTest.php
No syntax errors detected in ./tests/Unit/Controller/ObjectsControllerDoelbindingReachTest.php
No syntax errors detected in ./tests/Unit/Controller/PollLinksControllerTest.php
No syntax errors detected in ./tests/Unit/Controller/ImportPreviewControllerTest.php
No syntax errors detected in ./tests/Unit/Controller/FileTextControllerDeepTest.php
No syntax errors detected in ./tests/Unit/Controller/UiControllerTest.php
No syntax errors detected in ./tests/Unit/Controller/TalkLinksControllerTest.php
No syntax errors detected in ./tests/Unit/Controller/ObjectStateControllerTest.php
No syntax errors detected in ./tests/Unit/Controller/DeletedControllerWindowTest.php
No syntax errors detected in ./tests/Unit/Controller/TablesControllerTest.php
No syntax errors detected in ./tests/Unit/Controller/ApiSurfaceControllerTest.php
No syntax errors detected in ./tests/Unit/Controller/CredentialControllerTest.php
No syntax errors detected in ./tests/Unit/Controller/AuditTrailControllerTest.php
No syntax errors detected in ./tests/Unit/Controller/SettingsControllerDeepTest.php
No syntax errors detected in ./tests/Unit/Controller/EndpointsControllerTest.php
No syntax errors detected in ./tests/Unit/Controller/TransitionControllerTest.php
No syntax errors detected in ./tests/Unit/Controller/FileSearchControllerCoverageTest.php
No syntax errors detected in ./tests/Unit/Controller/ObjectsControllerWriteReleasesOwnLockTest.php
No syntax errors detected in ./tests/Unit/Controller/SearchControllerTest.php
No syntax errors detected in ./tests/Unit/Controller/FileSearchControllerTest.php
No syntax errors detected in ./tests/Unit/Controller/TaskEventsControllerTest.php
No syntax errors detected in ./tests/Unit/Controller/ArchivalControllerReviewTest.php
No syntax errors detected in ./tests/Unit/Controller/EmailsControllerTest.php
No syntax errors detected in ./tests/Unit/Controller/AggregationControllerFilterSpellingTest.php
No syntax errors detected in ./tests/Unit/Controller/DeletedControllerTest.php
No syntax errors detected in ./tests/Unit/Controller/NotificationHistoryBellTest.php
No syntax errors detected in ./tests/Unit/Controller/VocabularyControllerTest.php
No syntax errors detected in ./tests/Unit/Controller/HandoffControllerTest.php
No syntax errors detected in ./tests/Unit/Controller/ProcessingPurposeControllerTest.php
No syntax errors detected in ./tests/Unit/Controller/AggregationControllerValueGroupedTest.php
No syntax errors detected in ./tests/Unit/Controller/ViewsControllerTest.php
No syntax errors detected in ./tests/Unit/Controller/ContextsControllerTest.php
No syntax errors detected in ./tests/Unit/Controller/IconControllerTest.php
No syntax errors detected in ./tests/Unit/Controller/FileSearchControllerDeepTest.php
No syntax errors detected in ./tests/Unit/Controller/RelationsControllerTest.php
No syntax errors detected in ./tests/Unit/Controller/ActivityLinksControllerTest.php
No syntax errors detected in ./tests/Unit/Controller/SchemasControllerRegisterLinkageTest.php
No syntax errors detected in ./tests/Unit/Controller/EmailLinksControllerTest.php
No syntax errors detected in ./tests/Unit/Controller/MappingsControllerTest.php
No syntax errors detected in ./tests/Unit/Controller/FileTextControllerManualEntityTest.php
No syntax errors detected in ./tests/Unit/Controller/ContactsControllerTest.php
No syntax errors detected in ./tests/Unit/Controller/ConfigurationControllerTest.php
No syntax errors detected in ./tests/Unit/Controller/ObjectsControllerCoverageTest.php
No syntax errors detected in ./tests/Unit/Controller/OperationsConsoleControllerTest.php
No syntax errors detected in ./tests/Unit/Controller/ObjectIntegrationsControllerTest.php
No syntax errors detected in ./tests/Unit/Controller/ShareLinksControllerTest.php
No syntax errors detected in ./tests/Unit/Controller/ObjectsControllerWriteOnlyListLeakTest.php
No syntax errors detected in ./tests/Unit/Controller/BookmarkLinksControllerTest.php
No syntax errors detected in ./tests/Unit/Controller/FlowRunSubjectsReadTest.php
No syntax errors detected in ./tests/Unit/Controller/RegisterDescriptorControllerTest.php
No syntax errors detected in ./tests/Unit/Controller/UserSettingsControllerTest.php
No syntax errors detected in ./tests/Unit/Controller/ConsumersControllerTest.php
No syntax errors detected in ./tests/Unit/Controller/UserControllerDeepTest.php
No syntax errors detected in ./tests/Unit/Controller/SettingsControllerTest.php
No syntax errors detected in ./tests/Unit/Controller/WellKnownControllerTest.php
No syntax errors detected in ./tests/Unit/Controller/ChatControllerTest.php
No syntax errors detected in ./tests/Unit/Controller/ApplicationsControllerTest.php
No syntax errors detected in ./tests/Unit/Controller/SchemasControllerJsonLdMappingTest.php
No syntax errors detected in ./tests/Unit/Controller/DataSubjectRequestControllerTest.php
No syntax errors detected in ./tests/Unit/Controller/ContentReportControllerTest.php
No syntax errors detected in ./tests/Unit/Controller/PermissionsAuditControllerTest.php
No syntax errors detected in ./tests/Unit/Controller/ObjectsControllerGeoTest.php
No syntax errors detected in ./tests/Unit/Controller/FilesControllerFileActionsTest.php
No syntax errors detected in ./tests/Unit/Controller/WebPushControllerTest.php
No syntax errors detected in ./tests/Unit/Controller/ProcessingLogControllerTest.php
No syntax errors detected in ./tests/Unit/Controller/QualityControllerTest.php
No syntax errors detected in ./tests/Unit/Controller/FederatedConfigControllerTrustGateTest.php
No syntax errors detected in ./tests/Unit/Controller/DerivedGrantsControllerTest.php
No syntax errors detected in ./tests/Unit/Controller/FlowTestRunControllerTest.php
No syntax errors detected in ./tests/Unit/Controller/RegisterBeforeSchemaOrderTest.php
No syntax errors detected in ./tests/Unit/Controller/HeartbeatControllerTest.php
No syntax errors detected in ./tests/Unit/Controller/CorrectionsControllerTest.php
No syntax errors detected in ./tests/Unit/Controller/TimelineAdminControllerTest.php
No syntax errors detected in ./tests/Unit/Controller/FormLinksControllerTest.php
No syntax errors detected in ./tests/Unit/Controller/ObjectsControllerJsonLdTest.php
No syntax errors detected in ./tests/Unit/Controller/ObjectsControllerCountsTest.php
No syntax errors detected in ./tests/Unit/Controller/MigrationPacksControllerTest.php
No syntax errors detected in ./tests/Unit/Controller/FederatedConfigControllerBundleGateTest.php
No syntax errors detected in ./tests/Unit/Controller/CredentialControllerOrganisationTest.php
No syntax errors detected in ./tests/Unit/Controller/SchemasControllerShowRegisterScopeTest.php
No syntax errors detected in ./tests/Unit/Controller/EntityRelationsControllerTest.php
No syntax errors detected in ./tests/Unit/Controller/TimelineEntriesControllerTest.php
No syntax errors detected in ./tests/Unit/Controller/AnonymisationBackendControllerTest.php
No syntax errors detected in ./tests/Unit/Controller/FlowRunMigrationControllerTest.php
No syntax errors detected in ./tests/Unit/Controller/FlowNodeRunControllerTest.php
No syntax errors detected in ./tests/Unit/Controller/SettingsControllerGapTest.php
No syntax errors detected in ./tests/Unit/Controller/FlowTimerDiagnosticControllerTest.php
No syntax errors detected in ./tests/Unit/Controller/ObjectActionsControllerTest.php
No syntax errors detected in ./tests/Unit/Controller/FilesControllerRefactoredMethodsTest.php
No syntax errors detected in ./tests/Unit/Controller/SchemasControllerTest.php
No syntax errors detected in ./tests/Unit/Controller/WebhooksControllerTest.php
No syntax errors detected in ./tests/Unit/Controller/AuditSinkControllerTest.php
No syntax errors detected in ./tests/Unit/Controller/MapsOverviewControllerTest.php
No syntax errors detected in ./tests/Unit/Controller/ConfigurationControllerCoverageTest.php
No syntax errors detected in ./tests/Unit/Controller/ObjectsControllerPatchConcurrencyTest.php
No syntax errors detected in ./tests/Unit/Controller/RegisterSchemaResolutionParityTest.php
No syntax errors detected in ./tests/Unit/Controller/NotificationPreferencesControllerTest.php
No syntax errors detected in ./tests/Unit/Controller/FileTextControllerTest.php
No syntax errors detected in ./tests/Unit/Controller/FileSidebarControllerTest.php
No syntax errors detected in ./tests/Unit/Controller/CollectiveLinksControllerTest.php
No syntax errors detected in ./tests/Unit/Controller/TaskNotesControllerTest.php
No syntax errors detected in ./tests/Unit/Controller/OrganisationControllerTest.php
No syntax errors detected in ./tests/Unit/Controller/PropertyVocabularyControllerTest.php
No syntax errors detected in ./tests/Unit/Controller/AggregationControllerTimeseriesTest.php
No syntax errors detected in ./tests/Unit/Controller/ObjectsControllerSearchRefusalTest.php
No syntax errors detected in ./tests/Unit/Controller/ObjectsControllerUnlockTest.php
No syntax errors detected in ./tests/Unit/Controller/RegistersDestroySafetyTest.php
No syntax errors detected in ./tests/Unit/Controller/ObjectsControllerResolutionAttributionTest.php
No syntax errors detected in ./tests/Unit/Controller/SearchTrailControllerCoverageTest.php
No syntax errors detected in ./tests/Unit/Controller/ApiCallersControllerTest.php
No syntax errors detected in ./tests/Unit/Controller/TransferControllerTest.php
No syntax errors detected in ./tests/Unit/Controller/SchemasControllerListPresentationTest.php
No syntax errors detected in ./tests/Unit/Controller/ConfigurationControllerRefactoredMethodsTest.php
No syntax errors detected in ./tests/Unit/Controller/HardeningControllerTest.php
No syntax errors detected in ./tests/Unit/Controller/ConfigurationDeploymentControllerTest.php
No syntax errors detected in ./tests/Unit/Controller/FlowRunSignalByKeyTest.php
No syntax errors detected in ./tests/Unit/Controller/ObjectsControllerDeletedRefusalScopeTest.php
No syntax errors detected in ./tests/Unit/Controller/NotificationDeliveryWindowControllerTest.php
No syntax errors detected in ./tests/Unit/Controller/GraphQLControllerExplorerTest.php
No syntax errors detected in ./tests/Unit/Controller/UrnControllerTest.php
No syntax errors detected in ./tests/Unit/Controller/FederationControllerConfidentialityTest.php
No syntax errors detected in ./tests/Unit/Controller/FlowLinksControllerTest.php
No syntax errors detected in ./tests/Unit/Controller/OasControllerTest.php
No syntax errors detected in ./tests/Unit/Controller/SearchTrailControllerTest.php
No syntax errors detected in ./tests/Unit/Controller/ConfigurationsControllerTest.php
No syntax errors detected in ./tests/Unit/Controller/SearchTrailControllerDeepTest.php
No syntax errors detected in ./tests/Unit/Controller/ObjectsControllerPresenceTest.php
No syntax errors detected in ./tests/Unit/Controller/FlowControllerTest.php
No syntax errors detected in ./tests/Unit/Controller/ExportProfilesControllerTest.php
No syntax errors detected in ./tests/Unit/Controller/TaskControllerTest.php
No syntax errors detected in ./tests/Unit/Controller/LinkedEntityControllerTest.php
No syntax errors detected in ./tests/Unit/Controller/GdprEntitiesControllerTest.php
No syntax errors detected in ./tests/Unit/Controller/ConfigurationsControllerIdsOfTest.php
No syntax errors detected in ./tests/Unit/Controller/ObjectPermissionsControllerTest.php
No syntax errors detected in ./tests/Unit/Controller/DeletedControllerPurgeGuardTest.php
No syntax errors detected in ./tests/Unit/Controller/ManifestControllerTest.php
No syntax errors detected in ./tests/Unit/Controller/GraphQLSubscriptionControllerTest.php
No syntax errors detected in ./tests/Unit/Controller/PortalTaskControllerTest.php
No syntax errors detected in ./tests/Unit/Controller/FlowPrincipalControllerTest.php
No syntax errors detected in ./tests/Unit/Controller/CaseControllerTest.php
No syntax errors detected in ./tests/Unit/Controller/ObjectsControllerHingeTest.php
No syntax errors detected in ./tests/Unit/Controller/ObjectsControllerExistsTest.php
No syntax errors detected in ./tests/Unit/Controller/ObjectsControllerPatchStringTypedJsonTest.php
No syntax errors detected in ./tests/Unit/Controller/GitHubIssuesControllerTest.php
No syntax errors detected in ./tests/Unit/Controller/CalendarFeedControllerTest.php
No syntax errors detected in ./tests/Unit/Controller/SetupControllerTest.php
No syntax errors detected in ./tests/Unit/Controller/ChatHealthControllerTest.php
No syntax errors detected in ./tests/Unit/Controller/CompanyLookupControllerTest.php
No syntax errors detected in ./tests/Unit/Controller/ScheduledReportsControllerTest.php
No syntax errors detected in ./tests/Unit/Controller/SourcesControllerTest.php
No syntax errors detected in ./tests/Unit/Controller/FlowRunTestSameOrgNonOwnerRegressionTest.php
No syntax errors detected in ./tests/Unit/Controller/ObjectsControllerArchivalRefusalTest.php
No syntax errors detected in ./tests/Unit/Controller/ArchivalControllerTest.php
No syntax errors detected in ./tests/Unit/Controller/ObjectSharingControllerTest.php
No syntax errors detected in ./tests/Unit/Controller/NotesControllerTest.php
No syntax errors detected in ./tests/Unit/Controller/TasksControllerGapTest.php
No syntax errors detected in ./tests/Unit/Controller/ChatStreamControllerHeartbeatTest.php
No syntax errors detected in ./tests/Unit/Controller/McpServerControllerTest.php
No syntax errors detected in ./tests/Unit/Controller/FederationControllerScopeTest.php
No syntax errors detected in ./tests/Unit/Controller/FlowRunControllerTest.php
No syntax errors detected in ./tests/Unit/Controller/NamesControllerTest.php
No syntax errors detected in ./tests/Unit/Controller/FilesControllerIL10NTest.php
No syntax errors detected in ./tests/Unit/Controller/MigrationControllerTest.php
No syntax errors detected in ./tests/Unit/Controller/AgentsControllerTest.php
No syntax errors detected in ./tests/Unit/Controller/DeckLinksControllerTest.php
No syntax errors detected in ./tests/Unit/Controller/SettingsControllerCoverageTest.php
No syntax errors detected in ./tests/Unit/Controller/RetentionControllerApprovalCountTest.php
No syntax errors detected in ./tests/Unit/Controller/ObjectReadStateControllerTest.php
No syntax errors detected in ./tests/Unit/Controller/SurvivorshipControllerTest.php
No syntax errors detected in ./tests/Unit/Controller/AdminOnlyPostureTest.php
No syntax errors detected in ./tests/Unit/Controller/SelectielijstControllerTest.php
No syntax errors detected in ./tests/Unit/Controller/BulkJobsControllerTest.php
No syntax errors detected in ./tests/Unit/Controller/SchemasDestroySafetyTest.php
No syntax errors detected in ./tests/Unit/Controller/TmloControllerTest.php
No syntax errors detected in ./tests/Unit/Controller/Settings/LlmSettingsControllerBranchTest.php
No syntax errors detected in ./tests/Unit/Controller/Settings/FileSettingsControllerTest.php
No syntax errors detected in ./tests/Unit/Controller/Settings/ApiTokenSettingsControllerTest.php
No syntax errors detected in ./tests/Unit/Controller/Settings/LlmSettingsControllerTest.php
No syntax errors detected in ./tests/Unit/Controller/Settings/VectorSettingsControllerTest.php
No syntax errors detected in ./tests/Unit/Controller/Settings/FileSettingsControllerBranchTest.php
No syntax errors detected in ./tests/Unit/Controller/Settings/SettingsConnectionReportTest.php
No syntax errors detected in ./tests/Unit/Controller/Settings/ConfigurationSettingsControllerTest.php
No syntax errors detected in ./tests/Unit/Controller/Settings/SecuritySettingsControllerTest.php
No syntax errors detected in ./tests/Unit/Controller/Settings/LlmSettingsControllerCoverageTest.php
No syntax errors detected in ./tests/Unit/Controller/Settings/ValidationSettingsControllerTest.php
No syntax errors detected in ./tests/Unit/Controller/Settings/CacheSettingsControllerTest.php
No syntax errors detected in ./tests/Unit/Controller/Settings/FileSettingsControllerCoverageTest.php
No syntax errors detected in ./tests/Unit/Controller/FileExtractionControllerTest.php
No syntax errors detected in ./tests/Unit/Capabilities/IntegrationsCapabilityTest.php
No syntax errors detected in ./tests/Unit/Contract/PublishedContractTest.php
No syntax errors detected in ./tests/Unit/Contract/TypedPropertyInitialisationTest.php
No syntax errors detected in ./tests/Unit/Contract/ApprovalRetirementSurfaceTest.php
No syntax errors detected in ./tests/Unit/Contract/HitlRetirementInventoryTest.php
No syntax errors detected in ./tests/Unit/Middleware/LanguageMiddlewareTest.php
No syntax errors detected in ./tests/Unit/Middleware/TenantQuotaMiddlewareTest.php
No syntax errors detected in ./tests/Unit/Middleware/ApiVersionMiddlewareTest.php
No syntax errors detected in ./tests/Unit/Middleware/ChatCompatMiddlewareTest.php
No syntax errors detected in ./tests/Unit/Middleware/PublicApiCorsMiddlewareTest.php
No syntax errors detected in ./tests/Unit/Middleware/MaintenanceModeMiddlewareTest.php
No syntax errors detected in ./tests/Unit/Middleware/ObjectSourceErrorMiddlewareTest.php
No syntax errors detected in ./tests/Unit/Repair/MigrateRenamedFlowNodeTypesTest.php
No syntax errors detected in ./tests/Unit/Repair/RollbackApprovalMigrationCommandTest.php
No syntax errors detected in ./tests/Unit/Repair/TypePerformerReferencesTest.php
No syntax errors detected in ./tests/Unit/Repair/SeedCaseFixturesTest.php
No syntax errors detected in ./tests/Unit/Repair/RegisterOpenRegisterWithDoriathTest.php
No syntax errors detected in ./tests/Unit/Repair/LogDanglingLinkedTypesTest.php
No syntax errors detected in ./tests/Unit/Repair/RemoveRetiredCronJobsTest.php
No syntax errors detected in ./tests/Unit/Repair/BackfillFlowSemanticVersionsTest.php
No syntax errors detected in ./tests/Unit/Repair/MigrateNotificationSubscriptionsToUserConfigTest.php
No syntax errors detected in ./tests/Unit/Repair/RegisterRiskLevelMetadataTest.php
No syntax errors detected in ./tests/Unit/Repair/SeedFlowRunTriggerSubjectTest.php
No syntax errors detected in ./tests/Unit/Repair/BackfillFlowPagingTest.php
No syntax errors detected in ./tests/Unit/Repair/PurgePhantomMigratedFlowsTest.php
No syntax errors detected in ./tests/Unit/Repair/MigrateApprovalChainsToTasksTest.php
No syntax errors detected in ./tests/Unit/Repair/SeedTaskFixturesTest.php
No syntax errors detected in ./tests/Unit/Repair/FlowTimerRepairStepsTest.php
No syntax errors detected in ./tests/Unit/Repair/RechainAuditTrailForFlowAttributionTest.php
No syntax errors detected in ./tests/Unit/Repair/GrantExportWhereReadIsGrantedTest.php
No syntax errors detected in ./tests/Unit/Repair/RenameDutchColumnsTest.php
No syntax errors detected in ./tests/Unit/Repair/SeedDirectoryVirtualSchemasTest.php
No syntax errors detected in ./tests/Unit/Repair/SeedVocabularyRegisterTest.php
No syntax errors detected in ./tests/Unit/Repair/MigrateRegisterFlowsToTableTest.php
No syntax errors detected in ./tests/Unit/Event/ObjectSpecialEventsTest.php
No syntax errors detected in ./tests/Unit/Event/UserProfileUpdatedEventTest.php
No syntax errors detected in ./tests/Unit/Event/ActionEvaluatedEventTest.php
No syntax errors detected in ./tests/Unit/Event/ObjectStoppableEventsTest.php
No syntax errors detected in ./tests/Unit/Event/RegistrationEventsTest.php
No syntax errors detected in ./tests/Unit/Event/ObjectEventSubscriptionTest.php
No syntax errors detected in ./tests/Unit/Event/SimpleCrudEventsTest.php
No syntax errors detected in ./tests/Unit/Event/ReferenceValidationEventsTest.php
No syntax errors detected in ./tests/Unit/Event/AgentRunRequestedEventTest.php
No syntax errors detected in ./tests/Unit/Integration/NotifyPushEndToEndTest.php
No syntax errors detected in ./tests/Unit/Formats/UserFormatTest.php
No syntax errors detected in ./tests/Unit/Formats/BsnFormatTest.php
No syntax errors detected in ./tests/Unit/Formats/CronFormatTest.php
No syntax errors detected in ./tests/Unit/Formats/UuidFormatTest.php
No syntax errors detected in ./tests/Unit/AppInfo/AttributeMcpDiscoveryTest.php
No syntax errors detected in ./tests/Unit/AppInfo/PerAppMcpProbeCacheTest.php
No syntax errors detected in ./tests/Unit/AppInfo/Fixtures/GlobalOcServerStub.php
No syntax errors detected in ./tests/Unit/Dto/DeepLinkRegistrationTest.php
No syntax errors detected in ./tests/Unit/Dto/DeletionAnalysisTest.php
No syntax errors detected in ./tests/Unit/SearchControllerTest.php
No syntax errors detected in ./tests/Unit/Lifecycle/Action/SetFieldsActionTest.php
No syntax errors detected in ./tests/Unit/Mcp/AttributeToolScannerTest.php
No syntax errors detected in ./tests/Unit/Mcp/AttributeToolDualSurfaceTest.php
No syntax errors detected in ./tests/Unit/Mcp/BuiltIn/RegistersToolProviderTest.php
No syntax errors detected in ./tests/Unit/Mcp/BuiltIn/FlowMcpToolProviderTest.php
No syntax errors detected in ./tests/Unit/Mcp/BuiltIn/AttributeToolProviderTest.php
No syntax errors detected in ./tests/Unit/Mcp/BuiltIn/SchemasToolProviderTest.php
No syntax errors detected in ./tests/Unit/Mcp/BuiltIn/ObjectsToolProviderTest.php
No syntax errors detected in ./tests/Unit/Mcp/BuiltIn/SchemaDerivedToolProviderTest.php
No syntax errors detected in ./tests/Unit/Mcp/BuiltIn/IntegrationsToolProviderTest.php
No syntax errors detected in ./tests/Unit/Mcp/Attribute/McpToolTest.php
No syntax errors detected in ./tests/Unit/Mcp/Fixtures/ThrowingFixtureService.php
No syntax errors detected in ./tests/Unit/Mcp/Fixtures/HintScopeFixtureService.php
No syntax errors detected in ./tests/Unit/Mcp/Fixtures/CollidingFixtureService.php
No syntax errors detected in ./tests/Unit/Mcp/Fixtures/AttributeFixtureService.php
No syntax errors detected in ./tests/Unit/Mcp/SchemaDerivedDualSurfaceTest.php
No syntax errors detected in ./tests/Unit/Service/Wave12ConditionMatcherDotSyntaxTest.php
No syntax errors detected in ./tests/Unit/Service/DataMigrationTest.php
No syntax errors detected in ./tests/Unit/Service/SchemaDeletionServiceTest.php
No syntax errors detected in ./tests/Unit/Service/MigrationPack/MappingEngineTest.php
No syntax errors detected in ./tests/Unit/Service/MigrationPack/PackDefinitionValidatorTest.php
No syntax errors detected in ./tests/Unit/Service/UserServiceBranchCoverageTest.php
No syntax errors detected in ./tests/Unit/Service/SchemaServiceRefactoredMethodsTest.php
No syntax errors detected in ./tests/Unit/Service/ScheduledReportServiceEmailDeliveryTest.php
No syntax errors detected in ./tests/Unit/Service/ObjectServiceRunAsTest.php
No syntax errors detected in ./tests/Unit/Service/SessionCacheManagementTest.php
No syntax errors detected in ./tests/Unit/Service/Interaction/ViewHistoryServiceTest.php
No syntax errors detected in ./tests/Unit/Service/Interaction/SubstantiveChangeEvaluatorTest.php
No syntax errors detected in ./tests/Unit/Service/Interaction/FavouriteServiceTest.php
No syntax errors detected in ./tests/Unit/Service/Interaction/ReadStateServiceTest.php
No syntax errors detected in ./tests/Unit/Service/Interaction/WatcherServiceTest.php
No syntax errors detected in ./tests/Unit/Service/OperationsConsoleServiceTest.php
No syntax errors detected in ./tests/Unit/Service/RegisterDescriptorServiceTest.php
No syntax errors detected in ./tests/Unit/Service/PollLinkServiceTest.php
No syntax errors detected in ./tests/Unit/Service/EmailServiceTest.php
No syntax errors detected in ./tests/Unit/Service/Schema/PropertyConversionServiceTest.php
No syntax errors detected in ./tests/Unit/Service/Schema/SchemaObjectReaderTest.php
No syntax errors detected in ./tests/Unit/Service/Schema/SchemaDiffServiceTest.php
No syntax errors detected in ./tests/Unit/Service/Schema/SchemaMigrationServiceTest.php
No syntax errors detected in ./tests/Unit/Service/Schema/SchemaMigrationPlannerTest.php
No syntax errors detected in ./tests/Unit/Service/Schema/SchemaVersioningServiceTest.php
No syntax errors detected in ./tests/Unit/Service/SearchTrailServiceTest.php
No syntax errors detected in ./tests/Unit/Service/UploadServiceGapTest.php
No syntax errors detected in ./tests/Unit/Service/ObjectServiceRawAppendTest.php
No syntax errors detected in ./tests/Unit/Service/CaseTypeAuthorizationServiceTest.php
No syntax errors detected in ./tests/Unit/Service/ObjectHandlers/SaveObjectTest.php
No syntax errors detected in ./tests/Unit/Service/ObjectHandlers/SaveObjectCoverageTest.php
No syntax errors detected in ./tests/Unit/Service/ObjectHandlers/MetadataHydrationTranslatableNameTest.php
No syntax errors detected in ./tests/Unit/Service/ObjectHandlers/SaveObjectRefactoredMethodsTest.php
No syntax errors detected in ./tests/Unit/Service/ObjectHandlers/SaveObjectAdditionalTest.php
No syntax errors detected in ./tests/Unit/Service/ObjectHandlers/SaveObjectsRefactoredMethodsTest.php
No syntax errors detected in ./tests/Unit/Service/ObjectHandlers/SaveObjectFieldEncryptionTest.php
No syntax errors detected in ./tests/Unit/Service/ObjectHandlers/IntegratedFileUploadTest.php
No syntax errors detected in ./tests/Unit/Service/Oas/OasETagComputerTest.php
No syntax errors detected in ./tests/Unit/Service/Oas/OasValidationReportTest.php
No syntax errors detected in ./tests/Unit/Service/Oas/ProblemDetailsBuilderTest.php
No syntax errors detected in ./tests/Unit/Service/Oas/OasRequestValidatorTest.php
No syntax errors detected in ./tests/Unit/Service/VectorEmbeddingServiceTest.php
No syntax errors detected in ./tests/Unit/Service/RelationHandlerDeepTest.php
No syntax errors detected in ./tests/Unit/Service/BookmarkLinkServiceTest.php
No syntax errors detected in ./tests/Unit/Service/PersonLinkServiceTest.php
No syntax errors detected in ./tests/Unit/Service/LinkedEntityServiceTest.php
No syntax errors detected in ./tests/Unit/Service/WriteCauseTest.php
No syntax errors detected in ./tests/Unit/Service/OasServiceTest.php
No syntax errors detected in ./tests/Unit/Service/ScriptManifestLoaderTest.php
No syntax errors detected in ./tests/Unit/Service/Flow/FlowNextHintTest.php
No syntax errors detected in ./tests/Unit/Service/Flow/PublishedVersionDouble.php
No syntax errors detected in ./tests/Unit/Service/Flow/FlowNodeTaxonomyTest.php
No syntax errors detected in ./tests/Unit/Service/Flow/SubFlowNodeTokenTest.php
No syntax errors detected in ./tests/Unit/Service/Flow/UserTaskTypedPerformersTest.php
No syntax errors detected in ./tests/Unit/Service/Flow/SetFieldsNodeTest.php
No syntax errors detected in ./tests/Unit/Service/Flow/FlowNodePreflightTest.php
No syntax errors detected in ./tests/Unit/Service/Flow/FlowStateHandleTest.php
No syntax errors detected in ./tests/Unit/Service/Flow/FlowLocatorTest.php
No syntax errors detected in ./tests/Unit/Service/Flow/FlowDeadEndTest.php
No syntax errors detected in ./tests/Unit/Service/Flow/FlowEngineTest.php
No syntax errors detected in ./tests/Unit/Service/Flow/FlowOwnershipRequiredTest.php
No syntax errors detected in ./tests/Unit/Service/Flow/FlowStateNodeTest.php
No syntax errors detected in ./tests/Unit/Service/Flow/ObjectReadNodeTest.php
No syntax errors detected in ./tests/Unit/Service/Flow/FlowTaskBridgeTest.php
No syntax errors detected in ./tests/Unit/Service/Flow/LoopNodeTest.php
No syntax errors detected in ./tests/Unit/Service/Flow/UnlockObjectNodeTest.php
No syntax errors detected in ./tests/Unit/Service/Flow/FlowRunContextTest.php
No syntax errors detected in ./tests/Unit/Service/Flow/FlowMergeTest.php
No syntax errors detected in ./tests/Unit/Service/Flow/ExplodeNodeTest.php
No syntax errors detected in ./tests/Unit/Service/Flow/FlowRunAsScopeTest.php
No syntax errors detected in ./tests/Unit/Service/Flow/ObjectWriteNodeTest.php
No syntax errors detected in ./tests/Unit/Service/Flow/FlowNodeConfigVocabularyTest.php
No syntax errors detected in ./tests/Unit/Service/Flow/FlowTriggerServiceTest.php
No syntax errors detected in ./tests/Unit/Service/Flow/FlowMessagingEquivalenceTest.php
No syntax errors detected in ./tests/Unit/Service/Flow/FlowAccessTest.php
No syntax errors detected in ./tests/Unit/Service/Flow/UserTaskAttachToTest.php
No syntax errors detected in ./tests/Unit/Service/Flow/UserTaskCancellationPropagationTest.php
No syntax errors detected in ./tests/Unit/Service/Flow/FlowRunAssigneeTypedTest.php
No syntax errors detected in ./tests/Unit/Service/Flow/RegistryStepDispatcherRunAsTest.php
No syntax errors detected in ./tests/Unit/Service/Flow/FiltersFlowLevelFindings.php
No syntax errors detected in ./tests/Unit/Service/Flow/FlowRunAuthorizationTest.php
No syntax errors detected in ./tests/Unit/Service/Flow/FlowConcurrencyTest.php
No syntax errors detected in ./tests/Unit/Service/Flow/LockObjectNodeTest.php
No syntax errors detected in ./tests/Unit/Service/Flow/FlowItemsRefreshTest.php
No syntax errors detected in ./tests/Unit/Service/Flow/IterateNodeTest.php
No syntax errors detected in ./tests/Unit/Service/Flow/FlowRunServiceAdvanceStreamTest.php
No syntax errors detected in ./tests/Unit/Service/Flow/RegistryStepDispatcherResumeTest.php
No syntax errors detected in ./tests/Unit/Service/Flow/FlowSemanticVersionTest.php
No syntax errors detected in ./tests/Unit/Service/Flow/UserTaskNodeTest.php
No syntax errors detected in ./tests/Unit/Service/Flow/ObjectWritePayloadFromTest.php
No syntax errors detected in ./tests/Unit/Service/Flow/FlowRunRetryTest.php
No syntax errors detected in ./tests/Unit/Service/Flow/FlowApplicationSlugRoundTripTest.php
No syntax errors detected in ./tests/Unit/Service/Flow/FlowLifecycleGuardTest.php
No syntax errors detected in ./tests/Unit/Service/Flow/FlowTriggerValidatorTest.php
No syntax errors detected in ./tests/Unit/Service/Flow/MergeNodeTest.php
No syntax errors detected in ./tests/Unit/Service/Flow/FlowMessagingServiceTest.php
No syntax errors detected in ./tests/Unit/Service/Flow/FlowNodeRunsAsOwnerTest.php
No syntax errors detected in ./tests/Unit/Service/Flow/FlowEngineResumeScopeTest.php
No syntax errors detected in ./tests/Unit/Service/Flow/FlowValueTemplateTest.php
No syntax errors detected in ./tests/Unit/Service/Flow/FlowLocatorTriggerCutoverTest.php
No syntax errors detected in ./tests/Unit/Service/Flow/SetFieldsNodeTemplatedPathTest.php
No syntax errors detected in ./tests/Unit/Service/Flow/FlowDefinitionBuilderTest.php
No syntax errors detected in ./tests/Unit/Service/Flow/FlowTokenRouterEndpointsTest.php
No syntax errors detected in ./tests/Unit/Service/Flow/FlowDeleteCascadeTest.php
No syntax errors detected in ./tests/Unit/Service/Flow/FlowRunSubjectsTest.php
No syntax errors detected in ./tests/Unit/Service/Flow/PortalTaskNodeTest.php
No syntax errors detected in ./tests/Unit/Service/Flow/FlowTriggerExecutionModeTest.php
No syntax errors detected in ./tests/Unit/Service/Flow/FlowConsentParkingTest.php
No syntax errors detected in ./tests/Unit/Service/Flow/FlowNodeConfigContractsTest.php
No syntax errors detected in ./tests/Unit/Service/Flow/FlowTriggerDerivationTest.php
No syntax errors detected in ./tests/Unit/Service/Flow/UserTaskPerformersTest.php
No syntax errors detected in ./tests/Unit/Service/Flow/FlowEngineStreamWalkTest.php
No syntax errors detected in ./tests/Unit/Service/Flow/EndNodeTest.php
No syntax errors detected in ./tests/Unit/Service/Flow/FlowRunSubjectRecorderTest.php
No syntax errors detected in ./tests/Unit/Service/Flow/FlowScheduleServiceTest.php
No syntax errors detected in ./tests/Unit/Service/Flow/FlowRunAttributionTest.php
No syntax errors detected in ./tests/Unit/Service/Flow/FlowHeartbeatRecoveryTest.php
No syntax errors detected in ./tests/Unit/Service/Flow/FlowDefinitionPinTest.php
No syntax errors detected in ./tests/Unit/Service/Flow/MacroActionValidatorTest.php
No syntax errors detected in ./tests/Unit/Service/Flow/FlowRunSignalServiceTest.php
No syntax errors detected in ./tests/Unit/Service/Flow/SubFlowNodeTest.php
No syntax errors detected in ./tests/Unit/Service/Flow/FlowItemPlacementTest.php
No syntax errors detected in ./tests/Unit/Service/Flow/FlowNodeConfigDialectTest.php
No syntax errors detected in ./tests/Unit/Service/Flow/FlowPlaceClaimsTest.php
No syntax errors detected in ./tests/Unit/Service/Flow/FlowEngineBranchPruningTest.php
No syntax errors detected in ./tests/Unit/Service/Flow/FlowResumeStateTest.php
No syntax errors detected in ./tests/Unit/Service/Flow/AwaitSignalCorrelationTest.php
No syntax errors detected in ./tests/Unit/Service/Flow/FlowEntryAndExitTest.php
No syntax errors detected in ./tests/Unit/Service/Flow/FlowNodePreflightTriggerRefusalTest.php
No syntax errors detected in ./tests/Unit/Service/Flow/TriggerNodesTest.php
No syntax errors detected in ./tests/Unit/Service/Flow/EventCatalogServiceTest.php
No syntax errors detected in ./tests/Unit/Service/Flow/FlowTriggerIndexPublishedTest.php
No syntax errors detected in ./tests/Unit/Service/Flow/FlowNodeDeclaredTaxonomyTest.php
No syntax errors detected in ./tests/Unit/Service/Flow/FlowStreamWalkTest.php
No syntax errors detected in ./tests/Unit/Service/Flow/ObjectWriteNodeMetadataMatchTest.php
No syntax errors detected in ./tests/Unit/Service/Flow/FlowRunCommitTest.php
No syntax errors detected in ./tests/Unit/Service/Flow/FlowGraphDiffTest.php
No syntax errors detected in ./tests/Unit/Service/Flow/FlowNodePaletteIconsTest.php
No syntax errors detected in ./tests/Unit/Service/Flow/FlowRunServiceExecuteNodeTest.php
No syntax errors detected in ./tests/Unit/Service/Flow/AwaitSignalNodeTest.php
No syntax errors detected in ./tests/Unit/Service/Flow/Principal/PrincipalReferenceTest.php
No syntax errors detected in ./tests/Unit/Service/Flow/Principal/PrincipalResolverRegistryTest.php
No syntax errors detected in ./tests/Unit/Service/Flow/Principal/BuiltInResolversTest.php
No syntax errors detected in ./tests/Unit/Service/Flow/RouterNodeTest.php
No syntax errors detected in ./tests/Unit/Service/Flow/FlowVersionPreviewTest.php
No syntax errors detected in ./tests/Unit/Service/Flow/FlowStepHistoryTest.php
No syntax errors detected in ./tests/Unit/Service/Flow/FlowLogicTest.php
No syntax errors detected in ./tests/Unit/Service/Flow/FlowRunAssigneeTest.php
No syntax errors detected in ./tests/Unit/Service/Flow/SendMessagingNodesTest.php
No syntax errors detected in ./tests/Unit/Service/Flow/UserTaskConfigReadingTest.php
No syntax errors detected in ./tests/Unit/Service/Flow/FlowNodePreflightRegressionTest.php
No syntax errors detected in ./tests/Unit/Service/Flow/WaitNodeTest.php
No syntax errors detected in ./tests/Unit/Service/Flow/Timer/FlowTimerServiceTest.php
No syntax errors detected in ./tests/Unit/Service/Flow/Timer/ServiceHoursTest.php
No syntax errors detected in ./tests/Unit/Service/Flow/Timer/InMemoryTimerStore.php
No syntax errors detected in ./tests/Unit/Service/Flow/Timer/FlowTimerDefinitionStoreTest.php
No syntax errors detected in ./tests/Unit/Service/Flow/Timer/CalendarRecomputeTest.php
No syntax errors detected in ./tests/Unit/Service/Flow/Timer/ServiceHoursAreAdministeredTest.php
No syntax errors detected in ./tests/Unit/Service/Flow/Timer/FlowTimerSweepTest.php
No syntax errors detected in ./tests/Unit/Service/Flow/Timer/ElapsedBusinessHoursTest.php
No syntax errors detected in ./tests/Unit/Service/Flow/Timer/EscalationLadderServiceTest.php
No syntax errors detected in ./tests/Unit/Service/Flow/Timer/WorkingCalendarTest.php
No syntax errors detected in ./tests/Unit/Service/Flow/Timer/FlowTimerEdgeCasesTest.php
No syntax errors detected in ./tests/Unit/Service/Flow/Timer/WorkingCalendarYearBoundaryTest.php
No syntax errors detected in ./tests/Unit/Service/Flow/Timer/WorkingCalendarZoneTest.php
No syntax errors detected in ./tests/Unit/Service/Flow/Timer/SlaCalculatorTest.php
No syntax errors detected in ./tests/Unit/Service/Flow/Timer/TermDiagnosticTest.php
No syntax errors detected in ./tests/Unit/Service/Flow/FlowDelegationCheckTest.php
No syntax errors detected in ./tests/Unit/Service/Flow/FlowVersionPinningTest.php
No syntax errors detected in ./tests/Unit/Service/Flow/FlowEngineOversightTest.php
No syntax errors detected in ./tests/Unit/Service/Flow/Bpmn/BpmnSchemaProvenanceTest.php
No syntax errors detected in ./tests/Unit/Service/Flow/Bpmn/BpmnVocabularyAndReportTest.php
No syntax errors detected in ./tests/Unit/Service/Flow/Bpmn/FlowBpmnRoundTripTest.php
No syntax errors detected in ./tests/Unit/Service/Flow/Bpmn/BpmnSchemaValidationTest.php
No syntax errors detected in ./tests/Unit/Service/Flow/Bpmn/BpmnSchemaResolutionTest.php
No syntax errors detected in ./tests/Unit/Service/Flow/FlowExpressionTest.php
No syntax errors detected in ./tests/Unit/Service/Flow/FlowRunGuardTest.php
No syntax errors detected in ./tests/Unit/Service/Flow/FlowAdoptionTest.php
No syntax errors detected in ./tests/Unit/Service/Flow/FlowTriggerIdSlugMatchTest.php
No syntax errors detected in ./tests/Unit/Service/Flow/FlowCommentRoundTripTest.php
No syntax errors detected in ./tests/Unit/Service/Flow/FlowRunMarkingStoreDeltaTest.php
No syntax errors detected in ./tests/Unit/Service/Flow/Nodes/DecisionTableNodeTest.php
No syntax errors detected in ./tests/Unit/Service/Flow/Nodes/IterateNodeTest.php
No syntax errors detected in ./tests/Unit/Service/Flow/Nodes/MapNodeTest.php
No syntax errors detected in ./tests/Unit/Service/Flow/FlowNodeRegistryTest.php
No syntax errors detected in ./tests/Unit/Service/Flow/FlowOversightRegistryTest.php
No syntax errors detected in ./tests/Unit/Service/Flow/FlowTokenTest.php
No syntax errors detected in ./tests/Unit/Service/Flow/FlowTriggerIndexSlugNormalisationTest.php
No syntax errors detected in ./tests/Unit/Service/Flow/FlowNodeSubjectRecordingTest.php
No syntax errors detected in ./tests/Unit/Service/Flow/UserTaskAgentPerformerTest.php
No syntax errors detected in ./tests/Unit/Service/Flow/FlowTriggerSlugsTest.php
No syntax errors detected in ./tests/Unit/Service/Flow/FlowRunServiceTest.php
No syntax errors detected in ./tests/Unit/Service/Flow/FlowTaskMootnessTest.php
No syntax errors detected in ./tests/Unit/Service/Flow/FlowStreamTest.php
No syntax errors detected in ./tests/Unit/Service/Flow/FlowEngineAttributionTest.php
No syntax errors detected in ./tests/Unit/Service/Flow/FlowAdvanceBudgetTest.php
No syntax errors detected in ./tests/Unit/Service/Flow/FlowRunMigrationServiceTest.php
No syntax errors detected in ./tests/Unit/Service/Flow/RunLockReleaseTerminalityTest.php
No syntax errors detected in ./tests/Unit/Service/VectorizationServiceTest.php
No syntax errors detected in ./tests/Unit/Service/ImportServiceErrorsCsvTest.php
No syntax errors detected in ./tests/Unit/Service/AuditHashRepairTest.php
No syntax errors detected in ./tests/Unit/Service/ApiVersion/ApiVersionTest.php
No syntax errors detected in ./tests/Unit/Service/ApiVersion/ApiCapabilitiesServiceTest.php
No syntax errors detected in ./tests/Unit/Service/ApiVersion/ApiVersionNegotiatorTest.php
No syntax errors detected in ./tests/Unit/Service/ApiVersion/ApiVersionCatalogueTest.php
No syntax errors detected in ./tests/Unit/Service/ApiVersion/ApiContractServiceTest.php
No syntax errors detected in ./tests/Unit/Service/SharedSchema/SchemaTableMigratorTest.php
No syntax errors detected in ./tests/Unit/Service/SharedSchema/SchemaAttributionTest.php
No syntax errors detected in ./tests/Unit/Service/CollectiveLinkServiceTest.php
No syntax errors detected in ./tests/Unit/Service/SettingsServiceGapTest.php
No syntax errors detected in ./tests/Unit/Service/EmailLinkServiceTest.php
No syntax errors detected in ./tests/Unit/Service/ConditionMatcherGapTest.php
No syntax errors detected in ./tests/Unit/Service/DeepLinkRegistryServiceTest.php
No syntax errors detected in ./tests/Unit/Service/Integration/ActivityFeedServiceTest.php
No syntax errors detected in ./tests/Unit/Service/Integration/PaginatedResultTest.php
No syntax errors detected in ./tests/Unit/Service/Integration/BuiltinProvidersMetadataTest.php
No syntax errors detected in ./tests/Unit/Service/Integration/ExternalIntegrationRouterTest.php
No syntax errors detected in ./tests/Unit/Service/Integration/Providers/DeckProviderTest.php
No syntax errors detected in ./tests/Unit/Service/Integration/Providers/BookmarksProviderTest.php
No syntax errors detected in ./tests/Unit/Service/Integration/Providers/XwikiProviderTest.php
No syntax errors detected in ./tests/Unit/Service/Integration/Providers/BrpPersonProviderTest.php
No syntax errors detected in ./tests/Unit/Service/Integration/Providers/CalendarProviderTest.php
No syntax errors detected in ./tests/Unit/Service/Integration/Providers/SharesProviderTest.php
No syntax errors detected in ./tests/Unit/Service/Integration/Providers/CollectivesProviderTest.php
No syntax errors detected in ./tests/Unit/Service/Integration/Providers/MessageDispatchProviderTest.php
No syntax errors detected in ./tests/Unit/Service/Integration/Providers/OpenProjectProviderTest.php
No syntax errors detected in ./tests/Unit/Service/Integration/Providers/PollsProviderTest.php
No syntax errors detected in ./tests/Unit/Service/Integration/Providers/KvkProviderTest.php
No syntax errors detected in ./tests/Unit/Service/Integration/Providers/OpenCorporatesProviderTest.php
No syntax errors detected in ./tests/Unit/Service/Integration/Providers/ActivityProviderTest.php
No syntax errors detected in ./tests/Unit/Service/Integration/Providers/EmailProviderTest.php
No syntax errors detected in ./tests/Unit/Service/Integration/Providers/LeafProvidersMetadataTest.php
No syntax errors detected in ./tests/Unit/Service/Integration/Providers/TalkProviderTest.php
No syntax errors detected in ./tests/Unit/Service/Integration/ActivityFeedExportTest.php
No syntax errors detected in ./tests/Unit/Service/Integration/IntegrationMockModeTest.php
No syntax errors detected in ./tests/Unit/Service/Integration/AttachTargetFilterTest.php
No syntax errors detected in ./tests/Unit/Service/Integration/IntegrationRegistryTest.php
No syntax errors detected in ./tests/Unit/Service/Integration/QueryTimeContractTest.php
No syntax errors detected in ./tests/Unit/Service/Integration/BuiltinProviderDiFactoryTest.php
No syntax errors detected in ./tests/Unit/Service/Integration/PropertyReferenceTypeValidatorTest.php
No syntax errors detected in ./tests/Unit/Service/Integration/ContactCasesPanelTest.php
No syntax errors detected in ./tests/Unit/Service/Integration/ExternalRegisterDegradeTest.php
No syntax errors detected in ./tests/Unit/Service/Integration/ActivityFeedMergeTest.php
No syntax errors detected in ./tests/Unit/Service/Integration/LeafRegistryTest.php
No syntax errors detected in ./tests/Unit/Service/Integration/AbstractIntegrationProviderTest.php
No syntax errors detected in ./tests/Unit/Service/Integration/TimeProviderTest.php
No syntax errors detected in ./tests/Unit/Service/Integration/IntegrationProviderTest.php
No syntax errors detected in ./tests/Unit/Service/Integration/LeafDescriptorTest.php
No syntax errors detected in ./tests/Unit/Service/Integration/ContactCasesResolverTest.php
No syntax errors detected in ./tests/Unit/Service/ObjectServiceBulkDeleteTest.php
No syntax errors detected in ./tests/Unit/Service/ScheduledReportServiceProfileRunTest.php
No syntax errors detected in ./tests/Unit/Service/Object/PermissionHandlerAuthorizationCacheTest.php
No syntax errors detected in ./tests/Unit/Service/Object/SaveObjectsBranchCoverageTest.php
No syntax errors detected in ./tests/Unit/Service/Object/SearchQueryHandlerObjectSourceFilterTest.php
No syntax errors detected in ./tests/Unit/Service/Object/RenderObjectCoverageTest.php
No syntax errors detected in ./tests/Unit/Service/Object/SaveObjectsResultClassificationTest.php
No syntax errors detected in ./tests/Unit/Service/Object/LockHandlerReleaseReportTest.php
No syntax errors detected in ./tests/Unit/Service/Object/CacheHandlerNameScopePolicyTest.php
No syntax errors detected in ./tests/Unit/Service/Object/DeleteObjectScopedTest.php
No syntax errors detected in ./tests/Unit/Service/Object/LifecycleSeedOnCreateTest.php
No syntax errors detected in ./tests/Unit/Service/Object/PermissionHandlerMcpScopeSecurityTest.php
No syntax errors detected in ./tests/Unit/Service/Object/SaveObjectTest.php
No syntax errors detected in ./tests/Unit/Service/Object/SearchQueryHandlerFilterSpellingTest.php
No syntax errors detected in ./tests/Unit/Service/Object/CacheHandlerBranchCoverageTest.php
No syntax errors detected in ./tests/Unit/Service/Object/SaveObjectStreamingOutcomeTest.php
No syntax errors detected in ./tests/Unit/Service/Object/CacheHandlerCoverageTest.php
No syntax errors detected in ./tests/Unit/Service/Object/PermissionHandlerZaaktypeTest.php
No syntax errors detected in ./tests/Unit/Service/Object/ValidateObjectArrayRefTest.php
No syntax errors detected in ./tests/Unit/Service/Object/ViewScopeApplierTest.php
No syntax errors detected in ./tests/Unit/Service/Object/LockHandlerAdvisoryTest.php
No syntax errors detected in ./tests/Unit/Service/Object/RelationHandlerLabelsTest.php
No syntax errors detected in ./tests/Unit/Service/Object/PermissionHandlerTokenCeilingTest.php
No syntax errors detected in ./tests/Unit/Service/Object/RenderObjectTest.php
No syntax errors detected in ./tests/Unit/Service/Object/PermissionHandlerCacheTest.php
No syntax errors detected in ./tests/Unit/Service/Object/ValidateObjectUnusableRefTest.php
No syntax errors detected in ./tests/Unit/Service/Object/DeleteObjectTest.php
No syntax errors detected in ./tests/Unit/Service/Object/ReferentialIntegrityBatchCascadeTest.php
No syntax errors detected in ./tests/Unit/Service/Object/SaveObjectsBulkSideEffectsTest.php
No syntax errors detected in ./tests/Unit/Service/Object/PermissionHandlerDerivedAndScopedTest.php
No syntax errors detected in ./tests/Unit/Service/Object/ConflictReportTest.php
No syntax errors detected in ./tests/Unit/Service/Object/ValidateObjectTest.php
No syntax errors detected in ./tests/Unit/Service/Object/SaveObjectRetentionResolutionTest.php
No syntax errors detected in ./tests/Unit/Service/Object/RelationHandlerTest.php
No syntax errors detected in ./tests/Unit/Service/Object/SaveObjectCircularReferenceTest.php
No syntax errors detected in ./tests/Unit/Service/Object/ValidateObjectCoverageTest.php
No syntax errors detected in ./tests/Unit/Service/Object/PermissionHandlerActionEventTest.php
No syntax errors detected in ./tests/Unit/Service/Object/QueryHandlerContentSearchTest.php
No syntax errors detected in ./tests/Unit/Service/Object/SearchTrailDeferralTest.php
No syntax errors detected in ./tests/Unit/Service/Object/Wave12PermissionHandlerDefaultClosedTest.php
No syntax errors detected in ./tests/Unit/Service/Object/ContentSearchHandlerTest.php
No syntax errors detected in ./tests/Unit/Service/Object/SearchQueryHandlerWatchingLensTest.php
No syntax errors detected in ./tests/Unit/Service/Object/RenderObjectLanguageMetaTest.php
No syntax errors detected in ./tests/Unit/Service/Object/ValidateObjectBranchCoverageTest.php
No syntax errors detected in ./tests/Unit/Service/Object/SearchQueryHandlerPersonalLensesTest.php
No syntax errors detected in ./tests/Unit/Service/Object/SaveObjectArchiveGuardTest.php
No syntax errors detected in ./tests/Unit/Service/Object/SaveObjectWriteOnlyPreserveTest.php
No syntax errors detected in ./tests/Unit/Service/Object/ObjectVersionHandlerTest.php
No syntax errors detected in ./tests/Unit/Service/Object/SaveObjectsMetadataCollisionTest.php
No syntax errors detected in ./tests/Unit/Service/Object/PermissionHandlerDenyTest.php
No syntax errors detected in ./tests/Unit/Service/Object/CacheHandlerTenantScopeTest.php
No syntax errors detected in ./tests/Unit/Service/Object/ReferentialIntegrityArchivalCascadeTest.php
No syntax errors detected in ./tests/Unit/Service/Object/MoveObjectTest.php
No syntax errors detected in ./tests/Unit/Service/Object/CacheHandlerTest.php
No syntax errors detected in ./tests/Unit/Service/Object/PermissionHandlerRbacTest.php
No syntax errors detected in ./tests/Unit/Service/Object/PermissionHandlerPermittedActionsTest.php
No syntax errors detected in ./tests/Unit/Service/Object/RepeatingGroupValidatorTest.php
No syntax errors detected in ./tests/Unit/Service/Object/ViewScopeApplierSearchMergeTest.php
No syntax errors detected in ./tests/Unit/Service/Object/SearchReferenceResolutionTest.php
No syntax errors detected in ./tests/Unit/Service/Object/FacetFreshnessTest.php
No syntax errors detected in ./tests/Unit/Service/Object/RenderObjectWriteOnlyRedactionTest.php
No syntax errors detected in ./tests/Unit/Service/Object/SaveObjectsTest.php
No syntax errors detected in ./tests/Unit/Service/Object/PermissionHandlerTransitionAuthTest.php
No syntax errors detected in ./tests/Unit/Service/Object/SaveObject/FilePropertyHandlerTest.php
No syntax errors detected in ./tests/Unit/Service/Object/QueryHandlerLimitClampTest.php
No syntax errors detected in ./tests/Unit/Service/Object/LockHandlerRunLockTest.php
No syntax errors detected in ./tests/Unit/Service/Object/FacetCacheVersionTest.php
No syntax errors detected in ./tests/Unit/Service/Object/SaveObjectSystemOwnerTest.php
No syntax errors detected in ./tests/Unit/Service/Object/ValidateObjectImmutableTest.php
No syntax errors detected in ./tests/Unit/Service/Object/DeleteObjectBatchCascadeTest.php
No syntax errors detected in ./tests/Unit/Service/Object/PermissionHandlerBulkDeleteLookupTest.php
No syntax errors detected in ./tests/Unit/Service/Object/SaveObjectsSystemOperationTest.php
No syntax errors detected in ./tests/Unit/Service/Object/PermissionHandlerCustomScopeTest.php
No syntax errors detected in ./tests/Unit/Service/Object/SchemaTypeConverterTest.php
No syntax errors detected in ./tests/Unit/Service/Object/SearchQueryHandlerUnreadLensTest.php
No syntax errors detected in ./tests/Unit/Service/Object/ReferentialIntegrityIndexCacheTest.php
No syntax errors detected in ./tests/Unit/Service/Object/SaveObjectReferenceValidationTest.php
No syntax errors detected in ./tests/Unit/Service/Object/ValidateObjectMemoizationTest.php
No syntax errors detected in ./tests/Unit/Service/Object/PermissionHandlerMcpScopeTest.php
No syntax errors detected in ./tests/Unit/Service/Object/SaveObjectTablesReadOnlyGuardTest.php
No syntax errors detected in ./tests/Unit/Service/Object/SaveObjectDeepTest.php
No syntax errors detected in ./tests/Unit/Service/Object/RenderObjectFieldEncryptionTest.php
No syntax errors detected in ./tests/Unit/Service/Object/PermissionHandlerFailClosedTest.php
No syntax errors detected in ./tests/Unit/Service/Object/SaveObjectDispatchTest.php
No syntax errors detected in ./tests/Unit/Service/Object/RelationDetectionTraitTest.php
No syntax errors detected in ./tests/Unit/Service/Object/PermissionHandlerDenyOverGrantChainTest.php
No syntax errors detected in ./tests/Unit/Service/Object/RunLockRegistryTest.php
No syntax errors detected in ./tests/Unit/Service/Object/Wave12ReadOnlyEnforcementTest.php
No syntax errors detected in ./tests/Unit/Service/Object/NotSuppliedHandlerTest.php
No syntax errors detected in ./tests/Unit/Service/Object/ReferentialIntegrityServiceBranchTest.php
No syntax errors detected in ./tests/Unit/Service/Object/RenderObjectDeepTest.php
No syntax errors detected in ./tests/Unit/Service/Object/MetadataHandlerTest.php
No syntax errors detected in ./tests/Unit/Service/Object/ReferentialIntegrityServiceTest.php
No syntax errors detected in ./tests/Unit/Service/Object/TranslationHandlerTargetLanguageTest.php
No syntax errors detected in ./tests/Unit/Service/Object/PermissionHandlerInheritFromPublicTest.php
No syntax errors detected in ./tests/Unit/Service/Object/Wave12BulkSafeguardsTest.php
No syntax errors detected in ./tests/Unit/Service/Object/ArchiveHandlerTest.php
No syntax errors detected in ./tests/Unit/Service/Object/SaveObjectKeyOrderPreserveTest.php
No syntax errors detected in ./tests/Unit/Service/Object/PermissionHandlerRoleHierarchyTest.php
No syntax errors detected in ./tests/Unit/Service/Object/RenderObjectSourceRefTest.php
No syntax errors detected in ./tests/Unit/Service/Object/RenderObjectNestedWriteOnlyPathsTest.php
No syntax errors detected in ./tests/Unit/Service/AppendOnlyTest.php
No syntax errors detected in ./tests/Unit/Service/AuthenticationServiceGapTest.php
No syntax errors detected in ./tests/Unit/Service/Configuration/ImportHandlerRegisterSchemaLinkOnVersionSkipTest.php
No syntax errors detected in ./tests/Unit/Service/Configuration/PreviewHandlerTest.php
No syntax errors detected in ./tests/Unit/Service/Configuration/GitHubGuardsTest.php
No syntax errors detected in ./tests/Unit/Service/Configuration/ImportHandlerResilienceTest.php
No syntax errors detected in ./tests/Unit/Service/Configuration/ImportHandlerRefResolverTest.php
No syntax errors detected in ./tests/Unit/Service/Configuration/ImportHandlerTest.php
No syntax errors detected in ./tests/Unit/Service/Configuration/ImportHandlerSchemaMapRestoreTest.php
No syntax errors detected in ./tests/Unit/Service/Configuration/ImportHandlerSchemaContentDiffTest.php
No syntax errors detected in ./tests/Unit/Service/Configuration/ImportHandlerCoverageTest.php
No syntax errors detected in ./tests/Unit/Service/Configuration/ImportHandlerSeedRelatedItemsTest.php
No syntax errors detected in ./tests/Unit/Service/Configuration/UploadHandlerTest.php
No syntax errors detected in ./tests/Unit/Service/Configuration/RateLimiterServiceTest.php
No syntax errors detected in ./tests/Unit/Service/Configuration/CacheHandlerTest.php
No syntax errors detected in ./tests/Unit/Service/Configuration/FetchHandlerTest.php
No syntax errors detected in ./tests/Unit/Service/Configuration/ImportHandlerSluglessSkipTest.php
No syntax errors detected in ./tests/Unit/Service/Configuration/AttributionFormatterTest.php
No syntax errors detected in ./tests/Unit/Service/Configuration/GitHubHandlerTest.php
No syntax errors detected in ./tests/Unit/Service/Configuration/ExportHandlerDeclaredScopesTest.php
No syntax errors detected in ./tests/Unit/Service/Configuration/ImportHandlerPerRegisterSlugUniquenessTest.php
No syntax errors detected in ./tests/Unit/Service/Configuration/ExportHandlerTest.php
No syntax errors detected in ./tests/Unit/Service/Configuration/GitHubRequestValidatorTest.php
No syntax errors detected in ./tests/Unit/Service/Configuration/ImportHandlerApplicationTypeTest.php
No syntax errors detected in ./tests/Unit/Service/Configuration/ImportHandlerMagicTableSyncTest.php
No syntax errors detected in ./tests/Unit/Service/RiskLevelServiceTest.php
No syntax errors detected in ./tests/Unit/Service/TaskServiceProjectionTest.php
No syntax errors detected in ./tests/Unit/Service/DateTimeNormalizerTest.php
No syntax errors detected in ./tests/Unit/Service/SystemOperationContextBoundaryTest.php
No syntax errors detected in ./tests/Unit/Service/ConfidentialityClauseEnforcementTest.php
No syntax errors detected in ./tests/Unit/Service/XwikiLinkServiceTest.php
No syntax errors detected in ./tests/Unit/Service/DeckLinkServiceTest.php
No syntax errors detected in ./tests/Unit/Service/ImportServiceRegisterAutoCreateTest.php
No syntax errors detected in ./tests/Unit/Service/AuditHashChainConsistencyTest.php
No syntax errors detected in ./tests/Unit/Service/SchemaServiceCoverageTest.php
No syntax errors detected in ./tests/Unit/Service/ObjectServiceMapperAdapterTest.php
No syntax errors detected in ./tests/Unit/Service/ActiveOrganisationManagementTest.php
No syntax errors detected in ./tests/Unit/Service/EntityOrganisationAssignmentTest.php
No syntax errors detected in ./tests/Unit/Service/SchemaShapeExposureTest.php
No syntax errors detected in ./tests/Unit/Service/ContactServiceTest.php
No syntax errors detected in ./tests/Unit/Service/View/ViewAlertTest.php
No syntax errors detected in ./tests/Unit/Service/Formats/SemVerFormatTest.php
No syntax errors detected in ./tests/Unit/Service/Formats/ExtendedFieldTypeValidatorTest.php
No syntax errors detected in ./tests/Unit/Service/Formats/Iso8601DateTimeFormatTest.php
No syntax errors detected in ./tests/Unit/Service/OpenProjectLinkServiceTest.php
No syntax errors detected in ./tests/Unit/Service/SemanticTypeResolverTest.php
No syntax errors detected in ./tests/Unit/Service/ActiveOrganisationFollowsMergeTest.php
No syntax errors detected in ./tests/Unit/Service/ActiveOrganisationCachingTest.php
No syntax errors detected in ./tests/Unit/Service/ImportServiceMigrationPackTest.php
No syntax errors detected in ./tests/Unit/Service/Archival/AnonymisationTest.php
No syntax errors detected in ./tests/Unit/Service/Archival/ArchivalRetentionGuardTest.php
No syntax errors detected in ./tests/Unit/Service/Archival/ArchivalAnnotationValidatorTest.php
No syntax errors detected in ./tests/Unit/Service/Archival/ArchivalProcessFactsTest.php
No syntax errors detected in ./tests/Unit/Service/Archival/AnonymisationSweepTest.php
No syntax errors detected in ./tests/Unit/Service/Archival/UnestablishedValuesTest.php
No syntax errors detected in ./tests/Unit/Service/Archival/ArchivalDeclarationReaderActionTest.php
No syntax errors detected in ./tests/Unit/Service/Archival/DestructionServiceTest.php
No syntax errors detected in ./tests/Unit/Service/Archival/ReviewOutcomeServiceTest.php
No syntax errors detected in ./tests/Unit/Service/Archival/AuditDiffRedactionTest.php
No syntax errors detected in ./tests/Unit/Service/Archival/DestructionReviewServiceTest.php
No syntax errors detected in ./tests/Unit/Service/Archival/AnonymisationRunTest.php
No syntax errors detected in ./tests/Unit/Service/Archival/RetentionEvaluatorTest.php
No syntax errors detected in ./tests/Unit/Service/Archival/ArchivalNominationServiceTest.php
No syntax errors detected in ./tests/Unit/Service/Archival/SelectielijstImportServiceTest.php
No syntax errors detected in ./tests/Unit/Service/Archival/ElementMappingValidatorTest.php
No syntax errors detected in ./tests/Unit/Service/Archival/MdtoMappingResolverTest.php
No syntax errors detected in ./tests/Unit/Service/Archival/DestructionWithholdingTest.php
No syntax errors detected in ./tests/Unit/Service/Archival/LegalHoldServiceTest.php
No syntax errors detected in ./tests/Unit/Service/Archival/ArchivalDeleteGateTest.php
No syntax errors detected in ./tests/Unit/Service/Archival/RetentionConditionEvaluatorTest.php
No syntax errors detected in ./tests/Unit/Service/Archival/DestructionCertificateContentTest.php
No syntax errors detected in ./tests/Unit/Service/Archival/ArchivalDecisionResolverTest.php
No syntax errors detected in ./tests/Unit/Service/TalkLinkServiceTest.php
No syntax errors detected in ./tests/Unit/Service/PropertyRbacHandlerStateRulesTest.php
No syntax errors detected in ./tests/Unit/Service/AuditChainTombstoneTest.php
No syntax errors detected in ./tests/Unit/Service/UserOrganisationRelationshipTest.php
No syntax errors detected in ./tests/Unit/Service/UserServiceAccountPropertyCreationTest.php
No syntax errors detected in ./tests/Unit/Service/Survey/SurveyRulesTest.php
No syntax errors detected in ./tests/Unit/Service/CalendarLinkServiceTest.php
No syntax errors detected in ./tests/Unit/Service/ObjectServiceUpdateVersusPatchTest.php
No syntax errors detected in ./tests/Unit/Service/TextExtraction/PdfExtractorTest.php
No syntax errors detected in ./tests/Unit/Service/TextExtraction/ObjectHandlerTest.php
No syntax errors detected in ./tests/Unit/Service/TextExtraction/EntityRecognitionHandlerTest.php
No syntax errors detected in ./tests/Unit/Service/TextExtraction/WordExtractorTest.php
No syntax errors detected in ./tests/Unit/Service/TextExtraction/SpreadsheetExtractorTest.php
No syntax errors detected in ./tests/Unit/Service/TextExtraction/EntityRecognitionHandlerCoverageTest.php
No syntax errors detected in ./tests/Unit/Service/TextExtraction/EmlParserTest.php
No syntax errors detected in ./tests/Unit/Service/TextExtraction/EntityRecognitionHandlerBranchTest.php
No syntax errors detected in ./tests/Unit/Service/ReferentialIntegrityServiceCoverageTest.php
No syntax errors detected in ./tests/Unit/Service/Handoff/HandoffContractBindingValidatorTest.php
No syntax errors detected in ./tests/Unit/Service/Handoff/HandoffServiceTest.php
No syntax errors detected in ./tests/Unit/Service/Handoff/HandoffMappingEvaluatorTest.php
No syntax errors detected in ./tests/Unit/Service/Handoff/HandoffAnnotationValidatorTest.php
No syntax errors detected in ./tests/Unit/Service/Handoff/HandoffKindContractsTest.php
No syntax errors detected in ./tests/Unit/Service/CalendarEventServiceTest.php
No syntax errors detected in ./tests/Unit/Service/ObjectServicePatchObjectTest.php
No syntax errors detected in ./tests/Unit/Service/Aggregation/AggregationNarrowingFilterTest.php
No syntax errors detected in ./tests/Unit/Service/Aggregation/AggregationRegisterScopeTest.php
No syntax errors detected in ./tests/Unit/Service/Aggregation/MetricExpressionEvaluatorTest.php
No syntax errors detected in ./tests/Unit/Service/Aggregation/TimeseriesRequestValidatorTest.php
No syntax errors detected in ./tests/Unit/Service/Aggregation/AggregationAnnotationValidatorTest.php
No syntax errors detected in ./tests/Unit/Service/Aggregation/AggregationRunnerMultiFieldGroupByTest.php
No syntax errors detected in ./tests/Unit/Service/Aggregation/AggregationCacheScopeTest.php
No syntax errors detected in ./tests/Unit/Service/Aggregation/AggregationRunnerNativeBucketTest.php
No syntax errors detected in ./tests/Unit/Service/Aggregation/AggregationRunnerMultiMetricTest.php
No syntax errors detected in ./tests/Unit/Service/Aggregation/WidgetAnnotationValidatorTest.php
No syntax errors detected in ./tests/Unit/Service/Aggregation/AggregationQueryTest.php
No syntax errors detected in ./tests/Unit/Service/Aggregation/AggregationCacheTest.php
No syntax errors detected in ./tests/Unit/Service/Aggregation/ThresholdEvaluationServiceTest.php
No syntax errors detected in ./tests/Unit/Service/Aggregation/AggregationRunnerArchiveDefaultTest.php
No syntax errors detected in ./tests/Unit/Service/Aggregation/CrossSchemaAggregationRunnerTest.php
No syntax errors detected in ./tests/Unit/Service/Aggregation/AggregationRunnerCumulativeTest.php
No syntax errors detected in ./tests/Unit/Service/Aggregation/AggregationJoinAndCompositeGroupByTest.php
No syntax errors detected in ./tests/Unit/Service/Aggregation/AggregationRunnerAdhocCacheTest.php
No syntax errors detected in ./tests/Unit/Service/Aggregation/AggregationRunnerTest.php
No syntax errors detected in ./tests/Unit/Service/Aggregation/AggregationRunnerMultiValueFilterTest.php
No syntax errors detected in ./tests/Unit/Service/Aggregation/AggregationAnnotationMetricsTest.php
No syntax errors detected in ./tests/Unit/Service/ApplicationServiceTest.php
No syntax errors detected in ./tests/Unit/Service/ProcessingLogServiceTest.php
No syntax errors detected in ./tests/Unit/Service/Case/CasePlanStateMachineTest.php
No syntax errors detected in ./tests/Unit/Service/Case/FakeCaseItemMapper.php
No syntax errors detected in ./tests/Unit/Service/Case/CasePlanTreeTest.php
No syntax errors detected in ./tests/Unit/Service/Case/CasePlanServiceTest.php
No syntax errors detected in ./tests/Unit/Service/Case/CaseSentryEvaluatorTest.php
No syntax errors detected in ./tests/Unit/Service/Case/CasePlanDefinitionTest.php
No syntax errors detected in ./tests/Unit/Service/Case/CasePlanAuthorizationServiceTest.php
No syntax errors detected in ./tests/Unit/Service/Case/RecordingAuditMapper.php
No syntax errors detected in ./tests/Unit/Service/Case/CaseAnchorAndWriterTest.php
No syntax errors detected in ./tests/Unit/Service/Case/CaseFixtures.php
No syntax errors detected in ./tests/Unit/Service/Case/CasePlanCascadeTest.php
No syntax errors detected in ./tests/Unit/Service/Case/CaseRealisationServiceTest.php
No syntax errors detected in ./tests/Unit/Service/Case/CasePlanTransitionsTest.php
No syntax errors detected in ./tests/Unit/Service/Case/ZaaktypeCaseSkeletonMapperTest.php
No syntax errors detected in ./tests/Unit/Service/SchemaApplicationMigratorTest.php
No syntax errors detected in ./tests/Unit/Service/MigrationServiceTest.php
No syntax errors detected in ./tests/Unit/Service/RegisterSchemaLinkageRepairServiceTest.php
No syntax errors detected in ./tests/Unit/Service/PhotoLinkServiceTest.php
No syntax errors detected in ./tests/Unit/Service/Rbac/GrantConstraintsTest.php
No syntax errors detected in ./tests/Unit/Service/Rbac/ObjectScopeResolverTest.php
No syntax errors detected in ./tests/Unit/Service/Rbac/DenyResolverTest.php
No syntax errors detected in ./tests/Unit/Service/Rbac/SettingsChangeAuditorTest.php
No syntax errors detected in ./tests/Unit/Service/Rbac/ProvenanceResolverTest.php
No syntax errors detected in ./tests/Unit/Service/Rbac/HierarchyAndMatrixReachTheirCallersTest.php
No syntax errors detected in ./tests/Unit/Service/Rbac/ViewerReachResolverTest.php
No syntax errors detected in ./tests/Unit/Service/Rbac/DerivedGrantResolverTest.php
No syntax errors detected in ./tests/Unit/Service/Rbac/AggregateVisibilityTest.php
No syntax errors detected in ./tests/Unit/Service/Rbac/DerivedGrantStoreTest.php
No syntax errors detected in ./tests/Unit/Service/Rbac/PermissionReportScopeTest.php
No syntax errors detected in ./tests/Unit/Service/Rbac/DenyEnforcementModeTest.php
No syntax errors detected in ./tests/Unit/Service/Rbac/FederatedPrincipalVocabularyTest.php
No syntax errors detected in ./tests/Unit/Service/Rbac/RevealFlusherTest.php
No syntax errors detected in ./tests/Unit/Service/Rbac/HierarchyGrantExpanderTest.php
No syntax errors detected in ./tests/Unit/Service/Rbac/PrincipalReachServiceTest.php
No syntax errors detected in ./tests/Unit/Service/Rbac/ObjectPermissionsResolverTest.php
No syntax errors detected in ./tests/Unit/Service/Rbac/PermissionCatalogueTest.php
No syntax errors detected in ./tests/Unit/Service/Rbac/SaveTimeRefusalsInEveryModeTest.php
No syntax errors detected in ./tests/Unit/Service/Rbac/HierarchyAnnotationValidatorTest.php
No syntax errors detected in ./tests/Unit/Service/Rbac/ExternalGrantGuardTest.php
No syntax errors detected in ./tests/Unit/Service/Rbac/ReachRevocationServiceTest.php
No syntax errors detected in ./tests/Unit/Service/Rbac/ObjectAccessHistoryTest.php
No syntax errors detected in ./tests/Unit/Service/Rbac/TokenGrantTest.php
No syntax errors detected in ./tests/Unit/Service/Rbac/AuthorizationDenyValidatorTest.php
No syntax errors detected in ./tests/Unit/Service/Rbac/DepartmentMatrixCompilerTest.php
No syntax errors detected in ./tests/Unit/Service/Rbac/AdminGateTest.php
No syntax errors detected in ./tests/Unit/Service/Rbac/RevealCollectorTest.php
No syntax errors detected in ./tests/Unit/Service/Rbac/ViewShareResolverTest.php
No syntax errors detected in ./tests/Unit/Service/Rbac/AnEmptyRuleListMeansOneThingTest.php
No syntax errors detected in ./tests/Unit/Service/FormLinkServiceTest.php
No syntax errors detected in ./tests/Unit/Service/Lifecycle/LifecycleActionProviderRegistryTest.php
No syntax errors detected in ./tests/Unit/Service/Lifecycle/TransitionEngineGraphTest.php
No syntax errors detected in ./tests/Unit/Service/Lifecycle/AutoTransitionPassTest.php
No syntax errors detected in ./tests/Unit/Service/Lifecycle/TransitionEngineInputsTest.php
No syntax errors detected in ./tests/Unit/Service/Lifecycle/LifecycleActionRegistryTest.php
No syntax errors detected in ./tests/Unit/Service/Lifecycle/LifecycleActionExecutorTest.php
No syntax errors detected in ./tests/Unit/Service/Lifecycle/LifecycleFinalStateResolverTest.php
No syntax errors detected in ./tests/Unit/Service/Lifecycle/TransitionEngineProviderTest.php
No syntax errors detected in ./tests/Unit/Service/Lifecycle/LifecycleTransitionResolverTest.php
No syntax errors detected in ./tests/Unit/Service/Lifecycle/LifecycleAutoWhenValidationTest.php
No syntax errors detected in ./tests/Unit/Service/Lifecycle/StateFieldRuleResolverTest.php
No syntax errors detected in ./tests/Unit/Service/Lifecycle/AutoTransitionRunnerTest.php
No syntax errors detected in ./tests/Unit/Service/Lifecycle/LifecycleConditionEvaluatorHoldsTest.php
No syntax errors detected in ./tests/Unit/Service/Lifecycle/StateConditionEvaluatorTest.php
No syntax errors detected in ./tests/Unit/Service/Lifecycle/LifecycleAnnotationValidatorTest.php
No syntax errors detected in ./tests/Unit/Service/Lifecycle/TransitionEngineProviderWriteTest.php
No syntax errors detected in ./tests/Unit/Service/Lifecycle/LifecycleStateFieldValidationTest.php
No syntax errors detected in ./tests/Unit/Service/Lifecycle/TransitionEngineSlugContractTest.php
No syntax errors detected in ./tests/Unit/Service/Lifecycle/AutoTransitionSelectorTest.php
No syntax errors detected in ./tests/Unit/Service/Lifecycle/TransitionEngineActionContextTest.php
No syntax errors detected in ./tests/Unit/Service/ObjectRelationCleanupServiceTest.php
No syntax errors detected in ./tests/Unit/Service/MigrationPackServiceTest.php
No syntax errors detected in ./tests/Unit/Service/Party/PartyIndicatorGuardTest.php
No syntax errors detected in ./tests/Unit/Service/Party/PartyServiceTest.php
No syntax errors detected in ./tests/Unit/Service/Party/PartySearchServiceTest.php
No syntax errors detected in ./tests/Unit/Service/Party/PartyDeclarationTest.php
No syntax errors detected in ./tests/Unit/Service/Party/PartyNotificationServiceTest.php
No syntax errors detected in ./tests/Unit/Service/Party/PartyRoleServiceTest.php
No syntax errors detected in ./tests/Unit/Service/Mcp/McpAnnotationValidatorTest.php
No syntax errors detected in ./tests/Unit/Service/Mcp/ToolRegistryFacadeTest.php
No syntax errors detected in ./tests/Unit/Service/Mcp/McpResourcesServiceTest.php
No syntax errors detected in ./tests/Unit/Service/Mcp/McpProtocolServiceTest.php
No syntax errors detected in ./tests/Unit/Service/Mcp/McpToolsServiceTest.php
No syntax errors detected in ./tests/Unit/Service/ScheduledReportServiceRecipientsValidationTest.php
No syntax errors detected in ./tests/Unit/Service/ConfigurationDeployment/ConfigurationValueStoreTest.php
No syntax errors detected in ./tests/Unit/Service/ConfigurationDeployment/DeploymentServiceTest.php
No syntax errors detected in ./tests/Unit/Service/ConfigurationDeployment/ConfigurationExplainerTest.php
No syntax errors detected in ./tests/Unit/Service/ConfigurationDeployment/ConfigurationDraftServiceTest.php
No syntax errors detected in ./tests/Unit/Service/ConfigurationDeployment/DeploymentPreviewServiceTest.php
No syntax errors detected in ./tests/Unit/Service/OrganisationCrudTest.php
No syntax errors detected in ./tests/Unit/Service/WellKnown/SecurityTxtBuilderTest.php
No syntax errors detected in ./tests/Unit/Service/WebhookAsyncDispatchTest.php
No syntax errors detected in ./tests/Unit/Service/ObjectServiceTest.php
No syntax errors detected in ./tests/Unit/Service/TmloServiceTest.php
No syntax errors detected in ./tests/Unit/Service/UploadServiceTest.php
No syntax errors detected in ./tests/Unit/Service/PropertyRbacHandlerTest.php
No syntax errors detected in ./tests/Unit/Service/Gdpr/DpiaPatternDetectionServiceTest.php
No syntax errors detected in ./tests/Unit/Service/Gdpr/Retention/RetentionSweepServiceTest.php
No syntax errors detected in ./tests/Unit/Service/Gdpr/Case/CaseAccessControlTest.php
No syntax errors detected in ./tests/Unit/Service/Gdpr/Redaction/RedactionWriteServiceTest.php
No syntax errors detected in ./tests/Unit/Service/Gdpr/Lifecycle/DenialFinaliseGuardTest.php
No syntax errors detected in ./tests/Unit/Service/Gdpr/DataSubjectRequestServiceTest.php
No syntax errors detected in ./tests/Unit/Service/Gdpr/DataSubjectDeadlineTest.php
No syntax errors detected in ./tests/Unit/Service/Gdpr/Identity/IdentityVerifyRegistryTest.php
No syntax errors detected in ./tests/Unit/Service/Gdpr/Regulator/RegulatorEscalateRegistryTest.php
No syntax errors detected in ./tests/Unit/Service/Gdpr/Export/OneTimeDownloadTokenStoreTest.php
No syntax errors detected in ./tests/Unit/Service/Gdpr/Export/ExportBundleServiceTest.php
No syntax errors detected in ./tests/Unit/Service/Gdpr/Export/SubjectExportServiceTest.php
No syntax errors detected in ./tests/Unit/Service/Gdpr/PrivacyOfficerRecipientResolverTest.php
No syntax errors detected in ./tests/Unit/Service/Gdpr/Erasure/ErasurePreviewServiceTest.php
No syntax errors detected in ./tests/Unit/Service/Gdpr/Erasure/ErasureRunnerTest.php
No syntax errors detected in ./tests/Unit/Service/Gdpr/Erasure/ErasurePreviewStoreTest.php
No syntax errors detected in ./tests/Unit/Service/Gdpr/Evidence/EvidenceHarvestServiceTest.php
No syntax errors detected in ./tests/Unit/Service/Gdpr/Policy/DsarPolicyPackResolverTest.php
No syntax errors detected in ./tests/Unit/Service/TranslationStatusServiceOutdatedTest.php
No syntax errors detected in ./tests/Unit/Service/AuditHashServiceTest.php
No syntax errors detected in ./tests/Unit/Service/MagicMapperTest.php
No syntax errors detected in ./tests/Unit/Service/ChatServiceTest.php
No syntax errors detected in ./tests/Unit/Service/UserServiceCoverageTest.php
No syntax errors detected in ./tests/Unit/Service/RelationHandlerTest.php
No syntax errors detected in ./tests/Unit/Service/MapsOverviewServiceTest.php
No syntax errors detected in ./tests/Unit/Service/Survivorship/TrustTierResolverTest.php
No syntax errors detected in ./tests/Unit/Service/Survivorship/SourceRecordResolverTest.php
No syntax errors detected in ./tests/Unit/Service/Survivorship/SurvivorshipAnnotationValidatorTest.php
No syntax errors detected in ./tests/Unit/Service/Survivorship/SurvivorshipResolverTest.php
No syntax errors detected in ./tests/Unit/Service/AnalyticsSeriesServiceTest.php
No syntax errors detected in ./tests/Unit/Service/Dmn/DecisionTableEvaluatorTest.php
No syntax errors detected in ./tests/Unit/Service/Dmn/UnaryTestEvaluatorTest.php
No syntax errors detected in ./tests/Unit/Service/Dmn/DecisionTableValidatorTest.php
No syntax errors detected in ./tests/Unit/Service/ImportServicePublishDeprecationTest.php
No syntax errors detected in ./tests/Unit/Service/Hinge/LensResolverTest.php
No syntax errors detected in ./tests/Unit/Service/Hinge/IntakeSourceRegistryTest.php
No syntax errors detected in ./tests/Unit/Service/Hinge/HingeAnnotationValidatorTest.php
No syntax errors detected in ./tests/Unit/Service/Hinge/ListPresentationResolverTest.php
No syntax errors detected in ./tests/Unit/Service/Hinge/InheritedGeoCollectorTest.php
No syntax errors detected in ./tests/Unit/Service/Hinge/ReferencedByServiceTest.php
No syntax errors detected in ./tests/Unit/Service/NotificationServiceTest.php
No syntax errors detected in ./tests/Unit/Service/TenantLogRedactorTest.php
No syntax errors detected in ./tests/Unit/Service/OperatorEvaluatorTest.php
No syntax errors detected in ./tests/Unit/Service/ApiCaller/IpRangeTest.php
No syntax errors detected in ./tests/Unit/Service/ApiCaller/CallerPolicyTest.php
No syntax errors detected in ./tests/Unit/Service/ApiCaller/ApiCallRecorderTest.php
No syntax errors detected in ./tests/Unit/Service/ApiCaller/CallerRateLimiterTest.php
No syntax errors detected in ./tests/Unit/Service/CospendLinkServiceTest.php
No syntax errors detected in ./tests/Unit/Service/LogServiceTest.php
No syntax errors detected in ./tests/Unit/Service/ContactMatchingServiceTest.php
No syntax errors detected in ./tests/Unit/Service/ActivityServiceTest.php
No syntax errors detected in ./tests/Unit/Service/ObjectServiceContextRestorationTest.php
No syntax errors detected in ./tests/Unit/Service/AuditQueryServiceTest.php
No syntax errors detected in ./tests/Unit/Service/TenantLifecycleServiceTest.php
No syntax errors detected in ./tests/Unit/Service/PropertyRbacHandlerWriteOnlyPreserveTest.php
No syntax errors detected in ./tests/Unit/Service/ObjectServiceDeleteByRegisterTest.php
No syntax errors detected in ./tests/Unit/Service/SchemaImport/GgmImporterTest.php
No syntax errors detected in ./tests/Unit/Service/SchemaImport/SchemaOrgImporterTest.php
No syntax errors detected in ./tests/Unit/Service/SchemaImport/SchemaImportServiceTest.php
No syntax errors detected in ./tests/Unit/Service/SchemaImport/DialectDetectorTest.php
No syntax errors detected in ./tests/Unit/Service/SchemaImport/ThreeWayMergeTest.php
No syntax errors detected in ./tests/Unit/Service/RegisterSlugResolverTest.php
No syntax errors detected in ./tests/Unit/Service/ScheduledReportServiceRunOneTest.php
No syntax errors detected in ./tests/Unit/Service/Import/SchemaMappingCheckTest.php
No syntax errors detected in ./tests/Unit/Service/Import/ConflictPolicyTest.php
No syntax errors detected in ./tests/Unit/Service/Import/ImportPreviewServiceTest.php
No syntax errors detected in ./tests/Unit/Service/JsonLd/JsonLdContextServiceTest.php
No syntax errors detected in ./tests/Unit/Service/JsonLd/JsonLdSerializerTest.php
No syntax errors detected in ./tests/Unit/Service/TranslationProjectionServiceSourceLanguageTest.php
No syntax errors detected in ./tests/Unit/Service/AuthenticationServiceDeepTest.php
No syntax errors detected in ./tests/Unit/Service/Credential/NextcloudVaultCredentialStoreTest.php
No syntax errors detected in ./tests/Unit/Service/Credential/OAuth2RefreshServiceTest.php
No syntax errors detected in ./tests/Unit/Service/Credential/OAuth2RelayGuardTest.php
No syntax errors detected in ./tests/Unit/Service/Credential/CredentialStoreResolverTest.php
No syntax errors detected in ./tests/Unit/Service/Credential/CredentialBrokerShareGuardTest.php
No syntax errors detected in ./tests/Unit/Service/Credential/OAuth2StateServiceTest.php
No syntax errors detected in ./tests/Unit/Service/Credential/OAuth2InstanceHostTest.php
No syntax errors detected in ./tests/Unit/Service/Credential/ProviderCatalogueTest.php
No syntax errors detected in ./tests/Unit/Service/Credential/CredentialOAuth2MintTest.php
No syntax errors detected in ./tests/Unit/Service/Credential/DoriathCredentialStoreTest.php
No syntax errors detected in ./tests/Unit/Service/Credential/CredentialAppTokenServiceTest.php
No syntax errors detected in ./tests/Unit/Service/Credential/DoffinProviderTest.php
No syntax errors detected in ./tests/Unit/Service/Credential/OAuth2InstanceClientTest.php
No syntax errors detected in ./tests/Unit/Service/Credential/CredentialScopeIsNotAnAccessScopeTest.php
No syntax errors detected in ./tests/Unit/Service/Credential/OAuth2NoTokenLeakTest.php
No syntax errors detected in ./tests/Unit/Service/Credential/CredentialBrokerOrganisationScopeTest.php
No syntax errors detected in ./tests/Unit/Service/Credential/CredentialBrokerMintTest.php
No syntax errors detected in ./tests/Unit/Service/Credential/OAuth2TokenSetTest.php
No syntax errors detected in ./tests/Unit/Service/Credential/CredentialBrokerActingUserTest.php
No syntax errors detected in ./tests/Unit/Service/Credential/OAuth2ReauthorisationTest.php
No syntax errors detected in ./tests/Unit/Service/Credential/CredentialBrokerSessionlessOrganisationTest.php
No syntax errors detected in ./tests/Unit/Service/Credential/CredentialAppTokenBindingTest.php
No syntax errors detected in ./tests/Unit/Service/Credential/DoriathApplicationRegistrarTest.php
No syntax errors detected in ./tests/Unit/Service/Credential/CredentialBrokerServiceTest.php
No syntax errors detected in ./tests/Unit/Service/Credential/CredentialBrokerOAuth2Test.php
No syntax errors detected in ./tests/Unit/Service/Credential/CredentialLockTest.php
No syntax errors detected in ./tests/Unit/Service/Credential/OAuth2AccountIdentityTest.php
No syntax errors detected in ./tests/Unit/Service/Credential/OAuth2ClientResolverTest.php
No syntax errors detected in ./tests/Unit/Service/AuditHashSealRowsTest.php
No syntax errors detected in ./tests/Unit/Service/DefaultOrganisationCachingTest.php
No syntax errors detected in ./tests/Unit/Service/ScheduledReportServiceValidationTest.php
No syntax errors detected in ./tests/Unit/Service/DemoDataServiceTest.php
No syntax errors detected in ./tests/Unit/Service/DefaultOrganisationManagementTest.php
No syntax errors detected in ./tests/Unit/Service/Rules/RuleRunRecorderTest.php
No syntax errors detected in ./tests/Unit/Service/Rules/NoCeilingRegressionTest.php
No syntax errors detected in ./tests/Unit/Service/Rules/RuleInventoryServiceTest.php
No syntax errors detected in ./tests/Unit/Service/Rules/RuleReplayServiceTest.php
No syntax errors detected in ./tests/Unit/Service/Rules/RelativeTimeConditionTest.php
No syntax errors detected in ./tests/Unit/Service/Rules/RuleSummaryThrottleTest.php
No syntax errors detected in ./tests/Unit/Service/Rules/DependentValueTableTest.php
No syntax errors detected in ./tests/Unit/Service/Rules/ConditionTracerTest.php
No syntax errors detected in ./tests/Unit/Service/Rules/ExpressionDefaultResolverTest.php
No syntax errors detected in ./tests/Unit/Service/Rules/ConditionDialectOnSavePathTest.php
No syntax errors detected in ./tests/Unit/Service/Rules/NamedConditionTest.php
No syntax errors detected in ./tests/Unit/Service/Rules/RuleCeilingServiceTest.php
No syntax errors detected in ./tests/Unit/Service/Rules/RuleEvaluationPointTest.php
No syntax errors detected in ./tests/Unit/Service/Rules/AdministeredValidationsTest.php
No syntax errors detected in ./tests/Unit/Service/Deletion/DestroyRightServiceTest.php
No syntax errors detected in ./tests/Unit/Service/Deletion/DestructionRecorderTest.php
No syntax errors detected in ./tests/Unit/Service/Deletion/RetentionClockServiceTest.php
No syntax errors detected in ./tests/Unit/Service/Deletion/DeleteHookVetoTest.php
No syntax errors detected in ./tests/Unit/Service/Deletion/DeletionWindowServiceTest.php
No syntax errors detected in ./tests/Unit/Service/Deletion/DestructionScopeServiceTest.php
No syntax errors detected in ./tests/Unit/Service/AvgRetentionServiceLegalHoldTest.php
No syntax errors detected in ./tests/Unit/Service/Operations/ConsistencyRepairServiceTest.php
No syntax errors detected in ./tests/Unit/Service/Operations/ConsistencyCheckServiceTest.php
No syntax errors detected in ./tests/Unit/Service/Operations/JobAlertServiceTest.php
No syntax errors detected in ./tests/Unit/Service/Operations/JobRunRecorderTest.php
No syntax errors detected in ./tests/Unit/Service/Operations/OperationsJobsServiceTest.php
No syntax errors detected in ./tests/Unit/Service/Operations/JobScheduleServiceTest.php
No syntax errors detected in ./tests/Unit/Service/Operations/SupportBundleServiceTest.php
No syntax errors detected in ./tests/Unit/Service/SecurityServiceTest.php
No syntax errors detected in ./tests/Unit/Service/AuthenticationServiceTest.php
No syntax errors detected in ./tests/Unit/Service/DashboardServiceTest.php
No syntax errors detected in ./tests/Unit/Service/Connection/ConnectionReporterTest.php
No syntax errors detected in ./tests/Unit/Service/SystemOperationContextTest.php
No syntax errors detected in ./tests/Unit/Service/Deferral/DeferredListenerContextTest.php
No syntax errors detected in ./tests/Unit/Service/Deferral/ListenerDeferralServiceTest.php
No syntax errors detected in ./tests/Unit/Service/Deferral/DeferredEntryObjectResolverTest.php
No syntax errors detected in ./tests/Unit/Service/MdiIconRendererTest.php
No syntax errors detected in ./tests/Unit/Service/Outbound/OutboundHttpClientTest.php
No syntax errors detected in ./tests/Unit/Service/Outbound/ProxySettingsTest.php
No syntax errors detected in ./tests/Unit/Service/Audit/TokenAttributionTest.php
No syntax errors detected in ./tests/Unit/Service/Audit/ContentReportServiceTest.php
No syntax errors detected in ./tests/Unit/Service/Audit/PurposeRegistryTest.php
No syntax errors detected in ./tests/Unit/Service/Audit/PurposeGuardTest.php
No syntax errors detected in ./tests/Unit/Service/Audit/PurposeContextTest.php
No syntax errors detected in ./tests/Unit/Service/Audit/AuditAggregationServiceTest.php
No syntax errors detected in ./tests/Unit/Service/Audit/ReadableAuditTrailListerTest.php
No syntax errors detected in ./tests/Unit/Service/Audit/SecuritySettingAnnouncerTest.php
No syntax errors detected in ./tests/Unit/Service/Audit/PurposeAttributionTest.php
No syntax errors detected in ./tests/Unit/Service/Audit/AuditSinkTest.php
No syntax errors detected in ./tests/Unit/Service/Audit/TokenResolverTest.php
No syntax errors detected in ./tests/Unit/Service/NoteServiceTest.php
No syntax errors detected in ./tests/Unit/Service/ObjectSource/GroupObjectSourceProviderTest.php
No syntax errors detected in ./tests/Unit/Service/ObjectSource/TablesObjectSourceProviderTest.php
No syntax errors detected in ./tests/Unit/Service/ObjectSource/TablesTableReaderTest.php
No syntax errors detected in ./tests/Unit/Service/ObjectSource/CalendarEventObjectSourceProviderTest.php
No syntax errors detected in ./tests/Unit/Service/ObjectSource/TablesColumnMapperTest.php
No syntax errors detected in ./tests/Unit/Service/ObjectSource/ObjectSourceRegistryTest.php
No syntax errors detected in ./tests/Unit/Service/ObjectSource/OrganisationObjectSourceWriteTest.php
No syntax errors detected in ./tests/Unit/Service/ObjectSource/FilesObjectSourceProviderTest.php
No syntax errors detected in ./tests/Unit/Service/ObjectSource/TablesSchemaSyncServiceTest.php
No syntax errors detected in ./tests/Unit/Service/ObjectSource/DbalObjectSourceProviderTest.php
No syntax errors detected in ./tests/Unit/Service/ObjectSource/DeckObjectSourceProviderTest.php
No syntax errors detected in ./tests/Unit/Service/ObjectSource/UserDirectoryObjectSourceProviderTest.php
No syntax errors detected in ./tests/Unit/Service/ObjectSource/TalkObjectSourceProviderTest.php
No syntax errors detected in ./tests/Unit/Service/ObjectSource/TablesUuidDeriverTest.php
No syntax errors detected in ./tests/Unit/Service/ObjectSource/OrganisationObjectSourceProviderTest.php
No syntax errors detected in ./tests/Unit/Service/ObjectSource/PaginateObjectSourceTest.php
No syntax errors detected in ./tests/Unit/Service/ObjectSource/ContactsObjectSourceProviderTest.php
No syntax errors detected in ./tests/Unit/Service/ObjectSource/CalDavVtodoObjectSourceProviderTest.php
No syntax errors detected in ./tests/Unit/Service/Vectorization/Handlers/PgVectorPlatformTest.php
No syntax errors detected in ./tests/Unit/Service/Vectorization/Handlers/VectorStorageHandlerTest.php
No syntax errors detected in ./tests/Unit/Service/Vectorization/Handlers/VectorSearchHandlerTest.php
No syntax errors detected in ./tests/Unit/Service/Vectorization/VectorSearchHandlerCoverageTest.php
No syntax errors detected in ./tests/Unit/Service/Vectorization/Strategies/ObjectVectorizationStrategyViewScopeTest.php
No syntax errors detected in ./tests/Unit/Service/Search/PlaceholderResolverTest.php
No syntax errors detected in ./tests/Unit/Service/Search/ObjectSearchResultFormatterTest.php
No syntax errors detected in ./tests/Unit/Service/Search/PropertySearchProfileTest.php
No syntax errors detected in ./tests/Unit/Service/Search/SearchTermParserTest.php
No syntax errors detected in ./tests/Unit/Service/Search/SearchIndexMaintenanceTest.php
No syntax errors detected in ./tests/Unit/Service/WebhookServiceTest.php
No syntax errors detected in ./tests/Unit/Service/ExportServiceTest.php
No syntax errors detected in ./tests/Unit/Service/UserServiceTest.php
No syntax errors detected in ./tests/Unit/Service/VectorizationServiceCoverageTest.php
No syntax errors detected in ./tests/Unit/Service/FederationShareServiceTest.php
No syntax errors detected in ./tests/Unit/Service/FlowLinkServiceTest.php
No syntax errors detected in ./tests/Unit/Service/TmloExportTest.php
No syntax errors detected in ./tests/Unit/Service/SharedMasterDataServiceTest.php
No syntax errors detected in ./tests/Unit/Service/SchemaDeletionRegisterDeleteTest.php
No syntax errors detected in ./tests/Unit/Service/ConditionMatcherTest.php
No syntax errors detected in ./tests/Unit/Service/Authorization/RbacGroupCollectorTest.php
No syntax errors detected in ./tests/Unit/Service/Authorization/DeclaredGroupInventoryServiceTest.php
No syntax errors detected in ./tests/Unit/Service/Authorization/GroupProvisionerTest.php
No syntax errors detected in ./tests/Unit/Service/Authorization/GrantableRightsIndexTest.php
No syntax errors detected in ./tests/Unit/Service/Dbal/DbalConnectionFactoryTest.php
No syntax errors detected in ./tests/Unit/Service/Dbal/DatabaseIntrospectionServiceTest.php
No syntax errors detected in ./tests/Unit/Service/Dbal/SqlTypeMapperTest.php
No syntax errors detected in ./tests/Unit/Service/ObjectServiceRunAsAnonymousTest.php
No syntax errors detected in ./tests/Unit/Service/CaseTokenServiceTest.php
No syntax errors detected in ./tests/Unit/Service/AuditCanonicalV1Test.php
No syntax errors detected in ./tests/Unit/Service/AuditHashStaleLockTest.php
No syntax errors detected in ./tests/Unit/Service/RegisterScopedSchemaResolverTest.php
No syntax errors detected in ./tests/Unit/Service/TaskServiceTest.php
No syntax errors detected in ./tests/Unit/Service/MapLinkServiceTest.php
No syntax errors detected in ./tests/Unit/Service/UnownedWriteTest.php
No syntax errors detected in ./tests/Unit/Service/AuditRetentionResolverTest.php
No syntax errors detected in ./tests/Unit/Service/TextExtractionServiceTest.php
No syntax errors detected in ./tests/Unit/Service/EndpointServiceTest.php
No syntax errors detected in ./tests/Unit/Service/BulkSafeguardSchemaResolutionTest.php
No syntax errors detected in ./tests/Unit/Service/ObjectServiceRefactoredMethodsTest.php
No syntax errors detected in ./tests/Unit/Service/Vocabulary/CodedFilterExpanderTest.php
No syntax errors detected in ./tests/Unit/Service/Vocabulary/ConceptDeleteGuardTest.php
No syntax errors detected in ./tests/Unit/Service/Vocabulary/CodedValueGuardTest.php
No syntax errors detected in ./tests/Unit/Service/Vocabulary/ConceptLifecycleTest.php
No syntax errors detected in ./tests/Unit/Service/Vocabulary/CodedPropertyDeclarationTest.php
No syntax errors detected in ./tests/Unit/Service/Vocabulary/ConceptHierarchyTest.php
No syntax errors detected in ./tests/Unit/Service/Vocabulary/CodedPropertyDeclarationFactoryTest.php
No syntax errors detected in ./tests/Unit/Service/Quality/SimilarityCalculatorTest.php
No syntax errors detected in ./tests/Unit/Service/Quality/DuplicateDetectionServiceTest.php
No syntax errors detected in ./tests/Unit/Service/Quality/QualityAnnotationValidatorTest.php
No syntax errors detected in ./tests/Unit/Service/Quality/DuplicateCandidateCheckTest.php
No syntax errors detected in ./tests/Unit/Service/Quality/UniqueHintAnnotationValidatorTest.php
No syntax errors detected in ./tests/Unit/Service/Quality/DedupAnnotationValidatorTest.php
No syntax errors detected in ./tests/Unit/Service/Quality/UniqueHintCheckerTest.php
No syntax errors detected in ./tests/Unit/Service/Quality/DismissedPairStoreTest.php
No syntax errors detected in ./tests/Unit/Service/Quality/QualityStatisticsServiceTest.php
No syntax errors detected in ./tests/Unit/Service/Quality/QualityScorerTest.php
No syntax errors detected in ./tests/Unit/Service/Quality/DuplicateDismissalExclusionTest.php
No syntax errors detected in ./tests/Unit/Service/Quality/DedupCreatePolicyTest.php
No syntax errors detected in ./tests/Unit/Service/History/StateHistoryRebuildTest.php
No syntax errors detected in ./tests/Unit/Service/History/StateHistoryProjectorTest.php
No syntax errors detected in ./tests/Unit/Service/FieldEncryptionHandlerTest.php
No syntax errors detected in ./tests/Unit/Service/WebhookInterceptionFastPathTest.php
No syntax errors detected in ./tests/Unit/Service/Export/ExportProfileServiceTest.php
No syntax errors detected in ./tests/Unit/Service/Export/ExportProfileWriterTest.php
No syntax errors detected in ./tests/Unit/Service/Export/ExportRightServiceTest.php
No syntax errors detected in ./tests/Unit/Service/Export/ExportGateTest.php
No syntax errors detected in ./tests/Unit/Service/Export/ExportAuditRecorderTest.php
No syntax errors detected in ./tests/Unit/Service/Export/ExportRunRecorderTest.php
No syntax errors detected in ./tests/Unit/Service/EdgeCasesErrorHandlingTest.php
No syntax errors detected in ./tests/Unit/Service/NotificationPayloadTest.php
No syntax errors detected in ./tests/Unit/Service/SequenceServiceTest.php
No syntax errors detected in ./tests/Unit/Service/Schemas/ExtendingFormDeclarationTest.php
No syntax errors detected in ./tests/Unit/Service/Schemas/ReferenceFilterOperandGuardTest.php
No syntax errors detected in ./tests/Unit/Service/Schemas/ShippedSchemasValidateTest.php
No syntax errors detected in ./tests/Unit/Service/Schemas/SchemaCacheHandlerDeepTest.php
No syntax errors detected in ./tests/Unit/Service/Schemas/SemanticRoleHandlerTest.php
No syntax errors detected in ./tests/Unit/Service/Schemas/FacetCacheHandlerTest.php
No syntax errors detected in ./tests/Unit/Service/Schemas/SchemaCacheHandlerTest.php
No syntax errors detected in ./tests/Unit/Service/Schemas/SchemaCacheHandlerBranchCoverageTest.php
No syntax errors detected in ./tests/Unit/Service/Schemas/PropertyVocabularyTest.php
No syntax errors detected in ./tests/Unit/Service/Schemas/PropertyValidatorHandlerTest.php
No syntax errors detected in ./tests/Unit/Service/Schemas/ScopedPropertyDeclarationTest.php
No syntax errors detected in ./tests/Unit/Service/Schemas/GeneratedIdentifierDeclarationTest.php
No syntax errors detected in ./tests/Unit/Service/Schemas/ScopedPropertyGovernanceTest.php
No syntax errors detected in ./tests/Unit/Service/Schemas/PropertySourceDeclarationTest.php
No syntax errors detected in ./tests/Unit/Service/Schemas/CodedChoiceDeclarationTest.php
No syntax errors detected in ./tests/Unit/Service/Schemas/ReferenceFilterDeclarationTest.php
No syntax errors detected in ./tests/Unit/Service/Schemas/UniqueConstraintEvaluatorTest.php
No syntax errors detected in ./tests/Unit/Service/Schemas/RepeatingGroupDeclarationTest.php
No syntax errors detected in ./tests/Unit/Service/Schemas/ReferenceFilterMatchTest.php
No syntax errors detected in ./tests/Unit/Service/Schemas/ReferenceOptionsReaderTest.php
No syntax errors detected in ./tests/Unit/Service/Capability/ToolGrantCodecTest.php
No syntax errors detected in ./tests/Unit/Service/Capability/ToolGrantSetTest.php
No syntax errors detected in ./tests/Unit/Service/Capability/ToolGrantResolverArgumentScopeTest.php
No syntax errors detected in ./tests/Unit/Service/Capability/ToolReachResolverTest.php
No syntax errors detected in ./tests/Unit/Service/TextExtractionServiceDeepTest.php
No syntax errors detected in ./tests/Unit/Service/OrganisationServiceGapTest.php
No syntax errors detected in ./tests/Unit/Service/ExportServiceCoverageTest.php
No syntax errors detected in ./tests/Unit/Service/Geo/GeoFilterApplierTest.php
No syntax errors detected in ./tests/Unit/Service/Geo/RdCrsTransformerTest.php
No syntax errors detected in ./tests/Unit/Service/Geo/PdokGeocoderTest.php
No syntax errors detected in ./tests/Unit/Service/Geo/GeoFeatureCollectionBuilderTest.php
No syntax errors detected in ./tests/Unit/Service/Geo/GeoJsonGeometryValidatorTest.php
No syntax errors detected in ./tests/Unit/Service/Geo/GeoSpatialEvaluatorTest.php
No syntax errors detected in ./tests/Unit/Service/Geo/GeoFilterParserTest.php
No syntax errors detected in ./tests/Unit/Service/TimelineVisibilityServiceTest.php
No syntax errors detected in ./tests/Unit/Service/ToolRegistryTest.php
No syntax errors detected in ./tests/Unit/Service/OrganisationServiceBranchCoverageTest.php
No syntax errors detected in ./tests/Unit/Service/Hardening/HardeningSettingsServiceTest.php
No syntax errors detected in ./tests/Unit/Service/Hardening/HardeningFloorGuardTest.php
No syntax errors detected in ./tests/Unit/Service/Hardening/ElevationServiceTest.php
No syntax errors detected in ./tests/Unit/Service/Hardening/StatementServiceTest.php
No syntax errors detected in ./tests/Unit/Service/Hardening/HardeningPolicyTest.php
No syntax errors detected in ./tests/Unit/Service/Hardening/HardeningReportServiceTest.php
No syntax errors detected in ./tests/Unit/Service/RegisterResolverServiceTest.php
No syntax errors detected in ./tests/Unit/Service/Merge/MergeAnnotationValidatorTest.php
No syntax errors detected in ./tests/Unit/Service/Merge/MergeFieldDecisionTest.php
No syntax errors detected in ./tests/Unit/Service/Merge/MergeServiceTest.php
No syntax errors detected in ./tests/Unit/Service/AnalyticsLinkServiceTest.php
No syntax errors detected in ./tests/Unit/Service/ScheduledReportServiceDueTest.php
No syntax errors detected in ./tests/Unit/Service/ExportServiceGapTest.php
No syntax errors detected in ./tests/Unit/Service/ConfigurationServiceTest.php
No syntax errors detected in ./tests/Unit/Service/UserServiceProfileActionsTest.php
No syntax errors detected in ./tests/Unit/Service/Task/TaskServiceAnnouncementTest.php
No syntax errors detected in ./tests/Unit/Service/Task/TaskTypedCandidateTest.php
No syntax errors detected in ./tests/Unit/Service/Task/TaskFormCompletionTest.php
No syntax errors detected in ./tests/Unit/Service/Task/TaskProjectionServiceTest.php
No syntax errors detected in ./tests/Unit/Service/Task/TaskCalendarProjectorTest.php
No syntax errors detected in ./tests/Unit/Service/Task/TaskAuthorizationExternalTest.php
No syntax errors detected in ./tests/Unit/Service/Task/TaskVtodoWriteBackGateTest.php
No syntax errors detected in ./tests/Unit/Service/Task/TaskPriorityTest.php
No syntax errors detected in ./tests/Unit/Service/Task/TaskSequenceLifecycleVerbsTest.php
No syntax errors detected in ./tests/Unit/Service/Task/TaskAuthorizationServiceTest.php
No syntax errors detected in ./tests/Unit/Service/Task/TaskFormReaderTest.php
No syntax errors detected in ./tests/Unit/Service/Task/TaskSubjectAccessGuardTest.php
No syntax errors detected in ./tests/Unit/Service/Task/TaskServicePortalWindowsTest.php
No syntax errors detected in ./tests/Unit/Service/Task/TaskTemporalProjectionTest.php
No syntax errors detected in ./tests/Unit/Service/Task/TaskSequenceServiceTest.php
No syntax errors detected in ./tests/Unit/Service/Task/TaskStateTest.php
No syntax errors detected in ./tests/Unit/Service/Task/TaskServiceTest.php
No syntax errors detected in ./tests/Unit/Service/Task/TaskVtodoStatusMappingTest.php
No syntax errors detected in ./tests/Unit/Service/Task/TaskPerformerResolverTest.php
No syntax errors detected in ./tests/Unit/Service/Task/TaskServiceTimerOutcomeTest.php
No syntax errors detected in ./tests/Unit/Service/Task/TaskInboxServiceTest.php
No syntax errors detected in ./tests/Unit/Service/Task/TaskMetricsProviderTest.php
No syntax errors detected in ./tests/Unit/Service/Task/TaskSequenceDecisionGuardTest.php
No syntax errors detected in ./tests/Unit/Service/Task/TaskInboxDeliveryStateTest.php
No syntax errors detected in ./tests/Unit/Service/Task/VtodoCalendarLocatorTest.php
No syntax errors detected in ./tests/Unit/Service/Task/TaskServiceTerminalEventTest.php
No syntax errors detected in ./tests/Unit/Service/Task/TaskFormResolverTest.php
No syntax errors detected in ./tests/Unit/Service/FileSidebarServiceTest.php
No syntax errors detected in ./tests/Unit/Service/TimeTrackerLinkServiceTest.php
No syntax errors detected in ./tests/Unit/Service/Sync/SyncRecordStatusTest.php
No syntax errors detected in ./tests/Unit/Service/Sync/HarvestPipelineServiceTest.php
No syntax errors detected in ./tests/Unit/Service/Sync/SyncConflictResolverTest.php
No syntax errors detected in ./tests/Unit/Service/Sync/RestApiSourceFetcherTest.php
No syntax errors detected in ./tests/Unit/Service/Sync/SyncScheduleServiceTest.php
No syntax errors detected in ./tests/Unit/Service/Calculation/TemporalCalculationSweepServiceTest.php
No syntax errors detected in ./tests/Unit/Service/Calculation/DateDiffTest.php
No syntax errors detected in ./tests/Unit/Service/Calculation/CalculationEvaluatorTest.php
No syntax errors detected in ./tests/Unit/Service/Calculation/OperatorCatalogueTest.php
No syntax errors detected in ./tests/Unit/Service/Calculation/AggregateReferenceResolverTest.php
No syntax errors detected in ./tests/Unit/Service/Calculation/CalculationAnnotationValidatorTest.php
No syntax errors detected in ./tests/Unit/Service/Calculation/PropertyCalculationsTest.php
No syntax errors detected in ./tests/Unit/Service/Calculation/CalculationTrialServiceTest.php
No syntax errors detected in ./tests/Unit/Service/Calculation/ReferenceResolverTest.php
No syntax errors detected in ./tests/Unit/Service/Calculation/DateAddTest.php
No syntax errors detected in ./tests/Unit/Service/Calculation/DerivedDependenciesTest.php
No syntax errors detected in ./tests/Unit/Service/Calculation/SequenceEvaluatorTest.php
No syntax errors detected in ./tests/Unit/Service/ViewPresentationServiceTest.php
No syntax errors detected in ./tests/Unit/Service/ViewServiceTest.php
No syntax errors detected in ./tests/Unit/Service/OrganisationServiceSystemIdentityTest.php
No syntax errors detected in ./tests/Unit/Service/Edepot/MdtoXmlGeneratorXsdTest.php
No syntax errors detected in ./tests/Unit/Service/Edepot/EdepotTransferServiceFilesTest.php
No syntax errors detected in ./tests/Unit/Service/Edepot/SipSchemaDeclaredFactsTest.php
No syntax errors detected in ./tests/Unit/Service/Edepot/TransportTest.php
No syntax errors detected in ./tests/Unit/Service/Edepot/MdtoPreconditionsMappingTest.php
No syntax errors detected in ./tests/Unit/Service/Edepot/TransferListServiceTest.php
No syntax errors detected in ./tests/Unit/Service/Edepot/SipPackageBuilderTest.php
No syntax errors detected in ./tests/Unit/Service/Edepot/PackagedFileChecksumTest.php
No syntax errors detected in ./tests/Unit/Service/Edepot/MdtoXmlGeneratorTest.php
No syntax errors detected in ./tests/Unit/Service/Edepot/MdtoEventMapperTest.php
No syntax errors detected in ./tests/Unit/Service/Edepot/TransferRecordServiceTest.php
No syntax errors detected in ./tests/Unit/Service/BulkJob/BulkActionRegistryTest.php
No syntax errors detected in ./tests/Unit/Service/BulkJob/BulkJobPriorValueCaptureTest.php
No syntax errors detected in ./tests/Unit/Service/BulkJob/BulkJobExecutorTest.php
No syntax errors detected in ./tests/Unit/Service/BulkJob/BulkJobPauseResumeTest.php
No syntax errors detected in ./tests/Unit/Service/BulkJob/BulkJobReversalTest.php
No syntax errors detected in ./tests/Unit/Service/BulkJob/BulkJobServiceTest.php
No syntax errors detected in ./tests/Unit/Service/BulkJob/ReversibilityAnnotationValidatorTest.php
No syntax errors detected in ./tests/Unit/Service/UserLinkWriterTest.php
No syntax errors detected in ./tests/Unit/Service/ShippedBaseline/ShippedConfigurationGuardTest.php
No syntax errors detected in ./tests/Unit/Service/ShippedBaseline/GuardedDescriptorMergeTest.php
No syntax errors detected in ./tests/Unit/Service/DeckCardServiceTest.php
No syntax errors detected in ./tests/Unit/Service/Sharing/AccessLinkServiceTest.php
No syntax errors detected in ./tests/Unit/Service/Sharing/AccessLinkSubjectTest.php
No syntax errors detected in ./tests/Unit/Service/Sharing/AccessLinkMintGuardTest.php
No syntax errors detected in ./tests/Unit/Service/Sharing/AccessLinkReaderTest.php
No syntax errors detected in ./tests/Unit/Service/Sharing/SharePrincipalDeriverTest.php
No syntax errors detected in ./tests/Unit/Service/PerformanceScalabilityTest.php
No syntax errors detected in ./tests/Unit/Service/UninitialisedPropertyConstructionTest.php
No syntax errors detected in ./tests/Unit/Service/NoteVersionServiceTest.php
No syntax errors detected in ./tests/Unit/Service/AnonymousEvaluationContextTest.php
No syntax errors detected in ./tests/Unit/Service/ObjectServiceStaleSchemaRefTest.php
No syntax errors detected in ./tests/Unit/Service/ManifestServiceTest.php
No syntax errors detected in ./tests/Unit/Service/RetentionServiceTest.php
No syntax errors detected in ./tests/Unit/Service/TextExtractionFilesystemContextTest.php
No syntax errors detected in ./tests/Unit/Service/ObjectServiceDeepTest.php
No syntax errors detected in ./tests/Unit/Service/IntegrationTest.php
No syntax errors detected in ./tests/Unit/Service/TextExtractionServiceGapTest.php
No syntax errors detected in ./tests/Unit/Service/MappingServiceCoverageTest.php
No syntax errors detected in ./tests/Unit/Service/RbacDynamicTokenParityTest.php
No syntax errors detected in ./tests/Unit/Service/SettingsServiceDeepTest.php
No syntax errors detected in ./tests/Unit/Service/SchemaDeletionArchivalGateTest.php
No syntax errors detected in ./tests/Unit/Service/UploadServiceSourceRoutingTest.php
No syntax errors detected in ./tests/Unit/Service/RetentionSweepTest.php
No syntax errors detected in ./tests/Unit/Service/VocabularyImportServiceTest.php
No syntax errors detected in ./tests/Unit/Service/WebPush/WebPushServiceTest.php
No syntax errors detected in ./tests/Unit/Service/MappingServiceTest.php
No syntax errors detected in ./tests/Unit/Service/Relation/ObjectRelationServiceTest.php
No syntax errors detected in ./tests/Unit/Service/Relation/AffectedSetAndExposureTest.php
No syntax errors detected in ./tests/Unit/Service/Relation/RelationAnnotationValidatorTest.php
No syntax errors detected in ./tests/Unit/Service/Relation/RelationTypeResolverTest.php
No syntax errors detected in ./tests/Unit/Service/Relation/RelationGraphServiceTest.php
No syntax errors detected in ./tests/Unit/Service/Relation/LinkExposureWiringTest.php
No syntax errors detected in ./tests/Unit/Service/File/FileVersioningHandlerTest.php
No syntax errors detected in ./tests/Unit/Service/File/PlaceholderIdTranslatorTest.php
No syntax errors detected in ./tests/Unit/Service/File/FilePreviewHandlerTest.php
No syntax errors detected in ./tests/Unit/Service/File/OfficeDocumentSanitizerTest.php
No syntax errors detected in ./tests/Unit/Service/File/FileMetadataFormHandlerTest.php
No syntax errors detected in ./tests/Unit/Service/File/UpdateFileHandlerTest.php
No syntax errors detected in ./tests/Unit/Service/File/FileFormattingHandlerTest.php
No syntax errors detected in ./tests/Unit/Service/File/FileLockHandlerCachePersistenceTest.php
No syntax errors detected in ./tests/Unit/Service/File/CreateFileHandlerTest.php
No syntax errors detected in ./tests/Unit/Service/File/FolderManagementHandlerTest.php
No syntax errors detected in ./tests/Unit/Service/File/FolderManagementHandlerSystemContextTest.php
No syntax errors detected in ./tests/Unit/Service/File/DocumentProcessingHandlerLocalizationTest.php
No syntax errors detected in ./tests/Unit/Service/File/ExecutableContentDetectorTest.php
No syntax errors detected in ./tests/Unit/Service/File/DocumentProcessingHandlerTest.php
No syntax errors detected in ./tests/Unit/Service/File/FileServiceGetFilesForEntityTest.php
No syntax errors detected in ./tests/Unit/Service/File/DeleteFileHandlerTest.php
No syntax errors detected in ./tests/Unit/Service/File/FileLockHandlerTest.php
No syntax errors detected in ./tests/Unit/Service/File/SanitizationReportTest.php
No syntax errors detected in ./tests/Unit/Service/File/FileValidationHandlerTest.php
No syntax errors detected in ./tests/Unit/Service/File/FolderManagementHandlerAccessControlTest.php
No syntax errors detected in ./tests/Unit/Service/File/FileAuditHandlerTest.php
No syntax errors detected in ./tests/Unit/Service/File/ChunkTextMatcherTest.php
No syntax errors detected in ./tests/Unit/Service/File/Sanitizer/OdtSanitizerTest.php
No syntax errors detected in ./tests/Unit/Service/File/Sanitizer/DocxSanitizerTest.php
No syntax errors detected in ./tests/Unit/Service/File/Pdf/StructurePreservationTest.php
No syntax errors detected in ./tests/Unit/Service/File/Pdf/PdfMetadataSanitizerTest.php
No syntax errors detected in ./tests/Unit/Service/File/Pdf/Fallback/PdfOdtFallbackOrchestratorTest.php
No syntax errors detected in ./tests/Unit/Service/File/Pdf/PdfStructureInspectorTest.php
No syntax errors detected in ./tests/Unit/Service/File/Pdf/PdfTextReplacerTest.php
No syntax errors detected in ./tests/Unit/Service/File/FilePublishingHandlerTest.php
No syntax errors detected in ./tests/Unit/Service/File/ManualEntityServiceTest.php
No syntax errors detected in ./tests/Unit/Service/File/FileOwnershipHandlerTest.php
No syntax errors detected in ./tests/Unit/Service/File/FileBatchHandlerTest.php
No syntax errors detected in ./tests/Unit/Service/AuditHashVerifyPagingTest.php
No syntax errors detected in ./tests/Unit/Service/TenantKeyServiceTest.php
No syntax errors detected in ./tests/Unit/Service/ImportServiceTest.php
No syntax errors detected in ./tests/Unit/Service/PresenceServiceTest.php
No syntax errors detected in ./tests/Unit/Service/GraphQL/SchemaGeneratorTest.php
No syntax errors detected in ./tests/Unit/Service/GraphQL/GraphQLErrorFormatterTest.php
No syntax errors detected in ./tests/Unit/Service/GraphQL/QueryComplexityAnalyzerTest.php
No syntax errors detected in ./tests/Unit/Service/GraphQL/GraphQLAggregationFilterTest.php
No syntax errors detected in ./tests/Unit/Service/GraphQL/ScalarTypesTest.php
No syntax errors detected in ./tests/Unit/Service/Config/RegisterSchemaShareableConfigTypeTest.php
No syntax errors detected in ./tests/Unit/Service/Config/SchemaShareableConfigScannerTest.php
No syntax errors detected in ./tests/Unit/Service/Config/FlowShareableConfigTypeTest.php
No syntax errors detected in ./tests/Unit/Service/Config/FederatedConfigServiceTest.php
No syntax errors detected in ./tests/Unit/Service/Config/FederatedConfigAccessTest.php
No syntax errors detected in ./tests/Unit/Service/Config/ShareableConfigTypeRegistryTest.php
No syntax errors detected in ./tests/Unit/Service/Config/GenericObjectShareableConfigTypeTest.php
No syntax errors detected in ./tests/Unit/Service/Config/ConfigSetShareableConfigTypeTest.php
No syntax errors detected in ./tests/Unit/Service/Config/BundleSignerTest.php
No syntax errors detected in ./tests/Unit/Service/Reference/ObjectPreviewFormatterTest.php
No syntax errors detected in ./tests/Unit/Service/TextExtractionServiceCoverageTest.php
No syntax errors detected in ./tests/Unit/Service/Chat/StreamYieldChannelTest.php
No syntax errors detected in ./tests/Unit/Service/Chat/ResponseGenerationHandlerStreamingTest.php
No syntax errors detected in ./tests/Unit/Service/Chat/ChatProxyHandlerTest.php
No syntax errors detected in ./tests/Unit/Service/Anonymisation/AnonymisationBackendServiceTest.php
No syntax errors detected in ./tests/Unit/Service/ExportServicePdfTest.php
No syntax errors detected in ./tests/Unit/Service/ReferentialIntegrityServiceTest.php
No syntax errors detected in ./tests/Unit/Service/SchemaServiceTest.php
No syntax errors detected in ./tests/Unit/Service/TmloMdtoExportXsdTest.php
No syntax errors detected in ./tests/Unit/Service/SystemOperationContextAssertTest.php
No syntax errors detected in ./tests/Unit/Service/Portal/PortalTaskDeliveryServiceTest.php
No syntax errors detected in ./tests/Unit/Service/Portal/PortalTaskServiceTest.php
No syntax errors detected in ./tests/Unit/Service/Portal/PortalSubjectAssertionTest.php
No syntax errors detected in ./tests/Unit/Service/Portal/PortalPartyResolverTest.php
No syntax errors detected in ./tests/Unit/Service/Serializer/RegisterSerializerWarmCacheTest.php
No syntax errors detected in ./tests/Unit/Service/Serializer/RegisterSerializerTest.php
No syntax errors detected in ./tests/Unit/Service/SettingsServiceTest.php
No syntax errors detected in ./tests/Unit/Service/ActionAuthEveryoneTest.php
No syntax errors detected in ./tests/Unit/Service/Webhook/CloudEventFormatterTest.php
No syntax errors detected in ./tests/Unit/Service/Webhook/WebhookInterceptionCacheTest.php
No syntax errors detected in ./tests/Unit/Service/CrossRegisterExistenceServiceTest.php
No syntax errors detected in ./tests/Unit/Service/ShareLinkServiceTest.php
No syntax errors detected in ./tests/Unit/Service/RegisterServiceTest.php
No syntax errors detected in ./tests/Unit/Service/Timeline/TimelineEntrySearchServiceTest.php
No syntax errors detected in ./tests/Unit/Service/Timeline/EntryMentionServiceTest.php
No syntax errors detected in ./tests/Unit/Service/Timeline/TimelineEntryServiceTest.php
No syntax errors detected in ./tests/Unit/Service/Timeline/LanguageDetectorTest.php
No syntax errors detected in ./tests/Unit/Service/Timeline/TextBlockServiceTest.php
No syntax errors detected in ./tests/Unit/Service/Timeline/TimelineKindServiceTest.php
No syntax errors detected in ./tests/Unit/Service/Timeline/ReferenceServiceTest.php
No syntax errors detected in ./tests/Unit/Service/Timeline/TimelineWriteServiceTest.php
No syntax errors detected in ./tests/Unit/Service/Timeline/PublicTimelineTest.php
No syntax errors detected in ./tests/Unit/Service/ActivityFilterServiceTest.php
No syntax errors detected in ./tests/Unit/Service/RevealChainIntegrityTest.php
No syntax errors detected in ./tests/Unit/Service/Query/RelatedRowExistsClauseTest.php
No syntax errors detected in ./tests/Unit/Service/Query/RelatedRowQueryApplierTest.php
No syntax errors detected in ./tests/Unit/Service/Query/RelatedRowFilterParserTest.php
No syntax errors detected in ./tests/Unit/Service/Registry/RegistrySubscriptionNotifierTest.php
No syntax errors detected in ./tests/Unit/Service/Registry/RegistryAnnotationValidatorTest.php
No syntax errors detected in ./tests/Unit/Service/Registry/RegistrySubscriptionServiceTest.php
No syntax errors detected in ./tests/Unit/Service/Registry/RegistryOwnedPropertyGuardTest.php
No syntax errors detected in ./tests/Unit/Service/Registry/RegistryUpdateTargetGuardTest.php
No syntax errors detected in ./tests/Unit/Service/BulkMetadataHandlingTest.php
No syntax errors detected in ./tests/Unit/Service/ExternalLink/ExternalLinkResolverTest.php
No syntax errors detected in ./tests/Unit/Service/ExternalLink/ExternalLinkAnnotationValidatorTest.php
No syntax errors detected in ./tests/Unit/Service/Notification/AnnotationNotificationDispatcherDeliveryWindowTest.php
No syntax errors detected in ./tests/Unit/Service/Notification/NotificationPreferenceServiceTest.php
No syntax errors detected in ./tests/Unit/Service/Notification/AppDefinedTriggerEventTest.php
No syntax errors detected in ./tests/Unit/Service/Notification/NotificationDeliveryWindowIntegrationTest.php
No syntax errors detected in ./tests/Unit/Service/Notification/DigestScheduleEvaluatorTest.php
No syntax errors detected in ./tests/Unit/Service/Notification/NotificationAnnotationValidatorWatchersTest.php
No syntax errors detected in ./tests/Unit/Service/Notification/NotificationAnnotationValidatorRoutingTest.php
No syntax errors detected in ./tests/Unit/Service/Notification/RateLimiterTest.php
No syntax errors detected in ./tests/Unit/Service/Notification/ScheduledMessagePolicyTest.php
No syntax errors detected in ./tests/Unit/Service/Notification/ForcedChannelPolicyTest.php
No syntax errors detected in ./tests/Unit/Service/Notification/RuleReachRecorderTest.php
No syntax errors detected in ./tests/Unit/Service/Notification/NotificationTemplateRegistryTest.php
No syntax errors detected in ./tests/Unit/Service/Notification/AnnotationNotificationDispatcherTransportsTest.php
No syntax errors detected in ./tests/Unit/Service/Notification/NotificationDeliveryWindowServiceTest.php
No syntax errors detected in ./tests/Unit/Service/Notification/NotificationClearingServiceTest.php
No syntax errors detected in ./tests/Unit/Service/Notification/TaskNotificationRulesTest.php
No syntax errors detected in ./tests/Unit/Service/Notification/VngNotificatiesEnvelopeTest.php
No syntax errors detected in ./tests/Unit/Service/Notification/AnnotationNotificationDispatcherTest.php
No syntax errors detected in ./tests/Unit/Service/Notification/TaskVerbActionTest.php
No syntax errors detected in ./tests/Unit/Service/Notification/NotificationCoalescerTest.php
No syntax errors detected in ./tests/Unit/Service/Notification/NotificationBroadcastServiceTest.php
No syntax errors detected in ./tests/Unit/Service/Notification/NotificationPreferenceLayersTest.php
No syntax errors detected in ./tests/Unit/Service/Notification/NotificationAnnotationValidatorWebPushTest.php
No syntax errors detected in ./tests/Unit/Service/Notification/ReplyThreadResolverTest.php
No syntax errors detected in ./tests/Unit/Service/Notification/NotificationPlaceholdersAnsweredTest.php
No syntax errors detected in ./tests/Unit/Service/Notification/NotificationAnnotationValidatorDeliveryWindowTest.php
No syntax errors detected in ./tests/Unit/Service/Notification/NotificationRecipientResolverRoleTest.php
No syntax errors detected in ./tests/Unit/Service/Notification/TaskPoolRecipientResolverTest.php
No syntax errors detected in ./tests/Unit/Service/Notification/NotificationRecipientResolverWatchersTest.php
No syntax errors detected in ./tests/Unit/Service/Notification/NotificationsAnnotationInstallerTest.php
No syntax errors detected in ./tests/Unit/Service/Notification/TaskObjectAdapterTest.php
No syntax errors detected in ./tests/Unit/Service/Notification/ScheduledFilterEvaluatorTest.php
No syntax errors detected in ./tests/Unit/Service/Notification/NotificationAnnotationValidatorTest.php
No syntax errors detected in ./tests/Unit/Service/Notification/NotificationRecipientNamesNobodyTest.php
No syntax errors detected in ./tests/Unit/Service/Notification/CalculatedChangeTriggerTest.php
No syntax errors detected in ./tests/Unit/Service/Notification/ScheduledFilterParserTest.php
No syntax errors detected in ./tests/Unit/Service/Notification/SystemEntityObjectAdapterTest.php
No syntax errors detected in ./tests/Unit/Service/Notification/SystemSchemaRulesTest.php
No syntax errors detected in ./tests/Unit/Service/Calendar/ObjectDateEventBuilderTest.php
No syntax errors detected in ./tests/Unit/Service/Calendar/IcalendarWriterTest.php
No syntax errors detected in ./tests/Unit/Service/Calendar/DeadlineDateResolverTest.php
No syntax errors detected in ./tests/Unit/Service/Calendar/ObjectDateDeclarationTest.php
No syntax errors detected in ./tests/Unit/Service/Calendar/ObjectCalendarFeedServiceTest.php
No syntax errors detected in ./tests/Unit/Service/Calendar/AppointmentAttendeeServiceTest.php
No syntax errors detected in ./tests/Unit/Service/Calendar/CalendarFeedTokenServiceTest.php
No syntax errors detected in ./tests/Unit/Service/ObjectServiceSearchBySlugTest.php
No syntax errors detected in ./tests/Unit/Service/AuthorizationServiceTest.php
No syntax errors detected in ./tests/Unit/Service/MetricsServiceTest.php
No syntax errors detected in ./tests/Unit/Service/ImportServiceNotifyPushBatchTest.php
No syntax errors detected in ./tests/Unit/Service/Delegation/DelegationNotifierTest.php
No syntax errors detected in ./tests/Unit/Service/Delegation/DelegationConsentServiceTest.php
No syntax errors detected in ./tests/Unit/Service/Delegation/DelegationServiceTest.php
No syntax errors detected in ./tests/Unit/Service/Delegation/DelegationResolverTest.php
No syntax errors detected in ./tests/Unit/Service/McpDiscoveryServiceTest.php
No syntax errors detected in ./tests/Unit/Service/AuthorizationAuditServiceTest.php
No syntax errors detected in ./tests/Unit/Service/Settings/ConfigurationSettingsHandlerTest.php
No syntax errors detected in ./tests/Unit/Service/Settings/CacheSettingsHandlerBranchCoverageTest.php
No syntax errors detected in ./tests/Unit/Service/Settings/CacheSettingsHandlerCoverageTest.php
No syntax errors detected in ./tests/Unit/Service/Settings/FileSettingsHandlerTest.php
No syntax errors detected in ./tests/Unit/Service/Settings/SearchBackendHandlerTest.php
No syntax errors detected in ./tests/Unit/Service/Settings/LlmSettingsHandlerTest.php
No syntax errors detected in ./tests/Unit/Service/Settings/LlmSettingsHandlerCoverageTest.php
No syntax errors detected in ./tests/Unit/Service/Settings/ValidationOperationsHandlerTest.php
No syntax errors detected in ./tests/Unit/Service/Settings/ObjectRetentionHandlerTest.php
No syntax errors detected in ./tests/Unit/Service/Settings/CacheSettingsHandlerTest.php
No syntax errors detected in ./tests/Unit/ContextChat/ContentProviderTest.php
No syntax errors detected in ./tests/Unit/ContextChat/ContentProviderRegistrationListenerTest.php
No syntax errors detected in ./tests/Unit/ContextChat/ContextChatVersionGuardTest.php
No syntax errors detected in ./tests/Unit/Activity/ProviderSubjectHandlerTest.php
No syntax errors detected in ./tests/Unit/Activity/ProviderTest.php
No syntax errors detected in ./tests/Unit/Activity/FilterTest.php
No syntax errors detected in ./tests/Unit/Activity/Setting/ObjectSettingTest.php
No syntax errors detected in ./tests/Unit/CustomSniffs/NoLegacyServerAccessorsSniffTest.php
No syntax errors detected in ./tests/Unit/AppHost/GenericStoreInstallerTest.php
No syntax errors detected in ./tests/Unit/AppHost/RoutesTest.php
No syntax errors detected in ./tests/Unit/AppHost/GenericPreferencesControllerTest.php
No syntax errors detected in ./tests/Unit/AppHost/MetricSourceTest.php
No syntax errors detected in ./tests/Unit/AppHost/GenericSettingsControllerBaseTest.php
No syntax errors detected in ./tests/Unit/AppHost/BootstrapTest.php
No syntax errors detected in ./tests/Unit/AppHost/ObservabilityManifestTest.php
No syntax errors detected in ./tests/Unit/AppHost/FederatedStoreCatalogTest.php
No syntax errors detected in ./tests/Unit/AppHost/BootstrapFactoryChainTest.php
No syntax errors detected in ./tests/Unit/AppHost/GenericSettingsServiceTest.php
No syntax errors detected in ./tests/Unit/AppHost/GenericSettingsControllerTest.php
No syntax errors detected in ./tests/Unit/AppHost/Scheduling/TestableReconciler.php
No syntax errors detected in ./tests/Unit/AppHost/Scheduling/ScheduleActionAllowListTest.php
No syntax errors detected in ./tests/Unit/AppHost/Scheduling/ScheduleReconcilerIoTest.php
No syntax errors detected in ./tests/Unit/AppHost/Scheduling/ScheduleReconcilerTest.php
No syntax errors detected in ./tests/Unit/AppHost/Scheduling/ScheduleManifestTest.php
No syntax errors detected in ./tests/Unit/AppHost/Scheduling/FakeSlugResolver.php
No syntax errors detected in ./tests/Unit/AppHost/Scheduling/CronScheduleEvaluatorTest.php
No syntax errors detected in ./tests/Unit/AppHost/Scheduling/ScheduleDescriptorTest.php
No syntax errors detected in ./tests/Unit/AppHost/MetricsEngineTest.php
No syntax errors detected in ./tests/Unit/AppHost/RegisterConfigResolverTest.php
No syntax errors detected in ./tests/Unit/AppHost/LeafOwnControllerFixture.php
No syntax errors detected in ./tests/Unit/AppHost/GenericInitializeSettingsCredentialTest.php
No syntax errors detected in ./tests/Unit/AppHost/AppHostSettingsServiceTest.php
No syntax errors detected in ./tests/Unit/AppHost/RecordingRegistrationContext.php
No syntax errors detected in ./tests/Unit/AppHost/StoreManifestSourceTest.php
No syntax errors detected in ./tests/Unit/AppHost/GitHubStoreSourceTest.php
No syntax errors detected in ./tests/Unit/AppHost/Search/AbstractSchemaSearchProviderTest.php
No syntax errors detected in ./tests/Unit/AppHost/GenericStoreControllerTest.php
No syntax errors detected in ./tests/Unit/AppHost/DescriptorValidationTest.php
No syntax errors detected in ./tests/Unit/AppHost/GenericActionAuthServiceTest.php
No syntax errors detected in ./tests/Unit/AppHost/GenericStoreServiceTest.php
No syntax errors detected in ./tests/Unit/AppHost/StoreActionAuthorizerTest.php
No syntax errors detected in ./tests/Unit/AppHost/Reference/AbstractSchemaReferenceProviderTest.php
No syntax errors detected in ./tests/Unit/AppHost/FeatureToggleServiceTest.php
No syntax errors detected in ./tests/Unit/AppHost/HealthCheckExecutorTest.php
No syntax errors detected in ./tests/Unit/AppHost/PublicPageResolverTest.php
No syntax errors detected in ./tests/Unit/AppHost/PrometheusRendererTest.php
No syntax errors detected in ./tests/Unit/Db/MagicSearchHandlerIsNullOperatorTest.php
No syntax errors detected in ./tests/Unit/Db/AuditTrailMapperBulkInsertTest.php
No syntax errors detected in ./tests/Unit/Db/ContactLinkTest.php
No syntax errors detected in ./tests/Unit/Db/FluentQueryBuilderTrait.php
No syntax errors detected in ./tests/Unit/Db/FlowTimerEntitiesTest.php
No syntax errors detected in ./tests/Unit/Db/RegisterTest.php
No syntax errors detected in ./tests/Unit/Db/ObjectEntityDeleteWindowTest.php
No syntax errors detected in ./tests/Unit/Db/FeedbackTest.php
No syntax errors detected in ./tests/Unit/Db/SchemaVersioningEntityHydrateTest.php
No syntax errors detected in ./tests/Unit/Db/DeckLinkTest.php
No syntax errors detected in ./tests/Unit/Db/CaseItemMapperQueriesTest.php
No syntax errors detected in ./tests/Unit/Db/MagicBulkHandlerRawAppendTest.php
No syntax errors detected in ./tests/Unit/Db/SchemaMapperLifecycleConditionTest.php
No syntax errors detected in ./tests/Unit/Db/OrganisationTest.php
No syntax errors detected in ./tests/Unit/Db/MagicSearchHandlerMetadataOperatorTest.php
No syntax errors detected in ./tests/Unit/Db/PollLinkTest.php
No syntax errors detected in ./tests/Unit/Db/TaskMapperRunAnchorTest.php
No syntax errors detected in ./tests/Unit/Db/TaskSideMappersTest.php
No syntax errors detected in ./tests/Unit/Db/BookmarkLinkTest.php
No syntax errors detected in ./tests/Unit/Db/AccessLinkTest.php
No syntax errors detected in ./tests/Unit/Db/WebhookMapperTest.php
No syntax errors detected in ./tests/Unit/Db/DataAccessProfileTest.php
No syntax errors detected in ./tests/Unit/Db/SelectionListTest.php
No syntax errors detected in ./tests/Unit/Db/SchemaMapperExtendedByTest.php
No syntax errors detected in ./tests/Unit/Db/ChunkTest.php
No syntax errors detected in ./tests/Unit/Db/TaskMapperQueriesTest.php
No syntax errors detected in ./tests/Unit/Db/ObjectEntityRunLockTest.php
No syntax errors detected in ./tests/Unit/Db/MagicSearchHandlerBooleanTermTest.php
No syntax errors detected in ./tests/Unit/Db/WebhookTest.php
No syntax errors detected in ./tests/Unit/Db/MagicFacetHandlerMissingBucketTest.php
No syntax errors detected in ./tests/Unit/Db/RegisterMapperDiagnosticsTest.php
No syntax errors detected in ./tests/Unit/Db/MagicFacetHandlerTest.php
No syntax errors detected in ./tests/Unit/Db/MagicSearchHandlerTest.php
No syntax errors detected in ./tests/Unit/Db/FileMapperGetFileIdsForObjectsTest.php
No syntax errors detected in ./tests/Unit/Db/SchemaCalendarDatesTest.php
No syntax errors detected in ./tests/Unit/Db/MessageTest.php
No syntax errors detected in ./tests/Unit/Db/WebhookLogTest.php
No syntax errors detected in ./tests/Unit/Db/AuditTrailSortDirectionTest.php
No syntax errors detected in ./tests/Unit/Db/TaskSequenceMapperQueriesTest.php
No syntax errors detected in ./tests/Unit/Db/FlowVersionMapperDeleteTest.php
No syntax errors detected in ./tests/Unit/Db/EmailLinkTest.php
No syntax errors detected in ./tests/Unit/Db/MultiTenancyTraitSetOwnerOnCreateTest.php
No syntax errors detected in ./tests/Unit/Db/ConfigurationMapperTest.php
No syntax errors detected in ./tests/Unit/Db/FlowRunStepOrderingMapperTest.php
No syntax errors detected in ./tests/Unit/Db/TaskMapperTest.php
No syntax errors detected in ./tests/Unit/Db/MapperNamedArgumentContractTest.php
No syntax errors detected in ./tests/Unit/Db/PortalTaskDeliveryMapperTest.php
No syntax errors detected in ./tests/Unit/Db/RegisterMapperHelperTest.php
No syntax errors detected in ./tests/Unit/Db/FormLinkTest.php
No syntax errors detected in ./tests/Unit/Db/MagicSearchHandlerEncryptedFilterTest.php
No syntax errors detected in ./tests/Unit/Db/TaskEntitiesTest.php
No syntax errors detected in ./tests/Unit/Db/AuditTrailTest.php
No syntax errors detected in ./tests/Unit/Db/SchemaMapperInlineCompositionTest.php
No syntax errors detected in ./tests/Unit/Db/OrganisationMapperMemoTest.php
No syntax errors detected in ./tests/Unit/Db/EntityRelationMapperTest.php
No syntax errors detected in ./tests/Unit/Db/SchemaAnnotationVocabularyTest.php
No syntax errors detected in ./tests/Unit/Db/SchemaMapperDeleteGuardTest.php
No syntax errors detected in ./tests/Unit/Db/MappingMapperCacheInvalidationTest.php
No syntax errors detected in ./tests/Unit/Db/AuditFlowAttributionTest.php
No syntax errors detected in ./tests/Unit/Db/SchemaRelationVocabularyTest.php
No syntax errors detected in ./tests/Unit/Db/ObjectHandlingTest.php
No syntax errors detected in ./tests/Unit/Db/SchemaKeepsTheRbacControlBlocksTest.php
No syntax errors detected in ./tests/Unit/Db/TaskMapperTerminalityTest.php
No syntax errors detected in ./tests/Unit/Db/TaskInboxCriteriaNamesTest.php
No syntax errors detected in ./tests/Unit/Db/EntityRelationMapperUpdateDecisionMetadataTest.php
No syntax errors detected in ./tests/Unit/Db/AnonymisationLogMapperTest.php
No syntax errors detected in ./tests/Unit/Db/SchemaLinkedTypesTest.php
No syntax errors detected in ./tests/Unit/Db/ConsumerTest.php
No syntax errors detected in ./tests/Unit/Db/GdprEntityTest.php
No syntax errors detected in ./tests/Unit/Db/GdprEntityMapperTest.php
No syntax errors detected in ./tests/Unit/Db/SchemaMcpVocabularyTest.php
No syntax errors detected in ./tests/Unit/Db/InListChunkingTest.php
No syntax errors detected in ./tests/Unit/Db/SchemaLinkedTypesCleanupTest.php
No syntax errors detected in ./tests/Unit/Db/FlowRunSerialisationTest.php
No syntax errors detected in ./tests/Unit/Db/AgentTest.php
No syntax errors detected in ./tests/Unit/Db/ObjectEntityTest.php
No syntax errors detected in ./tests/Unit/Db/NotificationDispatchLogTest.php
No syntax errors detected in ./tests/Unit/Db/MariaDbSearchHandlerDateFilterTest.php
No syntax errors detected in ./tests/Unit/Db/MagicMapper/MagicMapperFindAcrossAllMagicTablesAccessControlTest.php
No syntax errors detected in ./tests/Unit/Db/MagicMapper/FacetsObeyThePropertyReadRuleTest.php
No syntax errors detected in ./tests/Unit/Db/MagicMapper/MagicRbacHandlerZaaktypeTest.php
No syntax errors detected in ./tests/Unit/Db/MagicMapper/MagicMapperFindAcrossAllMagicTablesTest.php
No syntax errors detected in ./tests/Unit/Db/MagicMapper/MagicRbacHandlerTest.php
No syntax errors detected in ./tests/Unit/Db/MagicMapper/MagicSearchHandlerUnionTenancyTest.php
No syntax errors detected in ./tests/Unit/Db/MagicMapper/MagicMapperKeyOrderColumnTypeTest.php
No syntax errors detected in ./tests/Unit/Db/MagicMapper/MagicMapperBatchSoftDeleteTest.php
No syntax errors detected in ./tests/Unit/Db/MagicMapper/MagicMapperFindInRegisterSchemaTableAccessControlTest.php
No syntax errors detected in ./tests/Unit/Db/MagicMapper/MagicRbacHandlerInheritFromPublicTest.php
No syntax errors detected in ./tests/Unit/Db/MagicMapper/MagicMapperDeletedRestoreTest.php
No syntax errors detected in ./tests/Unit/Db/MagicMapper/FacetCountsHonourTheFilterTest.php
No syntax errors detected in ./tests/Unit/Db/MagicMapper/MagicRbacHandlerAnonymousScopeTest.php
No syntax errors detected in ./tests/Unit/Db/MagicMapper/MagicMapperResolveContextTest.php
No syntax errors detected in ./tests/Unit/Db/MagicMapper/MagicRbacHandlerDepthAndScaleTest.php
No syntax errors detected in ./tests/Unit/Db/MagicMapper/MagicRbacHandlerDenyTest.php
No syntax errors detected in ./tests/Unit/Db/MagicMapper/MagicMapperSearchableIndexTest.php
No syntax errors detected in ./tests/Unit/Db/MagicMapper/MagicMapperSchemaOwnershipTest.php
No syntax errors detected in ./tests/Unit/Db/MagicMapper/MagicOrganizationHandlerScopeTest.php
No syntax errors detected in ./tests/Unit/Db/MagicMapper/MagicRbacPredicateForAliasTest.php
No syntax errors detected in ./tests/Unit/Db/MagicMapper/MagicSearchHandlerArchiveLensTest.php
No syntax errors detected in ./tests/Unit/Db/MagicMapper/MagicMapperUnionBatchingTest.php
No syntax errors detected in ./tests/Unit/Db/MagicMapper/MagicOrganizationHandlerAnonymousScopeTest.php
No syntax errors detected in ./tests/Unit/Db/MagicMapper/MagicMapperPurgeExpiredTest.php
No syntax errors detected in ./tests/Unit/Db/MagicMapper/MagicRbacHandlerSystemOwnerTest.php
No syntax errors detected in ./tests/Unit/Db/MultiTenancyRbacDenialTest.php
No syntax errors detected in ./tests/Unit/Db/FlowClaimMapperTest.php
No syntax errors detected in ./tests/Unit/Db/TaskKindTest.php
No syntax errors detected in ./tests/Unit/Db/MagicTableHandlerTest.php
No syntax errors detected in ./tests/Unit/Db/MagicBulkHandlerPreUpdateStateTest.php
No syntax errors detected in ./tests/Unit/Db/FlowStreamMapperTest.php
No syntax errors detected in ./tests/Unit/Db/DestructionListTest.php
No syntax errors detected in ./tests/Unit/Db/SearchTrailTest.php
No syntax errors detected in ./tests/Unit/Db/ConversationTest.php
No syntax errors detected in ./tests/Unit/Db/SchemaAuthorizationRolesTest.php
No syntax errors detected in ./tests/Unit/Db/MagicStatisticsHandlerTest.php
No syntax errors detected in ./tests/Unit/Db/ObjectEntityTmloTest.php
No syntax errors detected in ./tests/Unit/Db/FileMapperFindOwningObjectUuidTest.php
No syntax errors detected in ./tests/Unit/Db/EndpointTest.php
No syntax errors detected in ./tests/Unit/Db/FlowTimerLedgerMappersTest.php
No syntax errors detected in ./tests/Unit/Db/NotificationHistoryTest.php
No syntax errors detected in ./tests/Unit/Db/SchemaMapperAutoTransitionValidationTest.php
No syntax errors detected in ./tests/Unit/Db/ContactLinkMapperTest.php
No syntax errors detected in ./tests/Unit/Db/SchemaFalsyPropertyValuesTest.php
No syntax errors detected in ./tests/Unit/Db/FlowTest.php
No syntax errors detected in ./tests/Unit/Db/FlowStateTest.php
No syntax errors detected in ./tests/Unit/Db/AnonymisationLogTest.php
No syntax errors detected in ./tests/Unit/Db/TalkLinkTest.php
No syntax errors detected in ./tests/Unit/Db/SchemaImportSourceConfigTest.php
No syntax errors detected in ./tests/Unit/Db/NotificationDedupeStateTest.php
No syntax errors detected in ./tests/Unit/Db/FlowRunMapperFairnessTest.php
No syntax errors detected in ./tests/Unit/Db/RegisterSchemaRbacTest.php
No syntax errors detected in ./tests/Unit/Db/CollectiveLinkTest.php
No syntax errors detected in ./tests/Unit/Db/FederatedShareMapperTenancyTest.php
No syntax errors detected in ./tests/Unit/Db/SchemaSemanticMarkerTest.php
No syntax errors detected in ./tests/Unit/Db/AuditTrailMapperBulkTest.php
No syntax errors detected in ./tests/Unit/Db/MappingTest.php
No syntax errors detected in ./tests/Unit/Db/TaskMapperExternalTest.php
No syntax errors detected in ./tests/Unit/Db/ViewTest.php
No syntax errors detected in ./tests/Unit/Db/ChunkMapperKeywordSearchTest.php
No syntax errors detected in ./tests/Unit/Db/SchemaTest.php
No syntax errors detected in ./tests/Unit/Db/RegisterMapperTest.php
No syntax errors detected in ./tests/Unit/Db/FlowMapperApplicationSlugTest.php
No syntax errors detected in ./tests/Unit/Db/SchemaSaveGovernsScopedPropertiesTest.php
No syntax errors detected in ./tests/Unit/Db/SchemaWriteOnlyPathsAnnotationTest.php
No syntax errors detected in ./tests/Unit/Db/WebhookMapperInterceptionInvalidationTest.php
No syntax errors detected in ./tests/Unit/Db/ConfigurationTest.php
No syntax errors detected in ./tests/Unit/Db/MagicMapperIdentifierBoundTest.php
No syntax errors detected in ./tests/Unit/Db/SchemaArchivalVocabularyTest.php
No syntax errors detected in ./tests/Unit/Db/FlowRunMapperSubjectScopeTest.php
No syntax errors detected in ./tests/Unit/Db/SchemaHingeAnnotationsTest.php
No syntax errors detected in ./tests/Unit/Db/TenantUsageMapperTest.php
No syntax errors detected in ./tests/Unit/Db/ObjectEntityLockExtensionTest.php
No syntax errors detected in ./tests/Unit/Db/FlowTimerMapperQueriesTest.php
No syntax errors detected in ./tests/Unit/Db/ApplicationTest.php
No syntax errors detected in ./tests/Unit/Db/SourceTest.php
No syntax errors detected in ./tests/Unit/Db/RegisterMapperDeterministicFindTest.php
No syntax errors detected in ./tests/Unit/Db/AuditTrailPayloadHelperTest.php
No syntax errors detected in ./tests/Unit/Db/SchemaEncryptedPropertiesTest.php
No syntax errors detected in ./tests/Unit/Db/AgentMapperTest.php
No syntax errors detected in ./tests/Unit/Db/MultiTenancyTraitApplyActiveOrgFilterTest.php
No syntax errors detected in ./tests/Unit/Db/EndpointLogTest.php
No syntax errors detected in ./tests/Unit/Db/ObjectEntityArchivalRetentionTest.php
No syntax errors detected in ./tests/Unit/Db/ChunkMapperLiveQueryTest.php
No syntax errors detected in ./tests/Unit/Db/EntityRelationTest.php
No syntax errors detected in ./tests/Unit/Db/FilePublicationWindowTest.php
No syntax errors detected in ./tests/Unit/Db/MagicSearchHandlerRelationsFilterMariaDbTest.php
No syntax errors detected in ./tests/Unit/Db/MagicSearchHandlerRelationsFilterTest.php
No syntax errors detected in ./tests/Unit/Db/MagicSearchHandlerNumericUuidFilterTest.php
No syntax errors detected in ./tests/Unit/Db/SchemaMapperTest.php
No syntax errors detected in ./tests/Unit/Db/QueuedNotificationTest.php
No syntax errors detected in ./tests/Unit/Db/MultiTenancyTraitOrganisationAccessTest.php
No syntax errors detected in ./tests/Unit/BulkAction/PropertyWriteActionsTest.php
No syntax errors detected in ./tests/Unit/BulkAction/RestorePriorValuesActionTest.php
No syntax errors detected in ./tests/Unit/BulkAction/ExportWholeSetActionTest.php
No syntax errors detected in ./tests/Unit/Listener/SurvivorshipRecomputeListenerTest.php
No syntax errors detected in ./tests/Unit/Listener/FileChangeListenerTest.php
No syntax errors detected in ./tests/Unit/Listener/AggregationThresholdListenerTest.php
No syntax errors detected in ./tests/Unit/Listener/QualityScoreOnSaveListenerTest.php
No syntax errors detected in ./tests/Unit/Listener/PortalTaskReminderListenerTest.php
No syntax errors detected in ./tests/Unit/Listener/TaskRunTerminalListenerTest.php
No syntax errors detected in ./tests/Unit/Listener/LifecycleInitialStateListenerTest.php
No syntax errors detected in ./tests/Unit/Listener/AnnotationNotificationListenerTest.php
No syntax errors detected in ./tests/Unit/Listener/FacetCacheInvalidationListenerTest.php
No syntax errors detected in ./tests/Unit/Listener/SchemaFlowImportListenerTest.php
No syntax errors detected in ./tests/Unit/Listener/SourceRecordChangeListenerTest.php
No syntax errors detected in ./tests/Unit/Listener/MailAppScriptListenerTest.php
No syntax errors detected in ./tests/Unit/Listener/CommentsEntityListenerTest.php
No syntax errors detected in ./tests/Unit/Listener/DependentValueListenerTest.php
No syntax errors detected in ./tests/Unit/Listener/LeafScriptListenerTest.php
No syntax errors detected in ./tests/Unit/Listener/FlowRunLockReleaseListenerTest.php
No syntax errors detected in ./tests/Unit/Listener/TaskSequenceProgressListenerTest.php
No syntax errors detected in ./tests/Unit/Listener/ObjectMetricsListenerTest.php
No syntax errors detected in ./tests/Unit/Listener/FavouritePruneListenerTest.php
No syntax errors detected in ./tests/Unit/Listener/FlowTimerSubjectTerminalListenerTest.php
No syntax errors detected in ./tests/Unit/Listener/NotificationDedupePruneListenerTest.php
No syntax errors detected in ./tests/Unit/Listener/CaseListenersTest.php
No syntax errors detected in ./tests/Unit/Listener/GeneratedIdentifierListenerTest.php
No syntax errors detected in ./tests/Unit/Listener/TaskTerminalProjectionListenerTest.php
No syntax errors detected in ./tests/Unit/Listener/ContentReportRemovalListenerTest.php
No syntax errors detected in ./tests/Unit/Listener/HandoffListenersTest.php
No syntax errors detected in ./tests/Unit/Listener/SystemEntityNotificationListenerTest.php
No syntax errors detected in ./tests/Unit/Listener/AutoTransitionRecordListenerTest.php
No syntax errors detected in ./tests/Unit/Listener/WebhookEventListenerTest.php
No syntax errors detected in ./tests/Unit/Listener/FlowNodeRegistrationListenerTest.php
No syntax errors detected in ./tests/Unit/Listener/ObjectChangeListenerGapTest.php
No syntax errors detected in ./tests/Unit/Listener/ApprovalChainAdvanceListenerTest.php
No syntax errors detected in ./tests/Unit/Listener/CalculationOnSavePropertyDeclarationTest.php
No syntax errors detected in ./tests/Unit/Listener/LifecycleValidationListenerTest.php
No syntax errors detected in ./tests/Unit/Listener/ObjectCleanupListenerTest.php
No syntax errors detected in ./tests/Unit/Listener/LifecycleConditionTest.php
No syntax errors detected in ./tests/Unit/Listener/FlowNodePreflightListenerTest.php
No syntax errors detected in ./tests/Unit/Listener/GraphQLSubscriptionListenerTest.php
No syntax errors detected in ./tests/Unit/Listener/StateFieldRuleListenerTest.php
No syntax errors detected in ./tests/Unit/Listener/AuthorizationCacheInvalidationListenerTest.php
No syntax errors detected in ./tests/Unit/Listener/ApprovalChainGateListenerTest.php
No syntax errors detected in ./tests/Unit/Listener/WorkingCalendarGuardListenersTest.php
No syntax errors detected in ./tests/Unit/Listener/IntegrationGlobalScriptListenerTest.php
No syntax errors detected in ./tests/Unit/Listener/TaskVtodoWriteBackListenerTest.php
No syntax errors detected in ./tests/Unit/Listener/NotificationDedupeAnnotationSyncListenerTest.php
No syntax errors detected in ./tests/Unit/Listener/ObjectChangeListenerTest.php
No syntax errors detected in ./tests/Unit/Listener/AggregationCacheInvalidationListenerTest.php
No syntax errors detected in ./tests/Unit/Listener/LifecycleActionListenerTest.php
No syntax errors detected in ./tests/Unit/Listener/TaskNotificationListenerTest.php
No syntax errors detected in ./tests/Unit/Listener/FlowTriggerListenerTest.php
No syntax errors detected in ./tests/Unit/Listener/ContextChatSubmissionListenerTest.php
No syntax errors detected in ./tests/Unit/Listener/TranslationProjectionListenerTest.php
No syntax errors detected in ./tests/Unit/Listener/NotifyPushListenerTest.php
No syntax errors detected in ./tests/Unit/Listener/GrantableRightsInvalidationListenerTest.php
No syntax errors detected in ./tests/Unit/Listener/ArchivalNominationListenerTest.php
No syntax errors detected in ./tests/Unit/Listener/ActivityEventListenerTest.php
No syntax errors detected in ./tests/Unit/Listener/TablesTableDeletedListenerTest.php
No syntax errors detected in ./tests/Unit/Listener/NativeFlowTriggerListenerTest.php
No syntax errors detected in ./tests/Unit/Listener/PartyMergeListenerTest.php
No syntax errors detected in ./tests/Unit/Listener/ToolRegistrationListenerTest.php
No syntax errors detected in ./tests/Unit/Listener/CalculationOnSaveListenerSequenceTest.php
No syntax errors detected in ./tests/Unit/Migration/Version1Date20260911060000Test.php
No syntax errors detected in ./tests/Unit/Migration/Version1Date20260511130000Test.php
No syntax errors detected in ./tests/Unit/Migration/Version1Date20260706110000Test.php
No syntax errors detected in ./tests/Unit/Migration/Version1Date20260901120000Test.php
No syntax errors detected in ./tests/Unit/Migration/MigrationVersionBumpCheckTest.php
No syntax errors detected in ./tests/Unit/Migration/Version1Date20260913180000Test.php
No syntax errors detected in ./tests/Unit/Migration/Version1Date20260911050000Test.php
No syntax errors detected in ./tests/Unit/Migration/Version1Date20260512120000Test.php
No syntax errors detected in ./tests/Unit/Migration/Version1Date20260902090000Test.php
No syntax errors detected in ./tests/Unit/Migration/SchemaReuseHygieneTest.php
No syntax errors detected in ./tests/Unit/Migration/Version1Date20260706101000Test.php
No syntax errors detected in ./tests/Unit/Migration/Version1Date20260313130000Test.php
No syntax errors detected in ./tests/Unit/Migration/Version1Date20260706100000Test.php
No syntax errors detected in ./tests/Unit/Migration/Version1Date20260903150000Test.php
No syntax errors detected in ./tests/Unit/Migration/Version1Date20260824120000Test.php
No syntax errors detected in ./tests/Unit/Migration/Version1Date20260809000000Test.php
No syntax errors detected in ./tests/Unit/Search/ObjectsProviderTest.php
No syntax errors detected in ./tests/Unit/Search/SearchDictionaryProviderTest.php
No syntax errors detected in ./tests/Unit/Search/HistoryNarrowingTest.php
No syntax errors detected in ./tests/Unit/Search/SearchDictionaryTest.php
No syntax errors detected in ./tests/Unit/Search/SearchScopesTest.php
No syntax errors detected in ./tests/Unit/Search/HistoryPredicateTest.php
No syntax errors detected in ./tests/Unit/Support/RegistersContainerServices.php
No syntax errors detected in ./tests/Unit/Support/PermissionBitTest.php
No syntax errors detected in ./tests/Unit/Support/FilterParamsTest.php
No syntax errors detected in ./tests/Unit/Support/FleetAppIdTest.php
No syntax errors detected in ./tests/Unit/Support/PlainFakeCache.php
No syntax errors detected in ./tests/Unit/Support/QueryLimitTest.php
No syntax errors detected in ./tests/Unit/Support/RegisterSlugPinTest.php
No syntax errors detected in ./tests/Unit/Support/FakeMemcache.php
No syntax errors detected in ./tests/Unit/Command/DedupeConfigurationsCommandTest.php
No syntax errors detected in ./tests/Unit/Command/DescriptorListCommandTest.php
No syntax errors detected in ./tests/Unit/Command/PruneRetiredSchemasCommandTest.php
No syntax errors detected in ./tests/Unit/Command/PruneRetiredSchemasArchivalTest.php
No syntax errors detected in ./tests/Unit/Command/DedupeSharedSchemasCommandTest.php
No syntax errors detected in ./tests/Unit/Command/AdoptLeafOrganisationsCommandTest.php
No syntax errors detected in ./tests/Unit/Command/PurgeObjectCommandTest.php
No syntax errors detected in ./tests/Unit/Command/MigrateStorageCommandTest.php
No syntax errors detected in ./tests/Unit/Command/EncryptFieldCommandTest.php
No syntax errors detected in ./tests/Unit/Command/RechainAuditTrailCommandTest.php
No syntax errors detected in ./tests/Unit/Contacts/ContactsMenuProviderTest.php
No syntax errors detected in ./tests/Unit/Architecture/ReferenceOptionsRouteIsReachableTest.php
No syntax errors detected in ./tests/Unit/Architecture/RouteNameUniquenessTest.php
No syntax errors detected in ./tests/Unit/Architecture/ExportRunsHaveAProducerTest.php
No syntax errors detected in ./tests/Unit/Architecture/AggregatePathsAskPermissionTest.php
No syntax errors detected in ./tests/Unit/Architecture/ReadableAuditRouteIsReachableTest.php
No syntax errors detected in ./tests/Unit/Architecture/BpmnIsABoundaryTest.php
No syntax errors detected in ./tests/Unit/Sections/OpenRegisterAdminTest.php
No syntax errors detected in ./tests/Unit/Push/PushEventsTest.php
No syntax errors detected in ./tests/Unit/Exception/ReferentialIntegrityExceptionTest.php
No syntax errors detected in ./tests/Unit/Exception/ExceptionsTest.php
No syntax errors detected in ./tests/Unit/Exception/FolderAccessDeniedExceptionTest.php
No syntax errors detected in ./tests/Unit/Exception/DatabaseConstraintExceptionSlugTest.php
No syntax errors detected in ./tests/Unit/Exception/ArchivalImmutableExceptionTest.php
No syntax errors detected in ./tests/Unit/Exception/ObjectExistsExceptionTest.php
No syntax errors detected in ./tests/Unit/Exception/OasValidationExceptionTest.php
No syntax errors detected in ./tests/Unit/Tool/ObjectsToolTest.php
No syntax errors detected in ./tests/Unit/Tool/SchemaToolTest.php
No syntax errors detected in ./tests/Unit/Tool/McpProviderBridgeTest.php
No syntax errors detected in ./tests/Unit/Tool/AbstractToolTest.php
No syntax errors detected in ./tests/Unit/Tool/RegisterToolTest.php
No syntax errors detected in ./tests/Unit/Tool/AgentToolTest.php
No syntax errors detected in ./tests/Unit/Tool/StreamingToolInstanceWrapperTest.php
No syntax errors detected in ./tests/Unit/Tool/ApplicationToolTest.php
No syntax errors detected in ./tests/Unit/Reference/ObjectReferenceProviderTest.php
No syntax errors detected in ./tests/Unit/Resources/RapportageTemplatesTest.php
No syntax errors detected in ./tests/Unit/MockedCallSurfaceTest.php
No syntax errors detected in ./tests/Unit/Twig/MappingRuntimeTest.php
No syntax errors detected in ./tests/Unit/Twig/MappingRuntimeLoaderTest.php
No syntax errors detected in ./tests/Unit/Twig/MappingExtensionTest.php
No syntax errors detected in ./tests/Unit/Twig/AuthenticationExtensionTest.php
No syntax errors detected in ./tests/Unit/Twig/AuthenticationRuntimeTest.php
No syntax errors detected in ./tests/Unit/Dav/TaskVtodoWriteBackPluginTest.php
No syntax errors detected in ./tests/Unit/Notification/AnnotationNotifierTest.php
No syntax errors detected in ./tests/Unit/Notification/AnnotationNotifierWebPushTest.php
No syntax errors detected in ./tests/Unit/Notification/NotifierTest.php
No syntax errors detected in ./tests/Unit/Calendar/CalendarEventTransformerTest.php
No syntax errors detected in ./tests/Unit/Calendar/RegisterCalendarProviderTest.php
No syntax errors detected in ./tests/Unit/Calendar/RegisterCalendarTest.php
No syntax errors detected in ./tests/Unit/Settings/VocabularyRegisterJsonTest.php
No syntax errors detected in ./tests/Unit/Settings/EveryCoreRegisterIsImportedTest.php
No syntax errors detected in ./tests/Unit/Settings/TrustConfigurationSeedLocationTest.php
No syntax errors detected in ./tests/Unit/Settings/IntegrationsAdminSettingsTest.php
No syntax errors detected in ./tests/Unit/Settings/MockRegisterLifecycleTest.php
No syntax errors detected in ./tests/Unit/Settings/OpenRegisterAdminTest.php
No syntax errors detected in ./tests/Unit/Settings/ConnectionsDeclarationTest.php
No syntax errors detected in ./templates/settings/personal.php
No syntax errors detected in ./templates/settings/integrations-admin.php
No syntax errors detected in ./templates/settings/admin.php
No syntax errors detected in ./templates/index.php
No syntax errors detected in ./scripts/generate-dependency-graph.php
No syntax errors detected in ./scripts/check-migration-version-bump.php
No syntax errors detected in ./scripts/remove-psalm-suppressions.php
No syntax errors detected in ./scripts/add-phpmd-suppressions.php
No syntax errors detected in ./scripts/coverage-guard.php
No syntax errors detected in ./appinfo/routes.php
No syntax errors detected in ./lib/BackgroundJob/ConfigurationCheckJob.php
No syntax errors detected in ./lib/BackgroundJob/TenantDeprovisionJob.php
No syntax errors detected in ./lib/BackgroundJob/RecordedQueuedJob.php
No syntax errors detected in ./lib/BackgroundJob/SearchIndexRebuildJob.php
No syntax errors detected in ./lib/BackgroundJob/RecordsItsRuns.php
No syntax errors detected in ./lib/BackgroundJob/AggregationThresholdJob.php
No syntax errors detected in ./lib/BackgroundJob/RecordedTimedJob.php
No syntax errors detected in ./lib/BackgroundJob/ReviewReminderJob.php
No syntax errors detected in ./lib/BackgroundJob/SyncDataJob.php
No syntax errors detected in ./lib/BackgroundJob/StateHistoryRebuildJob.php
No syntax errors detected in ./lib/BackgroundJob/AvgRetentionJob.php
No syntax errors detected in ./lib/BackgroundJob/SubjectExportJob.php
No syntax errors detected in ./lib/BackgroundJob/BulkJobRunner.php
No syntax errors detected in ./lib/BackgroundJob/TenantUsageSyncJob.php
No syntax errors detected in ./lib/BackgroundJob/DestructionCheckJob.php
No syntax errors detected in ./lib/BackgroundJob/AutoTransitionJob.php
No syntax errors detected in ./lib/BackgroundJob/WebPushDispatchJob.php
No syntax errors detected in ./lib/BackgroundJob/DestructionExecutionJob.php
No syntax errors detected in ./lib/BackgroundJob/SourceRecordRecomputeJob.php
No syntax errors detected in ./lib/BackgroundJob/CacheWarmupJob.php
No syntax errors detected in ./lib/BackgroundJob/SchemaRunJob.php
No syntax errors detected in ./lib/BackgroundJob/ConsistencyCheckJob.php
No syntax errors detected in ./lib/BackgroundJob/PresenceExpiryJob.php
No syntax errors detected in ./lib/BackgroundJob/TemporalCalculationSweepJob.php
No syntax errors detected in ./lib/BackgroundJob/ViewAlertSweepJob.php
No syntax errors detected in ./lib/BackgroundJob/TransferCheckJob.php
No syntax errors detected in ./lib/BackgroundJob/GroupReconcilerJob.php
No syntax errors detected in ./lib/BackgroundJob/BackfillCalendarLinksJob.php
No syntax errors detected in ./lib/BackgroundJob/FlowRunRetentionJob.php
No syntax errors detected in ./lib/BackgroundJob/ScheduledNotificationJob.php
No syntax errors detected in ./lib/BackgroundJob/ScheduledReportRunNowJob.php
No syntax errors detected in ./lib/BackgroundJob/WebhookRetryJob.php
No syntax errors detected in ./lib/BackgroundJob/CronFileTextExtractionJob.php
No syntax errors detected in ./lib/BackgroundJob/AuditSealJob.php
No syntax errors detected in ./lib/BackgroundJob/ScheduledReportJob.php
No syntax errors detected in ./lib/BackgroundJob/NameCacheWarmupJob.php
No syntax errors detected in ./lib/BackgroundJob/FileTextExtractionJob.php
No syntax errors detected in ./lib/BackgroundJob/DbalIntrospectionJob.php
No syntax errors detected in ./lib/BackgroundJob/LogCleanUpTask.php
No syntax errors detected in ./lib/BackgroundJob/HandoffQueueDrainJob.php
No syntax errors detected in ./lib/BackgroundJob/FlowRunWorker.php
No syntax errors detected in ./lib/BackgroundJob/RecomputeTimersForCalendarJob.php
No syntax errors detected in ./lib/BackgroundJob/SyncConfigurationsJob.php
No syntax errors detected in ./lib/BackgroundJob/TenantPurgeJob.php
No syntax errors detected in ./lib/BackgroundJob/ConnectionSeamReportJob.php
No syntax errors detected in ./lib/BackgroundJob/AnnotationNotificationDispatchJob.php
No syntax errors detected in ./lib/BackgroundJob/NotificationQueueFlushJob.php
No syntax errors detected in ./lib/BackgroundJob/RuleRunRetentionJob.php
No syntax errors detected in ./lib/BackgroundJob/TranslationProjectionJob.php
No syntax errors detected in ./lib/BackgroundJob/OAuth2TokenRefreshJob.php
No syntax errors detected in ./lib/BackgroundJob/SweepExpiredExportRunsJob.php
No syntax errors detected in ./lib/BackgroundJob/WebhookDeliveryJob.php
No syntax errors detected in ./lib/BackgroundJob/DsarRetentionSweepJob.php
No syntax errors detected in ./lib/BackgroundJob/ObjectTextExtractionJob.php
No syntax errors detected in ./lib/BackgroundJob/FlowScheduleWorker.php
No syntax errors detected in ./lib/BackgroundJob/ArchivalRetentionTask.php
No syntax errors detected in ./lib/BackgroundJob/ReportRenderJob.php
No syntax errors detected in ./lib/BackgroundJob/BulkLegalHoldJob.php
No syntax errors detected in ./lib/BackgroundJob/ObjectCleanupJob.php
No syntax errors detected in ./lib/BackgroundJob/ImportPreviewRunner.php
No syntax errors detected in ./lib/BackgroundJob/ActorForwardedJob.php
No syntax errors detected in ./lib/BackgroundJob/DeferredObjectEventJob.php
No syntax errors detected in ./lib/BackgroundJob/TaskScheduledNotificationJob.php
No syntax errors detected in ./lib/BackgroundJob/ChunkVectorizationJob.php
No syntax errors detected in ./lib/BackgroundJob/FlowTimerWorker.php
No syntax errors detected in ./lib/BackgroundJob/BlobMigrationJob.php
No syntax errors detected in ./lib/BackgroundJob/CacheClearAndWarmJob.php
No syntax errors detected in ./lib/BackgroundJob/DsarDpiaDetectionJob.php
No syntax errors detected in ./lib/BackgroundJob/TransferExecutionJob.php
No syntax errors detected in ./lib/Controller/SourcesController.php
No syntax errors detected in ./lib/Controller/FlowTestRunController.php
No syntax errors detected in ./lib/Controller/RegisterDescriptorController.php
No syntax errors detected in ./lib/Controller/FederatedConfigController.php
No syntax errors detected in ./lib/Controller/EmailsController.php
No syntax errors detected in ./lib/Controller/MergeController.php
No syntax errors detected in ./lib/Controller/SettingsController.php
No syntax errors detected in ./lib/Controller/PollLinksController.php
No syntax errors detected in ./lib/Controller/ChatController.php
No syntax errors detected in ./lib/Controller/FileSearchController.php
No syntax errors detected in ./lib/Controller/TranslationController.php
No syntax errors detected in ./lib/Controller/TalkLinksController.php
No syntax errors detected in ./lib/Controller/UserSettingsController.php
No syntax errors detected in ./lib/Controller/VocabularyController.php
No syntax errors detected in ./lib/Controller/ExportProfilesController.php
No syntax errors detected in ./lib/Controller/AggregationController.php
No syntax errors detected in ./lib/Controller/NotificationHistoryController.php
No syntax errors detected in ./lib/Controller/TimelineEntriesController.php
No syntax errors detected in ./lib/Controller/HardeningStatementController.php
No syntax errors detected in ./lib/Controller/FlowRunController.php
No syntax errors detected in ./lib/Controller/DashboardController.php
No syntax errors detected in ./lib/Controller/PersonLookupController.php
No syntax errors detected in ./lib/Controller/CollectiveLinksController.php
No syntax errors detected in ./lib/Controller/NotificationTemplatesController.php
No syntax errors detected in ./lib/Controller/FlowTimerDiagnosticController.php
No syntax errors detected in ./lib/Controller/ObjectActionsController.php
No syntax errors detected in ./lib/Controller/HandoffController.php
No syntax errors detected in ./lib/Controller/FederationController.php
No syntax errors detected in ./lib/Controller/ContentReportController.php
No syntax errors detected in ./lib/Controller/EmailLinksController.php
No syntax errors detected in ./lib/Controller/ProcessingLogController.php
No syntax errors detected in ./lib/Controller/SubjectExportController.php
No syntax errors detected in ./lib/Controller/RegistrySubscriptionController.php
No syntax errors detected in ./lib/Controller/VerwerkingsactiviteitenController.php
No syntax errors detected in ./lib/Controller/FlowController.php
No syntax errors detected in ./lib/Controller/FilesController.php
No syntax errors detected in ./lib/Controller/UserController.php
No syntax errors detected in ./lib/Controller/TagsController.php
No syntax errors detected in ./lib/Controller/UiController.php
No syntax errors detected in ./lib/Controller/OrganisationController.php
No syntax errors detected in ./lib/Controller/MapLinksController.php
No syntax errors detected in ./lib/Controller/BookmarkLinksController.php
No syntax errors detected in ./lib/Controller/PartyController.php
No syntax errors detected in ./lib/Controller/WellKnownController.php
No syntax errors detected in ./lib/Controller/CalendarEventsController.php
No syntax errors detected in ./lib/Controller/RelationsController.php
No syntax errors detected in ./lib/Controller/FlowPrincipalController.php
No syntax errors detected in ./lib/Controller/TmloController.php
No syntax errors detected in ./lib/Controller/ArchivalController.php
No syntax errors detected in ./lib/Controller/FlowNodeRunController.php
No syntax errors detected in ./lib/Controller/QualityController.php
No syntax errors detected in ./lib/Controller/AccessLinkController.php
No syntax errors detected in ./lib/Controller/TasksController.php
No syntax errors detected in ./lib/Controller/ConfigurationsController.php
No syntax errors detected in ./lib/Controller/TransitionController.php
No syntax errors detected in ./lib/Controller/ConfigurationController.php
No syntax errors detected in ./lib/Controller/MappingsController.php
No syntax errors detected in ./lib/Controller/ReportsController.php
No syntax errors detected in ./lib/Controller/OperationsMaintenanceController.php
No syntax errors detected in ./lib/Controller/MigrationController.php
No syntax errors detected in ./lib/Controller/CompanyLookupController.php
No syntax errors detected in ./lib/Controller/ObjectStateController.php
No syntax errors detected in ./lib/Controller/NotificationDeliveryWindowController.php
No syntax errors detected in ./lib/Controller/McpController.php
No syntax errors detected in ./lib/Controller/PreferencesController.php
No syntax errors detected in ./lib/Controller/CalculationsController.php
No syntax errors detected in ./lib/Controller/PhotoLinksController.php
No syntax errors detected in ./lib/Controller/ObjectPermissionsController.php
No syntax errors detected in ./lib/Controller/TablesController.php
No syntax errors detected in ./lib/Controller/PortalTaskController.php
No syntax errors detected in ./lib/Controller/OpenProjectLinksController.php
No syntax errors detected in ./lib/Controller/FlowRunMigrationController.php
No syntax errors detected in ./lib/Controller/AuditSinkController.php
No syntax errors detected in ./lib/Controller/SurvivorshipController.php
No syntax errors detected in ./lib/Controller/ObjectIntegrationsController.php
No syntax errors detected in ./lib/Controller/ErasurePreviewController.php
No syntax errors detected in ./lib/Controller/XwikiLinksController.php
No syntax errors detected in ./lib/Controller/TimelineAdminController.php
No syntax errors detected in ./lib/Controller/SchemaImportController.php
No syntax errors detected in ./lib/Controller/EndpointsController.php
No syntax errors detected in ./lib/Controller/ViewsController.php
No syntax errors detected in ./lib/Controller/AuditTrailController.php
No syntax errors detected in ./lib/Controller/NamesController.php
No syntax errors detected in ./lib/Controller/McpServerController.php
No syntax errors detected in ./lib/Controller/ActivityLinksController.php
No syntax errors detected in ./lib/Controller/NotificationPreferencesController.php
No syntax errors detected in ./lib/Controller/TransferController.php
No syntax errors detected in ./lib/Controller/TaskNotesController.php
No syntax errors detected in ./lib/Controller/MessageDispatchController.php
No syntax errors detected in ./lib/Controller/ImportPreviewController.php
No syntax errors detected in ./lib/Controller/OasController.php
No syntax errors detected in ./lib/Controller/ObjectReadStateController.php
No syntax errors detected in ./lib/Controller/HeartbeatController.php
No syntax errors detected in ./lib/Controller/ContextsController.php
No syntax errors detected in ./lib/Controller/ObjectFavouriteController.php
No syntax errors detected in ./lib/Controller/SearchTrailController.php
No syntax errors detected in ./lib/Controller/ChatStreamController.php
No syntax errors detected in ./lib/Controller/ApiCallersController.php
No syntax errors detected in ./lib/Controller/ChatHealthController.php
No syntax errors detected in ./lib/Controller/PrincipalReachController.php
No syntax errors detected in ./lib/Controller/PropertyVocabularyController.php
No syntax errors detected in ./lib/Controller/MapsOverviewController.php
No syntax errors detected in ./lib/Controller/TaskController.php
No syntax errors detected in ./lib/Controller/BulkJobsController.php
No syntax errors detected in ./lib/Controller/CredentialController.php
No syntax errors detected in ./lib/Controller/CalendarFeedController.php
No syntax errors detected in ./lib/Controller/MigrationPacksController.php
No syntax errors detected in ./lib/Controller/TimeTrackerLinksController.php
No syntax errors detected in ./lib/Controller/ExportRunsController.php
No syntax errors detected in ./lib/Controller/OperationsConsoleController.php
No syntax errors detected in ./lib/Controller/BulkController.php
No syntax errors detected in ./lib/Controller/ConfigurationDeploymentController.php
No syntax errors detected in ./lib/Controller/NotificationBroadcastController.php
No syntax errors detected in ./lib/Controller/SelectielijstController.php
No syntax errors detected in ./lib/Controller/NotificationSubscriptionsController.php
No syntax errors detected in ./lib/Controller/RegistryUpdatesController.php
No syntax errors detected in ./lib/Controller/GraphQLSubscriptionController.php
No syntax errors detected in ./lib/Controller/ShareLinksController.php
No syntax errors detected in ./lib/Controller/GdprEntitiesController.php
No syntax errors detected in ./lib/Controller/RetentionController.php
No syntax errors detected in ./lib/Controller/SchemasController.php
No syntax errors detected in ./lib/Controller/ObjectsController.php
No syntax errors detected in ./lib/Controller/FlowLinksController.php
No syntax errors detected in ./lib/Controller/ApiSurfaceController.php
No syntax errors detected in ./lib/Controller/PermissionsController.php
No syntax errors detected in ./lib/Controller/DeletedController.php
No syntax errors detected in ./lib/Controller/GitHubIssuesController.php
No syntax errors detected in ./lib/Controller/ScheduledReportsController.php
No syntax errors detected in ./lib/Controller/FileTextController.php
No syntax errors detected in ./lib/Controller/UrnController.php
No syntax errors detected in ./lib/Controller/ContactsController.php
No syntax errors detected in ./lib/Controller/CaseController.php
No syntax errors detected in ./lib/Controller/ObjectRelationsController.php
No syntax errors detected in ./lib/Controller/OperationsConsistencyController.php
No syntax errors detected in ./lib/Controller/RegistersController.php
No syntax errors detected in ./lib/Controller/DeckLinksController.php
No syntax errors detected in ./lib/Controller/NotesController.php
No syntax errors detected in ./lib/Controller/ConversationController.php
No syntax errors detected in ./lib/Controller/ScopesController.php
No syntax errors detected in ./lib/Controller/WorkingCalendarController.php
No syntax errors detected in ./lib/Controller/NotificationGroupPreferencesController.php
No syntax errors detected in ./lib/Controller/WebhooksController.php
No syntax errors detected in ./lib/Controller/AuditQueryController.php
No syntax errors detected in ./lib/Controller/PermissionsAuditController.php
No syntax errors detected in ./lib/Controller/ObjectSharingController.php
No syntax errors detected in ./lib/Controller/IntegrationsController.php
No syntax errors detected in ./lib/Controller/Trait/ResolvesRegisterAndSchemaTrait.php
No syntax errors detected in ./lib/Controller/Trait/HandlesExceptionsTrait.php
No syntax errors detected in ./lib/Controller/CaseTokenController.php
No syntax errors detected in ./lib/Controller/IconController.php
No syntax errors detected in ./lib/Controller/EntityRelationsController.php
No syntax errors detected in ./lib/Controller/RevertController.php
No syntax errors detected in ./lib/Controller/SchemaMigrationController.php
No syntax errors detected in ./lib/Controller/FileSidebarController.php
No syntax errors detected in ./lib/Controller/TaskEventsController.php
No syntax errors detected in ./lib/Controller/DsarCaseController.php
No syntax errors detected in ./lib/Controller/DsarController.php
No syntax errors detected in ./lib/Controller/AgentsController.php
No syntax errors detected in ./lib/Controller/GraphQLController.php
No syntax errors detected in ./lib/Controller/ConsumersController.php
No syntax errors detected in ./lib/Controller/AnalyticsSeriesController.php
No syntax errors detected in ./lib/Controller/ManifestController.php
No syntax errors detected in ./lib/Controller/DerivedGrantsController.php
No syntax errors detected in ./lib/Controller/DataSubjectRequestController.php
No syntax errors detected in ./lib/Controller/DeckController.php
No syntax errors detected in ./lib/Controller/HardeningController.php
No syntax errors detected in ./lib/Controller/SetupController.php
No syntax errors detected in ./lib/Controller/DelegationController.php
No syntax errors detected in ./lib/Controller/WebPushController.php
No syntax errors detected in ./lib/Controller/FileExtractionController.php
No syntax errors detected in ./lib/Controller/RulesController.php
No syntax errors detected in ./lib/Controller/AnalyticsLinksController.php
No syntax errors detected in ./lib/Controller/AnonymisationBackendController.php
No syntax errors detected in ./lib/Controller/DuplicateController.php
No syntax errors detected in ./lib/Controller/ObjectWatchersController.php
No syntax errors detected in ./lib/Controller/CredentialOauth2Controller.php
No syntax errors detected in ./lib/Controller/CorrectionsController.php
No syntax errors detected in ./lib/Controller/LinkedEntityController.php
No syntax errors detected in ./lib/Controller/ObjectShareLinkController.php
No syntax errors detected in ./lib/Controller/ProcessingPurposeController.php
No syntax errors detected in ./lib/Controller/ApplicationsController.php
No syntax errors detected in ./lib/Controller/CospendLinksController.php
No syntax errors detected in ./lib/Controller/SearchController.php
No syntax errors detected in ./lib/Controller/FormLinksController.php
No syntax errors detected in ./lib/Controller/Settings/ConfigurationSettingsController.php
No syntax errors detected in ./lib/Controller/Settings/EdepotSettingsController.php
No syntax errors detected in ./lib/Controller/Settings/ValidationSettingsController.php
No syntax errors detected in ./lib/Controller/Settings/FileSettingsController.php
No syntax errors detected in ./lib/Controller/Settings/CacheSettingsController.php
No syntax errors detected in ./lib/Controller/Settings/AuditSettingsController.php
No syntax errors detected in ./lib/Controller/Settings/VectorSettingsController.php
No syntax errors detected in ./lib/Controller/Settings/SecuritySettingsController.php
No syntax errors detected in ./lib/Controller/Settings/LlmSettingsController.php
No syntax errors detected in ./lib/Controller/Settings/ApiTokenSettingsController.php
No syntax errors detected in ./lib/Capabilities/IntegrationsCapability.php
No syntax errors detected in ./lib/Capabilities/UrnCapability.php
No syntax errors detected in ./lib/Contract/RegisterSlugResolverInterface.php
No syntax errors detected in ./lib/Contract/RegisterSlugResolution.php
No syntax errors detected in ./lib/Contract/ObjectServiceInterface.php
No syntax errors detected in ./lib/Contract/ObjectEntityInterface.php
No syntax errors detected in ./lib/Middleware/TenantQuotaMiddleware.php
No syntax errors detected in ./lib/Middleware/AuthRateLimitExceededException.php
No syntax errors detected in ./lib/Middleware/ApiVersionMiddleware.php
No syntax errors detected in ./lib/Middleware/OasValidationFailureException.php
No syntax errors detected in ./lib/Middleware/TenantStatusException.php
No syntax errors detected in ./lib/Middleware/EncryptedFieldFilterMiddleware.php
No syntax errors detected in ./lib/Middleware/MaintenanceModeHeldException.php
No syntax errors detected in ./lib/Middleware/PublicApiCorsMiddleware.php
No syntax errors detected in ./lib/Middleware/MaintenanceModeMiddleware.php
No syntax errors detected in ./lib/Middleware/ApiCallerMiddleware.php
No syntax errors detected in ./lib/Middleware/UnknownMetadataFieldMiddleware.php
No syntax errors detected in ./lib/Middleware/RateLimitMiddleware.php
No syntax errors detected in ./lib/Middleware/ObjectSourceErrorMiddleware.php
No syntax errors detected in ./lib/Middleware/LanguageMiddleware.php
No syntax errors detected in ./lib/Middleware/OasValidationMiddleware.php
No syntax errors detected in ./lib/Middleware/ChatCompatMiddleware.php
No syntax errors detected in ./lib/Middleware/TenantQuotaExceededException.php
No syntax errors detected in ./lib/Middleware/Exception/ChatProxiedResponseException.php
No syntax errors detected in ./lib/Middleware/Exception/CallerRefusedException.php
No syntax errors detected in ./lib/Middleware/Exception/ApiVersionRefusedException.php
No syntax errors detected in ./lib/Middleware/RevealAuditMiddleware.php
No syntax errors detected in ./lib/Repair/ImportTrustConfigurationRegister.php
No syntax errors detected in ./lib/Repair/MigrateRenamedFlowNodeTypes.php
No syntax errors detected in ./lib/Repair/SeedIntakeSourceRegister.php
No syntax errors detected in ./lib/Repair/ImportDismissedPairRegister.php
No syntax errors detected in ./lib/Repair/ImportSurveyRegister.php
No syntax errors detected in ./lib/Repair/ImportMergeOperationRegister.php
No syntax errors detected in ./lib/Repair/MigrateApprovalChainsToTasks.php
No syntax errors detected in ./lib/Repair/RechainAuditTrailForFlowAttribution.php
No syntax errors detected in ./lib/Repair/SeedTaskFixtures.php
No syntax errors detected in ./lib/Repair/SeedCaseFixtures.php
No syntax errors detected in ./lib/Repair/BackfillFlowSemanticVersions.php
No syntax errors detected in ./lib/Repair/BackfillFlowTriggerIndex.php
No syntax errors detected in ./lib/Repair/RenameDutchColumns.php
No syntax errors detected in ./lib/Repair/TypePerformerReferences.php
No syntax errors detected in ./lib/Repair/MigrateNotificationSubscriptionsToUserConfig.php
No syntax errors detected in ./lib/Repair/GrantExportWhereReadIsGranted.php
No syntax errors detected in ./lib/Repair/RegisterOpenRegisterWithDoriath.php
No syntax errors detected in ./lib/Repair/RemoveRetiredCronJobs.php
No syntax errors detected in ./lib/Repair/ImportFlowRegister.php
No syntax errors detected in ./lib/Repair/ReconcileDeclaredBackgroundJobs.php
No syntax errors detected in ./lib/Repair/SeedAppVirtualSchemas.php
No syntax errors detected in ./lib/Repair/RegisterRiskLevelMetadata.php
No syntax errors detected in ./lib/Repair/MigrateRegisterFlowsToTable.php
No syntax errors detected in ./lib/Repair/SeedVocabularyRegister.php
No syntax errors detected in ./lib/Repair/ImportDsarRegisters.php
No syntax errors detected in ./lib/Repair/SeedFlowTimerRegister.php
No syntax errors detected in ./lib/Repair/BackfillFlowVersions.php
No syntax errors detected in ./lib/Repair/SeedDirectoryVirtualSchemas.php
No syntax errors detected in ./lib/Repair/CheckFlowTimerInvariants.php
No syntax errors detected in ./lib/Repair/SeedZgwZakenMigrationPack.php
No syntax errors detected in ./lib/Repair/LogDanglingLinkedTypes.php
No syntax errors detected in ./lib/Repair/InitializeFlowActions.php
No syntax errors detected in ./lib/Repair/PurgePhantomMigratedFlows.php
No syntax errors detected in ./lib/Repair/SeedFlowRunTriggerSubject.php
No syntax errors detected in ./lib/Repair/AddObjectStateColumns.php
No syntax errors detected in ./lib/Repair/ImportCredentialBrokerRegister.php
No syntax errors detected in ./lib/Repair/SeedTablesVirtualSchemas.php
No syntax errors detected in ./lib/Repair/ImportEdepotTransferRegister.php
No syntax errors detected in ./lib/Event/ViewDeletedEvent.php
No syntax errors detected in ./lib/Event/ObjectLockedEvent.php
No syntax errors detected in ./lib/Event/RegistrySubscriptionRequestedEvent.php
No syntax errors detected in ./lib/Event/ObjectsMergedEvent.php
No syntax errors detected in ./lib/Event/BulkActionRegistrationEvent.php
No syntax errors detected in ./lib/Event/TaskTransitionedEvent.php
No syntax errors detected in ./lib/Event/ApplicationUpdatedEvent.php
No syntax errors detected in ./lib/Event/OrganisationCreatedEvent.php
No syntax errors detected in ./lib/Event/FlowTimerFiredEvent.php
No syntax errors detected in ./lib/Event/PersonLinkedEvent.php
No syntax errors detected in ./lib/Event/OrganisationDeletedEvent.php
No syntax errors detected in ./lib/Event/UserProfileUpdatedEvent.php
No syntax errors detected in ./lib/Event/FileLockedEvent.php
No syntax errors detected in ./lib/Event/ObjectCreatingEvent.php
No syntax errors detected in ./lib/Event/CredentialRelinkRequiredEvent.php
No syntax errors detected in ./lib/Event/ObjectUnlockedEvent.php
No syntax errors detected in ./lib/Event/ObjectDeletedEvent.php
No syntax errors detected in ./lib/Event/ToolRegistrationEvent.php
No syntax errors detected in ./lib/Event/ReferenceValidatedEvent.php
No syntax errors detected in ./lib/Event/AgentRunRequestedEvent.php
No syntax errors detected in ./lib/Event/ConversationUpdatedEvent.php
No syntax errors detected in ./lib/Event/PermissionsDeclaringEvent.php
No syntax errors detected in ./lib/Event/CustomScopeEvaluatingEvent.php
No syntax errors detected in ./lib/Event/ViewAlertCrossedEvent.php
No syntax errors detected in ./lib/Event/SourceCreatedEvent.php
No syntax errors detected in ./lib/Event/ObjectUpdatingEvent.php
No syntax errors detected in ./lib/Event/ApplicationCreatedEvent.php
No syntax errors detected in ./lib/Event/SchemaUpdatedEvent.php
No syntax errors detected in ./lib/Event/ConfigurationDeletedEvent.php
No syntax errors detected in ./lib/Event/ConversationDeletedEvent.php
No syntax errors detected in ./lib/Event/CustomScopeEvaluatedEvent.php
No syntax errors detected in ./lib/Event/SourceDeletedEvent.php
No syntax errors detected in ./lib/Event/ApplicationDeletedEvent.php
No syntax errors detected in ./lib/Event/TaskTerminalEvent.php
No syntax errors detected in ./lib/Event/TaskSequenceCompletedEvent.php
No syntax errors detected in ./lib/Event/HandoffExecutedEvent.php
No syntax errors detected in ./lib/Event/FileRenamedEvent.php
No syntax errors detected in ./lib/Event/RegisterLeafProvidersEvent.php
No syntax errors detected in ./lib/Event/ConfigurationCreatedEvent.php
No syntax errors detected in ./lib/Event/PersonUnlinkedEvent.php
No syntax errors detected in ./lib/Event/SchemaCreatedEvent.php
No syntax errors detected in ./lib/Event/RegisterCreatedEvent.php
No syntax errors detected in ./lib/Event/PersonLinkUpdatedEvent.php
No syntax errors detected in ./lib/Event/ObjectTransitionedEvent.php
No syntax errors detected in ./lib/Event/IdentityClaimsCollectingEvent.php
No syntax errors detected in ./lib/Event/ConversationCreatedEvent.php
No syntax errors detected in ./lib/Event/FileVersionRestoredEvent.php
No syntax errors detected in ./lib/Event/AgentCreatedEvent.php
No syntax errors detected in ./lib/Event/EntityRelationDecisionUpdatedEvent.php
No syntax errors detected in ./lib/Event/SchemaDeletedEvent.php
No syntax errors detected in ./lib/Event/AgentUpdatedEvent.php
No syntax errors detected in ./lib/Event/FileUnlockedEvent.php
No syntax errors detected in ./lib/Event/SourceUpdatedEvent.php
No syntax errors detected in ./lib/Event/ConfigurationUpdatedEvent.php
No syntax errors detected in ./lib/Event/FlowRunTerminalEvent.php
No syntax errors detected in ./lib/Event/RegisterUpdatedEvent.php
No syntax errors detected in ./lib/Event/ReferenceValidationFailedEvent.php
No syntax errors detected in ./lib/Event/ViewCreatedEvent.php
No syntax errors detected in ./lib/Event/ViewUpdatedEvent.php
No syntax errors detected in ./lib/Event/ActionEvaluatedEvent.php
No syntax errors detected in ./lib/Event/AgentDeletedEvent.php
No syntax errors detected in ./lib/Event/CaseItemTransitionedEvent.php
No syntax errors detected in ./lib/Event/ObjectEventSubscription.php
No syntax errors detected in ./lib/Event/ObjectRevertedEvent.php
No syntax errors detected in ./lib/Event/FileCopiedEvent.php
No syntax errors detected in ./lib/Event/DeepLinkRegistrationEvent.php
No syntax errors detected in ./lib/Event/FileMovedEvent.php
No syntax errors detected in ./lib/Event/ObjectCreatedEvent.php
No syntax errors detected in ./lib/Event/RegistrySubscriptionEndedEvent.php
No syntax errors detected in ./lib/Event/OrganisationUpdatedEvent.php
No syntax errors detected in ./lib/Event/RegisterDeletedEvent.php
No syntax errors detected in ./lib/Event/ObjectUpdatedEvent.php
No syntax errors detected in ./lib/Event/ObjectDeletingEvent.php
No syntax errors detected in ./lib/Formats/UserFormat.php
No syntax errors detected in ./lib/Formats/BsnFormat.php
No syntax errors detected in ./lib/Formats/Iso8601DateTimeFormat.php
No syntax errors detected in ./lib/Formats/ExtendedFieldTypeValidator.php
No syntax errors detected in ./lib/Formats/SemVerFormat.php
No syntax errors detected in ./lib/Formats/CronFormat.php
No syntax errors detected in ./lib/Formats/UuidFormat.php
No syntax errors detected in ./lib/AppInfo/Application.php
No syntax errors detected in ./lib/Dto/DeepLinkRegistration.php
No syntax errors detected in ./lib/Dto/DeletionAnalysis.php
No syntax errors detected in ./lib/Dto/BulkSaveOutcome.php
No syntax errors detected in ./lib/Lifecycle/LifecycleGuardInterface.php
No syntax errors detected in ./lib/Lifecycle/GuardResult.php
No syntax errors detected in ./lib/Lifecycle/LifecycleActionInterface.php
No syntax errors detected in ./lib/Lifecycle/LifecycleActionProviderInterface.php
No syntax errors detected in ./lib/Lifecycle/Action/SetFieldsAction.php
No syntax errors detected in ./lib/Mcp/IMcpToolProvider.php
No syntax errors detected in ./lib/Mcp/BuiltIn/SchemaDerivedToolProvider.php
No syntax errors detected in ./lib/Mcp/BuiltIn/FlowMcpToolProvider.php
No syntax errors detected in ./lib/Mcp/BuiltIn/SchemasToolProvider.php
No syntax errors detected in ./lib/Mcp/BuiltIn/IntegrationsToolProvider.php
No syntax errors detected in ./lib/Mcp/BuiltIn/ObjectsToolProvider.php
No syntax errors detected in ./lib/Mcp/BuiltIn/RegistersToolProvider.php
No syntax errors detected in ./lib/Mcp/BuiltIn/AttributeToolProvider.php
No syntax errors detected in ./lib/Mcp/RegisterMcpToolProvidersEvent.php
No syntax errors detected in ./lib/Mcp/Attribute/McpTool.php
No syntax errors detected in ./lib/Mcp/AttributeToolScanner.php
No syntax errors detected in ./lib/Mcp/IMcpScannableServices.php
No syntax errors detected in ./lib/Federation/OpenRegisterCloudFederationProvider.php
No syntax errors detected in ./lib/Service/MigrationPack/MappingEngine.php
No syntax errors detected in ./lib/Service/MigrationPack/PackDefinitionValidator.php
No syntax errors detected in ./lib/Service/EndpointService.php
No syntax errors detected in ./lib/Service/RiskLevelService.php
No syntax errors detected in ./lib/Service/CrossRegisterExistenceService.php
No syntax errors detected in ./lib/Service/WritePhaseProbe.php
No syntax errors detected in ./lib/Service/XwikiLinkService.php
No syntax errors detected in ./lib/Service/Interaction/UnreadCountCalculator.php
No syntax errors detected in ./lib/Service/Interaction/WatcherService.php
No syntax errors detected in ./lib/Service/Interaction/ViewHistoryService.php
No syntax errors detected in ./lib/Service/Interaction/ReadStateService.php
No syntax errors detected in ./lib/Service/Interaction/SubstantiveChangeEvaluator.php
No syntax errors detected in ./lib/Service/Interaction/FavouriteService.php
No syntax errors detected in ./lib/Service/AuditQueryService.php
No syntax errors detected in ./lib/Service/UrnService.php
No syntax errors detected in ./lib/Service/LinkedEntityService.php
No syntax errors detected in ./lib/Service/Schema/SchemaMigrationPlanner.php
No syntax errors detected in ./lib/Service/Schema/SchemaChangeSet.php
No syntax errors detected in ./lib/Service/Schema/SchemaDiffService.php
No syntax errors detected in ./lib/Service/Schema/MigrationPlanResult.php
No syntax errors detected in ./lib/Service/Schema/SchemaVersioningService.php
No syntax errors detected in ./lib/Service/Schema/SchemaMigrationService.php
No syntax errors detected in ./lib/Service/Schema/SchemaObjectReader.php
No syntax errors detected in ./lib/Service/Schema/PropertyConversionService.php
No syntax errors detected in ./lib/Service/Schema/SchemaRevalidationService.php
No syntax errors detected in ./lib/Service/PollLinkService.php
No syntax errors detected in ./lib/Service/WebhookService.php
No syntax errors detected in ./lib/Service/FederationShareService.php
No syntax errors detected in ./lib/Service/Oas/ProblemDetailsBuilder.php
No syntax errors detected in ./lib/Service/Oas/OasRbacAnnotator.php
No syntax errors detected in ./lib/Service/Oas/OasValidationReport.php
No syntax errors detected in ./lib/Service/Oas/OasRequestValidator.php
No syntax errors detected in ./lib/Service/Oas/OasETagComputer.php
No syntax errors detected in ./lib/Service/MigrationService.php
No syntax errors detected in ./lib/Service/ContentScanService.php
No syntax errors detected in ./lib/Service/UserLinkWriter.php
No syntax errors detected in ./lib/Service/UserService.php
No syntax errors detected in ./lib/Service/Flow/FlowLifecycleGuard.php
No syntax errors detected in ./lib/Service/Flow/FlowItemPlacement.php
No syntax errors detected in ./lib/Service/Flow/FlowRunAssignee.php
No syntax errors detected in ./lib/Service/Flow/FlowNodeResumeState.php
No syntax errors detected in ./lib/Service/Flow/RegisterFlowOversightEvent.php
No syntax errors detected in ./lib/Service/Flow/FlowRunSubjects.php
No syntax errors detected in ./lib/Service/Flow/FlowAccess.php
No syntax errors detected in ./lib/Service/Flow/FlowLifecycleRefused.php
No syntax errors detected in ./lib/Service/Flow/IFlowEndNode.php
No syntax errors detected in ./lib/Service/Flow/FlowTriggerService.php
No syntax errors detected in ./lib/Service/Flow/FlowRunService.php
No syntax errors detected in ./lib/Service/Flow/MacroActionBinding.php
No syntax errors detected in ./lib/Service/Flow/FlowRunMarkingStore.php
No syntax errors detected in ./lib/Service/Flow/FlowGraph.php
No syntax errors detected in ./lib/Service/Flow/FlowVersionService.php
No syntax errors detected in ./lib/Service/Flow/FlowNodeTaxonomyResolver.php
No syntax errors detected in ./lib/Service/Flow/FlowTriggerDerivation.php
No syntax errors detected in ./lib/Service/Flow/FlowService.php
No syntax errors detected in ./lib/Service/Flow/Oversight/KillSwitchCheck.php
No syntax errors detected in ./lib/Service/Flow/IFlowNode.php
No syntax errors detected in ./lib/Service/Flow/FlowFieldPath.php
No syntax errors detected in ./lib/Service/Flow/FlowStepHistory.php
No syntax errors detected in ./lib/Service/Flow/FlowUnattributed.php
No syntax errors detected in ./lib/Service/Flow/FlowFiringResult.php
No syntax errors detected in ./lib/Service/Flow/FlowDelegationCheck.php
No syntax errors detected in ./lib/Service/Flow/FlowRunAuthorization.php
No syntax errors detected in ./lib/Service/Flow/EventCatalogService.php
No syntax errors detected in ./lib/Service/Flow/FlowRunSubjectRecorder.php
No syntax errors detected in ./lib/Service/Flow/IFlowNodeConfigForm.php
No syntax errors detected in ./lib/Service/Flow/FlowRunRow.php
No syntax errors detected in ./lib/Service/Flow/FlowRunVersionPin.php
No syntax errors detected in ./lib/Service/Flow/FlowCaller.php
No syntax errors detected in ./lib/Service/Flow/FlowTaskMootness.php
No syntax errors detected in ./lib/Service/Flow/FlowRunCommit.php
No syntax errors detected in ./lib/Service/Flow/FlowAdoptionRefused.php
No syntax errors detected in ./lib/Service/Flow/FlowSuspension.php
No syntax errors detected in ./lib/Service/Flow/FlowConcurrency.php
No syntax errors detected in ./lib/Service/Flow/FlowRunAttribution.php
No syntax errors detected in ./lib/Service/Flow/IFlowNodeTaxonomy.php
No syntax errors detected in ./lib/Service/Flow/RegistryStepDispatcher.php
No syntax errors detected in ./lib/Service/Flow/FlowSemanticVersion.php
No syntax errors detected in ./lib/Service/Flow/FlowRunAdvancer.php
No syntax errors detected in ./lib/Service/Flow/RegisterFlowNodesEvent.php
No syntax errors detected in ./lib/Service/Flow/FlowConsentParking.php
No syntax errors detected in ./lib/Service/Flow/FlowToken.php
No syntax errors detected in ./lib/Service/Flow/IFlowNodeConfigKeys.php
No syntax errors detected in ./lib/Service/Flow/MacroActionResolver.php
No syntax errors detected in ./lib/Service/Flow/FlowLocator.php
No syntax errors detected in ./lib/Service/Flow/FlowPlaceClaims.php
No syntax errors detected in ./lib/Service/Flow/FlowStepReport.php
No syntax errors detected in ./lib/Service/Flow/FlowAdvanceBudget.php
No syntax errors detected in ./lib/Service/Flow/FlowStepDispatcher.php
No syntax errors detected in ./lib/Service/Flow/FlowOversightRegistry.php
No syntax errors detected in ./lib/Service/Flow/FlowMessagingService.php
No syntax errors detected in ./lib/Service/Flow/FlowScheduleService.php
No syntax errors detected in ./lib/Service/Flow/FlowDeadEnd.php
No syntax errors detected in ./lib/Service/Flow/FlowRunSignalService.php
No syntax errors detected in ./lib/Service/Flow/IFlowDirectlyInvokable.php
No syntax errors detected in ./lib/Service/Flow/FlowValueTemplate.php
No syntax errors detected in ./lib/Service/Flow/IFlowOversightCheck.php
No syntax errors detected in ./lib/Service/Flow/FlowPublishedGraph.php
No syntax errors detected in ./lib/Service/Flow/MacroActionValidator.php
No syntax errors detected in ./lib/Service/Flow/FlowTriggerSlugs.php
No syntax errors detected in ./lib/Service/Flow/FlowExpression.php
No syntax errors detected in ./lib/Service/Flow/FlowEngine.php
No syntax errors detected in ./lib/Service/Flow/FlowDefinitionBuilder.php
No syntax errors detected in ./lib/Service/Flow/FlowStateBinding.php
No syntax errors detected in ./lib/Service/Flow/FlowRunnableGuard.php
No syntax errors detected in ./lib/Service/Flow/FlowRunMigrationValidator.php
No syntax errors detected in ./lib/Service/Flow/Principal/AgentPrincipalResolver.php
No syntax errors detected in ./lib/Service/Flow/Principal/PrincipalResolverRegistry.php
No syntax errors detected in ./lib/Service/Flow/Principal/UserPrincipalResolver.php
No syntax errors detected in ./lib/Service/Flow/Principal/GroupPrincipalResolver.php
No syntax errors detected in ./lib/Service/Flow/Principal/RegisterPrincipalResolversEvent.php
No syntax errors detected in ./lib/Service/Flow/Principal/IPrincipalResolver.php
No syntax errors detected in ./lib/Service/Flow/Principal/PrincipalReference.php
No syntax errors detected in ./lib/Service/Flow/FlowRunContext.php
No syntax errors detected in ./lib/Service/Flow/FlowTriggerValidator.php
No syntax errors detected in ./lib/Service/Flow/FlowTriggerIndex.php
No syntax errors detected in ./lib/Service/Flow/FlowFiring.php
No syntax errors detected in ./lib/Service/Flow/FlowTaskBridge.php
No syntax errors detected in ./lib/Service/Flow/FlowItems.php
No syntax errors detected in ./lib/Service/Flow/FlowDefinitionPin.php
No syntax errors detected in ./lib/Service/Flow/Timer/WorkingCalendarWriteGuard.php
No syntax errors detected in ./lib/Service/Flow/Timer/WorkingCalendarService.php
No syntax errors detected in ./lib/Service/Flow/Timer/CalendarDependency.php
No syntax errors detected in ./lib/Service/Flow/Timer/WalkCollector.php
No syntax errors detected in ./lib/Service/Flow/Timer/WorkingDayRoll.php
No syntax errors detected in ./lib/Service/Flow/Timer/FlowTimerService.php
No syntax errors detected in ./lib/Service/Flow/Timer/FlowTimerDefinitionStore.php
No syntax errors detected in ./lib/Service/Flow/Timer/CalendarRecompute.php
No syntax errors detected in ./lib/Service/Flow/Timer/FlowTimerSweep.php
No syntax errors detected in ./lib/Service/Flow/Timer/ServiceHoursClock.php
No syntax errors detected in ./lib/Service/Flow/Timer/EscalationLadderService.php
No syntax errors detected in ./lib/Service/Flow/Timer/SlaDeclaration.php
No syntax errors detected in ./lib/Service/Flow/Timer/TermDiagnostic.php
No syntax errors detected in ./lib/Service/Flow/Timer/ServiceHours.php
No syntax errors detected in ./lib/Service/Flow/Timer/SlaCalculator.php
No syntax errors detected in ./lib/Service/Flow/Timer/WorkingCalendar.php
No syntax errors detected in ./lib/Service/Flow/FlowStateHandle.php
No syntax errors detected in ./lib/Service/Flow/IFlowNodeLogActions.php
No syntax errors detected in ./lib/Service/Flow/FlowTokenRouter.php
No syntax errors detected in ./lib/Service/Flow/FlowRunMigrationService.php
No syntax errors detected in ./lib/Service/Flow/Bpmn/BpmnMappingReport.php
No syntax errors detected in ./lib/Service/Flow/Bpmn/BpmnVocabulary.php
No syntax errors detected in ./lib/Service/Flow/Bpmn/FlowBpmnImporter.php
No syntax errors detected in ./lib/Service/Flow/Bpmn/BpmnSchemaValidator.php
No syntax errors detected in ./lib/Service/Flow/Bpmn/BpmnDiagramLayout.php
No syntax errors detected in ./lib/Service/Flow/Bpmn/FlowBpmnExporter.php
No syntax errors detected in ./lib/Service/Flow/FlowGraphDiff.php
No syntax errors detected in ./lib/Service/Flow/FlowStop.php
No syntax errors detected in ./lib/Service/Flow/FlowRunGuard.php
No syntax errors detected in ./lib/Service/Flow/FlowNextHint.php
No syntax errors detected in ./lib/Service/Flow/FlowNodePreflight.php
No syntax errors detected in ./lib/Service/Flow/FlowNodeRegistry.php
No syntax errors detected in ./lib/Service/Flow/Nodes/UserTaskNode.php
No syntax errors detected in ./lib/Service/Flow/Nodes/ObjectWriteNode.php
No syntax errors detected in ./lib/Service/Flow/Nodes/TriggerManualNode.php
No syntax errors detected in ./lib/Service/Flow/Nodes/UnlockObjectNode.php
No syntax errors detected in ./lib/Service/Flow/Nodes/WaitNode.php
No syntax errors detected in ./lib/Service/Flow/Nodes/FilterNode.php
No syntax errors detected in ./lib/Service/Flow/Nodes/MapNode.php
No syntax errors detected in ./lib/Service/Flow/Nodes/IterateNode.php
No syntax errors detected in ./lib/Service/Flow/Nodes/SubFlowNode.php
No syntax errors detected in ./lib/Service/Flow/Nodes/TriggerObjectNode.php
No syntax errors detected in ./lib/Service/Flow/Nodes/PortalTaskNode.php
No syntax errors detected in ./lib/Service/Flow/Nodes/SendTalkMessageNode.php
No syntax errors detected in ./lib/Service/Flow/Nodes/FlowStateNode.php
No syntax errors detected in ./lib/Service/Flow/Nodes/LoopNode.php
No syntax errors detected in ./lib/Service/Flow/Nodes/RouterNode.php
No syntax errors detected in ./lib/Service/Flow/Nodes/MergeNode.php
No syntax errors detected in ./lib/Service/Flow/Nodes/SwitchNode.php
No syntax errors detected in ./lib/Service/Flow/Nodes/EndNode.php
No syntax errors detected in ./lib/Service/Flow/Nodes/DecisionTableNode.php
No syntax errors detected in ./lib/Service/Flow/Nodes/UserTaskConfig.php
No syntax errors detected in ./lib/Service/Flow/Nodes/AwaitSignalNode.php
No syntax errors detected in ./lib/Service/Flow/Nodes/TriggerScheduleNode.php
No syntax errors detected in ./lib/Service/Flow/Nodes/SendEmailNode.php
No syntax errors detected in ./lib/Service/Flow/Nodes/ObjectReadNode.php
No syntax errors detected in ./lib/Service/Flow/Nodes/PortalTaskConfig.php
No syntax errors detected in ./lib/Service/Flow/Nodes/LockObjectNode.php
No syntax errors detected in ./lib/Service/Flow/Nodes/ExplodeNode.php
No syntax errors detected in ./lib/Service/Flow/Nodes/SetFieldsNode.php
No syntax errors detected in ./lib/Service/Flow/Nodes/UserTaskPerformers.php
No syntax errors detected in ./lib/Service/Flow/Nodes/SendNotificationNode.php
No syntax errors detected in ./lib/Service/Flow/FlowRunAsScope.php
No syntax errors detected in ./lib/Service/Flow/FlowResumeState.php
No syntax errors detected in ./lib/Service/Flow/IFlowTriggerNode.php
No syntax errors detected in ./lib/Service/Flow/FlowConnectivity.php
No syntax errors detected in ./lib/Service/Flow/IFlowSelfScopedNode.php
No syntax errors detected in ./lib/Service/Flow/FlowStreamWalk.php
No syntax errors detected in ./lib/Service/BulkTranslationService.php
No syntax errors detected in ./lib/Service/EmailLinkService.php
No syntax errors detected in ./lib/Service/NoteVersionService.php
No syntax errors detected in ./lib/Service/ApiVersion/ApiVersion.php
No syntax errors detected in ./lib/Service/ApiVersion/ApiContractService.php
No syntax errors detected in ./lib/Service/ApiVersion/ApiCapabilitiesService.php
No syntax errors detected in ./lib/Service/ApiVersion/ApiVersionNegotiator.php
No syntax errors detected in ./lib/Service/ApiVersion/ApiVersionCatalogue.php
No syntax errors detected in ./lib/Service/ApiVersion/ApiVersionNegotiation.php
No syntax errors detected in ./lib/Service/PhotoLinkService.php
No syntax errors detected in ./lib/Service/SharedSchema/RegisterConfigurationLocator.php
No syntax errors detected in ./lib/Service/SharedSchema/SchemaTableMigrator.php
No syntax errors detected in ./lib/Service/SharedSchema/SchemaAttribution.php
No syntax errors detected in ./lib/Service/Integration/ActivityFeedMerge.php
No syntax errors detected in ./lib/Service/Integration/AttachTargetFilter.php
No syntax errors detected in ./lib/Service/Integration/IntegrationRegistry.php
No syntax errors detected in ./lib/Service/Integration/AbstractIntegrationProvider.php
No syntax errors detected in ./lib/Service/Integration/ActivityFeedService.php
No syntax errors detected in ./lib/Service/Integration/ExternalIntegrationRouter.php
No syntax errors detected in ./lib/Service/Integration/PropertyReferenceTypeValidator.php
No syntax errors detected in ./lib/Service/Integration/PaginatedResult.php
No syntax errors detected in ./lib/Service/Integration/BuiltinProviders/TagsProvider.php
No syntax errors detected in ./lib/Service/Integration/BuiltinProviders/TasksProvider.php
No syntax errors detected in ./lib/Service/Integration/BuiltinProviders/AuditTrailProvider.php
No syntax errors detected in ./lib/Service/Integration/BuiltinProviders/FilesProvider.php
No syntax errors detected in ./lib/Service/Integration/BuiltinProviders/NotesProvider.php
No syntax errors detected in ./lib/Service/Integration/ContactCasesResolver.php
No syntax errors detected in ./lib/Service/Integration/ActivityFeedExport.php
No syntax errors detected in ./lib/Service/Integration/Providers/MarkerLookupTrait.php
No syntax errors detected in ./lib/Service/Integration/Providers/FlowProvider.php
No syntax errors detected in ./lib/Service/Integration/Providers/PhotosProvider.php
No syntax errors detected in ./lib/Service/Integration/Providers/ActivityProvider.php
No syntax errors detected in ./lib/Service/Integration/Providers/ContactsProvider.php
No syntax errors detected in ./lib/Service/Integration/Providers/AnalyticsProvider.php
No syntax errors detected in ./lib/Service/Integration/Providers/KvkProvider.php
No syntax errors detected in ./lib/Service/Integration/Providers/TalkProvider.php
No syntax errors detected in ./lib/Service/Integration/Providers/XwikiProvider.php
No syntax errors detected in ./lib/Service/Integration/Providers/EmailProvider.php
No syntax errors detected in ./lib/Service/Integration/Providers/PollsProvider.php
No syntax errors detected in ./lib/Service/Integration/Providers/TimeProvider.php
No syntax errors detected in ./lib/Service/Integration/Providers/OpenProjectProvider.php
No syntax errors detected in ./lib/Service/Integration/Providers/CalendarProvider.php
No syntax errors detected in ./lib/Service/Integration/Providers/MapsProvider.php
No syntax errors detected in ./lib/Service/Integration/Providers/OpenCorporatesProvider.php
No syntax errors detected in ./lib/Service/Integration/Providers/BookmarksProvider.php
No syntax errors detected in ./lib/Service/Integration/Providers/MessageDispatchProvider.php
No syntax errors detected in ./lib/Service/Integration/Providers/CollectivesProvider.php
No syntax errors detected in ./lib/Service/Integration/Providers/DeckProvider.php
No syntax errors detected in ./lib/Service/Integration/Providers/CospendProvider.php
No syntax errors detected in ./lib/Service/Integration/Providers/FormsProvider.php
No syntax errors detected in ./lib/Service/Integration/Providers/SharesProvider.php
No syntax errors detected in ./lib/Service/Integration/Providers/BrpPersonProvider.php
No syntax errors detected in ./lib/Service/Integration/ContactCasesPanel.php
No syntax errors detected in ./lib/Service/Integration/ExternalRegisterDegrade.php
No syntax errors detected in ./lib/Service/Integration/IntegrationProvider.php
No syntax errors detected in ./lib/Service/Integration/PropertySemanticReferenceValidator.php
No syntax errors detected in ./lib/Service/Integration/LeafBundle.php
No syntax errors detected in ./lib/Service/Integration/TimeProvider.php
No syntax errors detected in ./lib/Service/Integration/LeafDescriptor.php
No syntax errors detected in ./lib/Service/Integration/QueryTimeContract.php
No syntax errors detected in ./lib/Service/Integration/LeafRegistry.php
No syntax errors detected in ./lib/Service/Object/MergeHandler.php
No syntax errors detected in ./lib/Service/Object/SaveObject.php
No syntax errors detected in ./lib/Service/Object/MigrationHandler.php
No syntax errors detected in ./lib/Service/Object/ConflictReport.php
No syntax errors detected in ./lib/Service/Object/ArchiveHandler.php
No syntax errors detected in ./lib/Service/Object/NotSuppliedHandler.php
No syntax errors detected in ./lib/Service/Object/SaveObjects/BulkRelationHandler.php
No syntax errors detected in ./lib/Service/Object/SaveObjects/BulkValidationHandler.php
No syntax errors detected in ./lib/Service/Object/SaveObjects/PreparationHandler.php
No syntax errors detected in ./lib/Service/Object/SaveObjects/TransformationHandler.php
No syntax errors detected in ./lib/Service/Object/ValidationHandler.php
No syntax errors detected in ./lib/Service/Object/CorrectionService.php
No syntax errors detected in ./lib/Service/Object/QueryHandler.php
No syntax errors detected in ./lib/Service/Object/ViewScopeApplier.php
No syntax errors detected in ./lib/Service/Object/MoveObject.php
No syntax errors detected in ./lib/Service/Object/RelationHandler.php
No syntax errors detected in ./lib/Service/Object/FacetResponseCache.php
No syntax errors detected in ./lib/Service/Object/AdvisoryLockStore.php
No syntax errors detected in ./lib/Service/Object/MetadataHandler.php
No syntax errors detected in ./lib/Service/Object/ObjectVersionHandler.php
No syntax errors detected in ./lib/Service/Object/SearchReferenceResolver.php
No syntax errors detected in ./lib/Service/Object/RunLockRegistry.php
No syntax errors detected in ./lib/Service/Object/SchemaTypeConverter.php
No syntax errors detected in ./lib/Service/Object/RenderObject.php
No syntax errors detected in ./lib/Service/Object/UtilityHandler.php
No syntax errors detected in ./lib/Service/Object/SearchQueryHandler.php
No syntax errors detected in ./lib/Service/Object/CascadingHandler.php
No syntax errors detected in ./lib/Service/Object/SaveObject/FilePropertyHandler.php
No syntax errors detected in ./lib/Service/Object/SaveObject/RelationCascadeHandler.php
No syntax errors detected in ./lib/Service/Object/SaveObject/MetadataHydrationHandler.php
No syntax errors detected in ./lib/Service/Object/SaveObject/ComputedFieldHandler.php
No syntax errors detected in ./lib/Service/Object/SaveObject/LinkedEntityPropertyHandler.php
No syntax errors detected in ./lib/Service/Object/LinkedEntityEnricher.php
No syntax errors detected in ./lib/Service/Object/FacetHandler.php
No syntax errors detected in ./lib/Service/Object/VectorizationHandler.php
No syntax errors detected in ./lib/Service/Object/CrudHandler.php
No syntax errors detected in ./lib/Service/Object/ObjectReadAccess.php
No syntax errors detected in ./lib/Service/Object/ValidateObject.php
No syntax errors detected in ./lib/Service/Object/RevertHandler.php
No syntax errors detected in ./lib/Service/Object/SaveObjects.php
No syntax errors detected in ./lib/Service/Object/DeleteObject.php
No syntax errors detected in ./lib/Service/Object/BatchOperationStatus.php
No syntax errors detected in ./lib/Service/Object/ContentSearchHandler.php
No syntax errors detected in ./lib/Service/Object/LockHandler.php
No syntax errors detected in ./lib/Service/Object/TranslationHandler.php
No syntax errors detected in ./lib/Service/Object/GetObject.php
No syntax errors detected in ./lib/Service/Object/PerformanceHandler.php
No syntax errors detected in ./lib/Service/Object/RepeatingGroupValidator.php
No syntax errors detected in ./lib/Service/Object/AuditHandler.php
No syntax errors detected in ./lib/Service/Object/RelationDetectionTrait.php
No syntax errors detected in ./lib/Service/Object/PermissionHandler.php
No syntax errors detected in ./lib/Service/Object/ReferentialIntegrityService.php
No syntax errors detected in ./lib/Service/Object/DataManipulationHandler.php
No syntax errors detected in ./lib/Service/Object/PerformanceOptimizationHandler.php
No syntax errors detected in ./lib/Service/Object/FacetCacheVersion.php
No syntax errors detected in ./lib/Service/Object/CacheHandler.php
No syntax errors detected in ./lib/Service/BulkActionRegistry.php
No syntax errors detected in ./lib/Service/TimelineVisibilityService.php
No syntax errors detected in ./lib/Service/Configuration/UploadHandler.php
No syntax errors detected in ./lib/Service/Configuration/RateLimiterService.php
No syntax errors detected in ./lib/Service/Configuration/GitHubHandler.php
No syntax errors detected in ./lib/Service/Configuration/GitHubGuards.php
No syntax errors detected in ./lib/Service/Configuration/FetchHandler.php
No syntax errors detected in ./lib/Service/Configuration/AttributionFormatter.php
No syntax errors detected in ./lib/Service/Configuration/GitLabHandler.php
No syntax errors detected in ./lib/Service/Configuration/ImportHandler.php
No syntax errors detected in ./lib/Service/Configuration/ExportHandler.php
No syntax errors detected in ./lib/Service/Configuration/PreviewHandler.php
No syntax errors detected in ./lib/Service/Configuration/GitHubRequestValidator.php
No syntax errors detected in ./lib/Service/Configuration/CacheHandler.php
No syntax errors detected in ./lib/Service/TimeTrackerLinkService.php
No syntax errors detected in ./lib/Service/DsarService.php
No syntax errors detected in ./lib/Service/VectorizationService.php
No syntax errors detected in ./lib/Service/UploadService.php
No syntax errors detected in ./lib/Service/RegisterDescriptorService.php
No syntax errors detected in ./lib/Service/AvgRetentionService.php
No syntax errors detected in ./lib/Service/DeepLinkRegistryService.php
No syntax errors detected in ./lib/Service/View/ViewAlert.php
No syntax errors detected in ./lib/Service/ShareLinkService.php
No syntax errors detected in ./lib/Service/Reporting/PdfReportWriter.php
No syntax errors detected in ./lib/Service/Reporting/SpreadsheetReportWriter.php
No syntax errors detected in ./lib/Service/Reporting/ReportRenderService.php
No syntax errors detected in ./lib/Service/Reporting/HtmlReportWriter.php
No syntax errors detected in ./lib/Service/Archival/MdtoMappingResolver.php
No syntax errors detected in ./lib/Service/Archival/ArchivalRetentionGuard.php
No syntax errors detected in ./lib/Service/Archival/MdtoElementCatalogue.php
No syntax errors detected in ./lib/Service/Archival/AuditDiffRedactionTarget.php
No syntax errors detected in ./lib/Service/Archival/SelectielijstResolver.php
No syntax errors detected in ./lib/Service/Archival/UnestablishedValues.php
No syntax errors detected in ./lib/Service/Archival/ArchivalDeclarationReader.php
No syntax errors detected in ./lib/Service/Archival/DestructionListRepository.php
No syntax errors detected in ./lib/Service/Archival/AnonymisationPlanner.php
No syntax errors detected in ./lib/Service/Archival/AnonymisationTarget.php
No syntax errors detected in ./lib/Service/Archival/AnonymisationRun.php
No syntax errors detected in ./lib/Service/Archival/ObjectArchivalAnnotation.php
No syntax errors detected in ./lib/Service/Archival/SelectielijstImportService.php
No syntax errors detected in ./lib/Service/Archival/Appraisal.php
No syntax errors detected in ./lib/Service/Archival/ReviewOutcomeService.php
No syntax errors detected in ./lib/Service/Archival/RetentionEvaluator.php
No syntax errors detected in ./lib/Service/Archival/MdtoTerms.php
No syntax errors detected in ./lib/Service/Archival/ArchivalFactsValidator.php
No syntax errors detected in ./lib/Service/Archival/AnonymisationPlan.php
No syntax errors detected in ./lib/Service/Archival/ElementMappingValidator.php
No syntax errors detected in ./lib/Service/Archival/AnonymisationService.php
No syntax errors detected in ./lib/Service/Archival/ArchivalDecisionResolver.php
No syntax errors detected in ./lib/Service/Archival/RetentionRowScanner.php
No syntax errors detected in ./lib/Service/Archival/AnonymisationSweep.php
No syntax errors detected in ./lib/Service/Archival/AnonymisationRefusedException.php
No syntax errors detected in ./lib/Service/Archival/RetentionConditionEvaluator.php
No syntax errors detected in ./lib/Service/Archival/AnonymisationProfile.php
No syntax errors detected in ./lib/Service/Archival/ArchivalNominationService.php
No syntax errors detected in ./lib/Service/Archival/RecordState.php
No syntax errors detected in ./lib/Service/Archival/DestructionService.php
No syntax errors detected in ./lib/Service/Archival/DestructionReviewService.php
No syntax errors detected in ./lib/Service/Archival/LegalHoldService.php
No syntax errors detected in ./lib/Service/Archival/ArchivalAnnotationValidator.php
No syntax errors detected in ./lib/Service/Archival/ArchiveActionDateCalculator.php
No syntax errors detected in ./lib/Service/RetentionService.php
No syntax errors detected in ./lib/Service/FormLinkService.php
No syntax errors detected in ./lib/Service/Survey/SurveyRules.php
No syntax errors detected in ./lib/Service/Survey/SurveyExportShaper.php
No syntax errors detected in ./lib/Service/ScriptManifestLoader.php
No syntax errors detected in ./lib/Service/TextExtraction/EmlStructure.php
No syntax errors detected in ./lib/Service/TextExtraction/PdfExtractor.php
No syntax errors detected in ./lib/Service/TextExtraction/TextExtractionHandlerInterface.php
No syntax errors detected in ./lib/Service/TextExtraction/EmlParser.php
No syntax errors detected in ./lib/Service/TextExtraction/EmlAttachment.php
No syntax errors detected in ./lib/Service/TextExtraction/WordExtractor.php
No syntax errors detected in ./lib/Service/TextExtraction/EmlBody.php
No syntax errors detected in ./lib/Service/TextExtraction/SpreadsheetExtractor.php
No syntax errors detected in ./lib/Service/TextExtraction/EntityRecognitionHandler.php
No syntax errors detected in ./lib/Service/TextExtraction/FileHandler.php
No syntax errors detected in ./lib/Service/TextExtraction/ObjectHandler.php
No syntax errors detected in ./lib/Service/TalkLinkService.php
No syntax errors detected in ./lib/Service/Handoff/HandoffAnnotationValidator.php
No syntax errors detected in ./lib/Service/Handoff/HandoffMappingEvaluator.php
No syntax errors detected in ./lib/Service/Handoff/HandoffService.php
No syntax errors detected in ./lib/Service/Handoff/HandoffContractBindingValidator.php
No syntax errors detected in ./lib/Service/Handoff/HandoffKindContracts.php
No syntax errors detected in ./lib/Service/ContactMatchingService.php
No syntax errors detected in ./lib/Service/WriteCause.php
No syntax errors detected in ./lib/Service/Aggregation/WidgetAnnotationValidator.php
No syntax errors detected in ./lib/Service/Aggregation/AggregationMetricsAnnotationValidator.php
No syntax errors detected in ./lib/Service/Aggregation/MetricExpressionEvaluator.php
No syntax errors detected in ./lib/Service/Aggregation/MetricExpressionLexer.php
No syntax errors detected in ./lib/Service/Aggregation/ThresholdEvaluationService.php
No syntax errors detected in ./lib/Service/Aggregation/TimeseriesRequestValidator.php
No syntax errors detected in ./lib/Service/Aggregation/AggregationRunner.php
No syntax errors detected in ./lib/Service/Aggregation/AggregationJoinAnnotationValidator.php
No syntax errors detected in ./lib/Service/Aggregation/AggregationQuery.php
No syntax errors detected in ./lib/Service/Aggregation/AggregationAnnotationValidator.php
No syntax errors detected in ./lib/Service/Aggregation/AggregationCache.php
No syntax errors detected in ./lib/Service/MapsOverviewService.php
No syntax errors detected in ./lib/Service/Case/CasePlanStateMachine.php
No syntax errors detected in ./lib/Service/Case/CaseAnchorReader.php
No syntax errors detected in ./lib/Service/Case/CasePlanService.php
No syntax errors detected in ./lib/Service/Case/CasePlanDefinition.php
No syntax errors detected in ./lib/Service/Case/CaseBusinessStateWriter.php
No syntax errors detected in ./lib/Service/Case/CasePlanTree.php
No syntax errors detected in ./lib/Service/Case/CaseRealisationService.php
No syntax errors detected in ./lib/Service/Case/CasePlanTransitions.php
No syntax errors detected in ./lib/Service/Case/CaseSentryEvaluator.php
No syntax errors detected in ./lib/Service/Case/CasePlanAuthorizationService.php
No syntax errors detected in ./lib/Service/Case/CasePlanCascade.php
No syntax errors detected in ./lib/Service/Case/ZaaktypeCaseSkeletonMapper.php
No syntax errors detected in ./lib/Service/Rbac/PrincipalReach.php
No syntax errors detected in ./lib/Service/Rbac/ViewShareResolver.php
No syntax errors detected in ./lib/Service/Rbac/PermissionReportScope.php
No syntax errors detected in ./lib/Service/Rbac/ExternalGrantGuard.php
No syntax errors detected in ./lib/Service/Rbac/ObjectSharingService.php
No syntax errors detected in ./lib/Service/Rbac/ObjectAccessReport.php
No syntax errors detected in ./lib/Service/Rbac/ObjectAccessHistory.php
No syntax errors detected in ./lib/Service/Rbac/EffectiveAuthorization.php
No syntax errors detected in ./lib/Service/Rbac/ObjectAuthorizationWriter.php
No syntax errors detected in ./lib/Service/Rbac/ShareGrantAttributes.php
No syntax errors detected in ./lib/Service/Rbac/PermissionCatalogue.php
No syntax errors detected in ./lib/Service/Rbac/ViewerReachResolver.php
No syntax errors detected in ./lib/Service/Rbac/ProvenanceResolver.php
No syntax errors detected in ./lib/Service/Rbac/ReachRevocationService.php
No syntax errors detected in ./lib/Service/Rbac/ObjectGrantResolver.php
No syntax errors detected in ./lib/Service/Rbac/ObjectScopeResolver.php
No syntax errors detected in ./lib/Service/Rbac/HierarchyAnnotationValidator.php
No syntax errors detected in ./lib/Service/Rbac/RevealCollector.php
No syntax errors detected in ./lib/Service/Rbac/DepartmentMatrixCompiler.php
No syntax errors detected in ./lib/Service/Rbac/ViewerReach.php
No syntax errors detected in ./lib/Service/Rbac/AuthorizationDenyValidator.php
No syntax errors detected in ./lib/Service/Rbac/DenyEnforcementMode.php
No syntax errors detected in ./lib/Service/Rbac/InheritedGrantLister.php
No syntax errors detected in ./lib/Service/Rbac/AggregateVisibility.php
No syntax errors detected in ./lib/Service/Rbac/GrantConstraints.php
No syntax errors detected in ./lib/Service/Rbac/DepartmentMatrixValidator.php
No syntax errors detected in ./lib/Service/Rbac/PrincipalReachService.php
No syntax errors detected in ./lib/Service/Rbac/HierarchyDescender.php
No syntax errors detected in ./lib/Service/Rbac/DerivedGrantStore.php
No syntax errors detected in ./lib/Service/Rbac/TokenGrantNarrower.php
No syntax errors detected in ./lib/Service/Rbac/DerivedGrantResolver.php
No syntax errors detected in ./lib/Service/Rbac/ObjectPermissionsResolver.php
No syntax errors detected in ./lib/Service/Rbac/SettingsChangeAuditor.php
No syntax errors detected in ./lib/Service/Rbac/ScopeAudit.php
No syntax errors detected in ./lib/Service/Rbac/TokenGrantValidator.php
No syntax errors detected in ./lib/Service/Rbac/DenyResolver.php
No syntax errors detected in ./lib/Service/Rbac/HierarchyGrantExpander.php
No syntax errors detected in ./lib/Service/Rbac/DenyEntryMatcher.php
No syntax errors detected in ./lib/Service/Rbac/AdminGate.php
No syntax errors detected in ./lib/Service/Rbac/RevealFlusher.php
No syntax errors detected in ./lib/Service/Rbac/TokenGrant.php
No syntax errors detected in ./lib/Service/Rbac/TokenGrantSource.php
No syntax errors detected in ./lib/Service/AnalyticsSeriesService.php
No syntax errors detected in ./lib/Service/ToolRegistry.php
No syntax errors detected in ./lib/Service/Lifecycle/LifecycleActionRegistry.php
No syntax errors detected in ./lib/Service/Lifecycle/LifecycleStateValidator.php
No syntax errors detected in ./lib/Service/Lifecycle/StateFieldRuleResolver.php
No syntax errors detected in ./lib/Service/Lifecycle/LifecycleActionExecutor.php
No syntax errors detected in ./lib/Service/Lifecycle/LifecycleConditionEvaluator.php
No syntax errors detected in ./lib/Service/Lifecycle/LifecycleActionProviderRegistry.php
No syntax errors detected in ./lib/Service/Lifecycle/LifecycleDeclarationForms.php
No syntax errors detected in ./lib/Service/Lifecycle/TransitionEngine.php
No syntax errors detected in ./lib/Service/Lifecycle/LifecycleWriteBoundary.php
No syntax errors detected in ./lib/Service/Lifecycle/StateFieldRules.php
No syntax errors detected in ./lib/Service/Lifecycle/AutoTransitionRunner.php
No syntax errors detected in ./lib/Service/Lifecycle/LifecycleGraphValidator.php
No syntax errors detected in ./lib/Service/Lifecycle/LifecycleGuardRegistry.php
No syntax errors detected in ./lib/Service/Lifecycle/AutoTransitionCandidate.php
No syntax errors detected in ./lib/Service/Lifecycle/AutoTransitionDecision.php
No syntax errors detected in ./lib/Service/Lifecycle/AutoTransitionQueue.php
No syntax errors detected in ./lib/Service/Lifecycle/LifecycleActionContext.php
No syntax errors detected in ./lib/Service/Lifecycle/StateConditionEvaluator.php
No syntax errors detected in ./lib/Service/Lifecycle/AutoTransitionSelector.php
No syntax errors detected in ./lib/Service/Lifecycle/LifecycleFinalStateResolver.php
No syntax errors detected in ./lib/Service/Lifecycle/LifecycleTransitionResolver.php
No syntax errors detected in ./lib/Service/Lifecycle/AutoTransitionPass.php
No syntax errors detected in ./lib/Service/Lifecycle/LifecycleAnnotationValidator.php
No syntax errors detected in ./lib/Service/CaseTypeAuthorizationService.php
No syntax errors detected in ./lib/Service/ScheduledReportService.php
No syntax errors detected in ./lib/Service/FieldEncryptionHandler.php
No syntax errors detected in ./lib/Service/PersonLinkEvents.php
No syntax errors detected in ./lib/Service/Party/PartyDefinition.php
No syntax errors detected in ./lib/Service/Party/PartyLinkWriter.php
No syntax errors detected in ./lib/Service/Party/PartyNotificationService.php
No syntax errors detected in ./lib/Service/Party/PartyRoleService.php
No syntax errors detected in ./lib/Service/Party/PartyIndicatorGuard.php
No syntax errors detected in ./lib/Service/Party/PartySearchService.php
No syntax errors detected in ./lib/Service/Party/PartyService.php
No syntax errors detected in ./lib/Service/Party/PartyAnnotationValidator.php
No syntax errors detected in ./lib/Service/Mcp/McpProtocolService.php
No syntax errors detected in ./lib/Service/Mcp/ToolRegistryFacade.php
No syntax errors detected in ./lib/Service/Mcp/McpAnnotationValidator.php
No syntax errors detected in ./lib/Service/Mcp/McpToolsService.php
No syntax errors detected in ./lib/Service/Mcp/McpResourcesService.php
No syntax errors detected in ./lib/Service/ConfigurationDeployment/ConfigurationSnapshot.php
No syntax errors detected in ./lib/Service/ConfigurationDeployment/ConfigurationExplainer.php
No syntax errors detected in ./lib/Service/ConfigurationDeployment/ConfigurationValueStore.php
No syntax errors detected in ./lib/Service/ConfigurationDeployment/DeploymentPreviewService.php
No syntax errors detected in ./lib/Service/ConfigurationDeployment/ConfigurationKeyRegistry.php
No syntax errors detected in ./lib/Service/ConfigurationDeployment/ConfigurationLayer.php
No syntax errors detected in ./lib/Service/ConfigurationDeployment/ConfigurationDraftService.php
No syntax errors detected in ./lib/Service/ConfigurationDeployment/DeploymentRefusedException.php
No syntax errors detected in ./lib/Service/ConfigurationDeployment/DeploymentService.php
No syntax errors detected in ./lib/Service/TaskService.php
No syntax errors detected in ./lib/Service/DemoDataService.php
No syntax errors detected in ./lib/Service/RegisterMappingFunctionsEvent.php
No syntax errors detected in ./lib/Service/LogService.php
No syntax errors detected in ./lib/Service/AuditRetentionResolver.php
No syntax errors detected in ./lib/Service/WellKnown/SecurityTxtBuilder.php
No syntax errors detected in ./lib/Service/Gdpr/PrivacyOfficerRecipientResolver.php
No syntax errors detected in ./lib/Service/Gdpr/Retention/RetentionSweepService.php
No syntax errors detected in ./lib/Service/Gdpr/Case/CaseAccessControl.php
No syntax errors detected in ./lib/Service/Gdpr/Case/CaseObjectAccessor.php
No syntax errors detected in ./lib/Service/Gdpr/Redaction/RedactionWriteService.php
No syntax errors detected in ./lib/Service/Gdpr/Lifecycle/DenialFinaliseGuard.php
No syntax errors detected in ./lib/Service/Gdpr/Identity/NullIdentityVerifyProvider.php
No syntax errors detected in ./lib/Service/Gdpr/Identity/IdentityVerifyResult.php
No syntax errors detected in ./lib/Service/Gdpr/Identity/IdentityVerifyProvider.php
No syntax errors detected in ./lib/Service/Gdpr/Identity/IdentityVerifyRegistry.php
No syntax errors detected in ./lib/Service/Gdpr/DataSubjectDeadline.php
No syntax errors detected in ./lib/Service/Gdpr/Regulator/NullRegulatorEscalateProvider.php
No syntax errors detected in ./lib/Service/Gdpr/Regulator/RegulatorEscalateProvider.php
No syntax errors detected in ./lib/Service/Gdpr/Regulator/RegulatorEscalateRegistry.php
No syntax errors detected in ./lib/Service/Gdpr/Regulator/RegulatorEscalateResult.php
No syntax errors detected in ./lib/Service/Gdpr/Export/OneTimeDownloadTokenStore.php
No syntax errors detected in ./lib/Service/Gdpr/Export/SubjectExportService.php
No syntax errors detected in ./lib/Service/Gdpr/Export/UnsignedPadesSigner.php
No syntax errors detected in ./lib/Service/Gdpr/Export/PadesSigner.php
No syntax errors detected in ./lib/Service/Gdpr/Export/SignedBundle.php
No syntax errors detected in ./lib/Service/Gdpr/Export/ExportBundleService.php
No syntax errors detected in ./lib/Service/Gdpr/Erasure/SubjectPartyCounter.php
No syntax errors detected in ./lib/Service/Gdpr/Erasure/ErasurePreviewStore.php
No syntax errors detected in ./lib/Service/Gdpr/Erasure/ErasurePreviewService.php
No syntax errors detected in ./lib/Service/Gdpr/Erasure/ErasureRefusedException.php
No syntax errors detected in ./lib/Service/Gdpr/Erasure/ErasureRunner.php
No syntax errors detected in ./lib/Service/Gdpr/Erasure/ErasureBucket.php
No syntax errors detected in ./lib/Service/Gdpr/DpiaPatternDetectionService.php
No syntax errors detected in ./lib/Service/Gdpr/Evidence/EvidenceItem.php
No syntax errors detected in ./lib/Service/Gdpr/Evidence/EvidenceSourceProvider.php
No syntax errors detected in ./lib/Service/Gdpr/Evidence/EvidenceHarvestService.php
No syntax errors detected in ./lib/Service/Gdpr/Evidence/EvidenceSourceRegistry.php
No syntax errors detected in ./lib/Service/Gdpr/DataSubjectRequestService.php
No syntax errors detected in ./lib/Service/Gdpr/Policy/DsarPolicyPackResolver.php
No syntax errors detected in ./lib/Service/DateTimeNormalizer.php
No syntax errors detected in ./lib/Service/ContactService.php
No syntax errors detected in ./lib/Service/MapLinkService.php
No syntax errors detected in ./lib/Service/OasService.php
No syntax errors detected in ./lib/Service/Survivorship/SurvivorshipAnnotationValidator.php
No syntax errors detected in ./lib/Service/Survivorship/SurvivorshipResolver.php
No syntax errors detected in ./lib/Service/Survivorship/SourceRecordResolver.php
No syntax errors detected in ./lib/Service/Survivorship/TrustTierResolver.php
No syntax errors detected in ./lib/Service/Dmn/DecisionEvaluationException.php
No syntax errors detected in ./lib/Service/Dmn/DecisionTableEvaluator.php
No syntax errors detected in ./lib/Service/Dmn/DecisionTableValidator.php
No syntax errors detected in ./lib/Service/Dmn/UnaryTestEvaluator.php
No syntax errors detected in ./lib/Service/Hinge/IntakeSourceRegistry.php
No syntax errors detected in ./lib/Service/Hinge/ReferencedByService.php
No syntax errors detected in ./lib/Service/Hinge/InheritedGeoCollector.php
No syntax errors detected in ./lib/Service/Hinge/HingeAnnotationValidator.php
No syntax errors detected in ./lib/Service/Hinge/ListPresentationResolver.php
No syntax errors detected in ./lib/Service/Hinge/LensResolver.php
No syntax errors detected in ./lib/Service/FileService.php
No syntax errors detected in ./lib/Service/SystemOperationContext.php
No syntax errors detected in ./lib/Service/RegisterResolverService.php
No syntax errors detected in ./lib/Service/ObjectServiceMapperAdapter.php
No syntax errors detected in ./lib/Service/RegisterService.php
No syntax errors detected in ./lib/Service/ApiCaller/CallerRateLimiter.php
No syntax errors detected in ./lib/Service/ApiCaller/CallerPolicy.php
No syntax errors detected in ./lib/Service/ApiCaller/ApiCallRecorder.php
No syntax errors detected in ./lib/Service/ApiCaller/IpRange.php
No syntax errors detected in ./lib/Service/SharedMasterDataService.php
No syntax errors detected in ./lib/Service/Registers/RegisterCacheHandler.php
No syntax errors detected in ./lib/Service/Translation/TranslationCsvCodec.php
No syntax errors detected in ./lib/Service/Translation/IdentityTranslationProvider.php
No syntax errors detected in ./lib/Service/Translation/TranslationProviderInterface.php
No syntax errors detected in ./lib/Service/PresenceService.php
No syntax errors detected in ./lib/Service/SchemaImport/ImportOptions.php
No syntax errors detected in ./lib/Service/SchemaImport/SchemaImportService.php
No syntax errors detected in ./lib/Service/SchemaImport/SchemaDialectImporter.php
No syntax errors detected in ./lib/Service/SchemaImport/ImportedSchema.php
No syntax errors detected in ./lib/Service/SchemaImport/DialectDetector.php
No syntax errors detected in ./lib/Service/SchemaImport/SchemaOrgSnapshot.php
No syntax errors detected in ./lib/Service/SchemaImport/GgmImporter.php
No syntax errors detected in ./lib/Service/SchemaImport/GgmSnapshot.php
No syntax errors detected in ./lib/Service/SchemaImport/ThreeWayMerge.php
No syntax errors detected in ./lib/Service/SchemaImport/SchemaOrgImporter.php
No syntax errors detected in ./lib/Service/NotificationService.php
No syntax errors detected in ./lib/Service/CospendLinkService.php
No syntax errors detected in ./lib/Service/ChatService.php
No syntax errors detected in ./lib/Service/Import/SourceRowReader.php
No syntax errors detected in ./lib/Service/Import/ImportPreviewService.php
No syntax errors detected in ./lib/Service/Import/ImportPreviewRefusedException.php
No syntax errors detected in ./lib/Service/Import/ConflictPolicy.php
No syntax errors detected in ./lib/Service/Import/SchemaMappingCheck.php
No syntax errors detected in ./lib/Service/Import/MatchResolver.php
No syntax errors detected in ./lib/Service/Import/MatchLookupFailedException.php
No syntax errors detected in ./lib/Service/JsonLd/JsonLdSerializer.php
No syntax errors detected in ./lib/Service/JsonLd/JsonLdContextService.php
No syntax errors detected in ./lib/Service/Credential/OAuth2ConnectService.php
No syntax errors detected in ./lib/Service/Credential/OAuth2ClientResolver.php
No syntax errors detected in ./lib/Service/Credential/OAuth2InstanceHost.php
No syntax errors detected in ./lib/Service/Credential/DoriathApplicationRegistrar.php
No syntax errors detected in ./lib/Service/Credential/OAuth2StateService.php
No syntax errors detected in ./lib/Service/Credential/DoriathCredentialStore.php
No syntax errors detected in ./lib/Service/Credential/OAuth2InstanceClient.php
No syntax errors detected in ./lib/Service/Credential/OAuth2Endpoints.php
No syntax errors detected in ./lib/Service/Credential/OAuth2RefreshService.php
No syntax errors detected in ./lib/Service/Credential/NextcloudVaultCredentialStore.php
No syntax errors detected in ./lib/Service/Credential/CredentialRelinkRequiredException.php
No syntax errors detected in ./lib/Service/Credential/CredentialRelinkNotifier.php
No syntax errors detected in ./lib/Service/Credential/CredentialAccessDeniedException.php
No syntax errors detected in ./lib/Service/Credential/OAuth2TokenSet.php
No syntax errors detected in ./lib/Service/Credential/OAuth2RelayGuard.php
No syntax errors detected in ./lib/Service/Credential/CredentialAppTokenService.php
No syntax errors detected in ./lib/Service/Credential/CredentialLock.php
No syntax errors detected in ./lib/Service/Credential/CredentialUpstreamException.php
No syntax errors detected in ./lib/Service/Credential/ProviderCatalogue.php
No syntax errors detected in ./lib/Service/Credential/OAuth2AccountIdentity.php
No syntax errors detected in ./lib/Service/Credential/CredentialStore.php
No syntax errors detected in ./lib/Service/Credential/CredentialUpdateRequest.php
No syntax errors detected in ./lib/Service/Credential/OAuth2ConnectionRepository.php
No syntax errors detected in ./lib/Service/Credential/CredentialBrokerService.php
No syntax errors detected in ./lib/Service/Credential/CredentialStoreResolver.php
No syntax errors detected in ./lib/Service/MigrationPackService.php
No syntax errors detected in ./lib/Service/LanguageService.php
No syntax errors detected in ./lib/Service/ManifestService.php
No syntax errors detected in ./lib/Service/RegisterSlugResolver.php
No syntax errors detected in ./lib/Service/Rules/RuleTrialService.php
No syntax errors detected in ./lib/Service/Rules/DependentValueTable.php
No syntax errors detected in ./lib/Service/Rules/RuleCeilingException.php
No syntax errors detected in ./lib/Service/Rules/RuleInventoryService.php
No syntax errors detected in ./lib/Service/Rules/RuleReplayService.php
No syntax errors detected in ./lib/Service/Rules/AdministeredValidationEnforcer.php
No syntax errors detected in ./lib/Service/Rules/ExpressionDefaultException.php
No syntax errors detected in ./lib/Service/Rules/RuleDescriptor.php
No syntax errors detected in ./lib/Service/Rules/ConditionRefusedException.php
No syntax errors detected in ./lib/Service/Rules/RuleRunRecorder.php
No syntax errors detected in ./lib/Service/Rules/ExpressionDefaultResolver.php
No syntax errors detected in ./lib/Service/Rules/NamedConditionEvaluator.php
No syntax errors detected in ./lib/Service/Rules/AdministeredValidations.php
No syntax errors detected in ./lib/Service/Rules/TransitionDocument.php
No syntax errors detected in ./lib/Service/Rules/DependentValueValidator.php
No syntax errors detected in ./lib/Service/Rules/RuleAuditService.php
No syntax errors detected in ./lib/Service/Rules/ConditionTracer.php
No syntax errors detected in ./lib/Service/Rules/ConditionDialect.php
No syntax errors detected in ./lib/Service/Rules/DependentValueDeclarationException.php
No syntax errors detected in ./lib/Service/Rules/RelativeTimeCondition.php
No syntax errors detected in ./lib/Service/Rules/RuleCeilingService.php
No syntax errors detected in ./lib/Service/Rules/RuleVocabulary.php
No syntax errors detected in ./lib/Service/Rules/RuleEnablementService.php
No syntax errors detected in ./lib/Service/Rules/AdministeredValidationRunLog.php
No syntax errors detected in ./lib/Service/Rules/RuleTrace.php
No syntax errors detected in ./lib/Service/Rules/NamedConditionLibrary.php
No syntax errors detected in ./lib/Service/Deletion/DestructionScopeReader.php
No syntax errors detected in ./lib/Service/Deletion/RetentionClockService.php
No syntax errors detected in ./lib/Service/Deletion/DeletedObjectAuthorizer.php
No syntax errors detected in ./lib/Service/Deletion/DestroyRightService.php
No syntax errors detected in ./lib/Service/Deletion/DeletionWindowService.php
No syntax errors detected in ./lib/Service/Deletion/DeletionServiceBundle.php
No syntax errors detected in ./lib/Service/Deletion/DestructionScopeService.php
No syntax errors detected in ./lib/Service/Deletion/DestructionRecorder.php
No syntax errors detected in ./lib/Service/Deletion/DeletionWindow.php
No syntax errors detected in ./lib/Service/Deletion/DestructionScope.php
No syntax errors detected in ./lib/Service/Deletion/DestructionRefusedException.php
No syntax errors detected in ./lib/Service/MetricsService.php
No syntax errors detected in ./lib/Service/Resolver/RegisterSchemaPair.php
No syntax errors detected in ./lib/Service/Resolver/Exception/RegisterNotFoundException.php
No syntax errors detected in ./lib/Service/Resolver/Exception/SchemaNotFoundException.php
No syntax errors detected in ./lib/Service/Resolver/Exception/MissingConfigException.php
No syntax errors detected in ./lib/Service/Resolver/Exception/PropertyNotFoundException.php
No syntax errors detected in ./lib/Service/EmailService.php
No syntax errors detected in ./lib/Service/Operations/ConsistencyRepairService.php
No syntax errors detected in ./lib/Service/Operations/MaintenanceModeService.php
No syntax errors detected in ./lib/Service/Operations/OperationsJobsService.php
No syntax errors detected in ./lib/Service/Operations/ConsistencyCheckService.php
No syntax errors detected in ./lib/Service/Operations/JobRunRecorder.php
No syntax errors detected in ./lib/Service/Operations/JobScheduleService.php
No syntax errors detected in ./lib/Service/Operations/JobAlertService.php
No syntax errors detected in ./lib/Service/Operations/SupportBundleService.php
No syntax errors detected in ./lib/Service/AnonymousEvaluationContext.php
No syntax errors detected in ./lib/Service/ApprovalChainAnnotationInstaller.php
No syntax errors detected in ./lib/Service/AuditHashService.php
No syntax errors detected in ./lib/Service/TextExtractionService.php
No syntax errors detected in ./lib/Service/RegisterSchemaLinkageRepairService.php
No syntax errors detected in ./lib/Service/Connection/ConnectionReporter.php
No syntax errors detected in ./lib/Service/CollectiveLinkService.php
No syntax errors detected in ./lib/Service/Deferral/ListenerDeferralService.php
No syntax errors detected in ./lib/Service/Deferral/DeferredListenerContext.php
No syntax errors detected in ./lib/Service/Deferral/DeferredEntryObjectResolver.php
No syntax errors detected in ./lib/Service/CaseTokenService.php
No syntax errors detected in ./lib/Service/Outbound/OutboundClientFactory.php
No syntax errors detected in ./lib/Service/Outbound/ProxySettings.php
No syntax errors detected in ./lib/Service/Outbound/OutboundHttpClient.php
No syntax errors detected in ./lib/Service/Audit/ReadableAuditTrailLister.php
No syntax errors detected in ./lib/Service/Audit/SecuritySettingAnnouncer.php
No syntax errors detected in ./lib/Service/Audit/PurposeAttribution.php
No syntax errors detected in ./lib/Service/Audit/PurposeRegistry.php
No syntax errors detected in ./lib/Service/Audit/PurposeGuard.php
No syntax errors detected in ./lib/Service/Audit/PurposeContext.php
No syntax errors detected in ./lib/Service/Audit/SecuritySettingRegistry.php
No syntax errors detected in ./lib/Service/Audit/AuditSinkStatus.php
No syntax errors detected in ./lib/Service/Audit/TokenContext.php
No syntax errors detected in ./lib/Service/Audit/ContentReportService.php
No syntax errors detected in ./lib/Service/Audit/TokenIdentity.php
No syntax errors detected in ./lib/Service/Audit/TokenResolver.php
No syntax errors detected in ./lib/Service/Audit/AuditAggregationService.php
No syntax errors detected in ./lib/Service/Audit/TokenAttribution.php
No syntax errors detected in ./lib/Service/Audit/PurposeRefusedException.php
No syntax errors detected in ./lib/Service/Audit/AuditSink.php
No syntax errors detected in ./lib/Service/FileSidebarService.php
No syntax errors detected in ./lib/Service/AuditCanonicalV1.php
No syntax errors detected in ./lib/Service/AuthorizationAuditService.php
No syntax errors detected in ./lib/Service/ObjectSource/TablesObjectSourceProvider.php
No syntax errors detected in ./lib/Service/ObjectSource/TablesUuidDeriver.php
No syntax errors detected in ./lib/Service/ObjectSource/FederatedObjectSourceProvider.php
No syntax errors detected in ./lib/Service/ObjectSource/ContactsObjectSourceProvider.php
No syntax errors detected in ./lib/Service/ObjectSource/GroupObjectSourceProvider.php
No syntax errors detected in ./lib/Service/ObjectSource/DbalObjectSourceException.php
No syntax errors detected in ./lib/Service/ObjectSource/UserDirectoryObjectSourceProvider.php
No syntax errors detected in ./lib/Service/ObjectSource/DeckObjectSourceProvider.php
No syntax errors detected in ./lib/Service/ObjectSource/TablesTableReader.php
No syntax errors detected in ./lib/Service/ObjectSource/WritableObjectSourceProvider.php
No syntax errors detected in ./lib/Service/ObjectSource/ObjectSourceRegistry.php
No syntax errors detected in ./lib/Service/ObjectSource/DbalWriteException.php
No syntax errors detected in ./lib/Service/ObjectSource/FilesObjectSourceProvider.php
No syntax errors detected in ./lib/Service/ObjectSource/TablesColumnMapper.php
No syntax errors detected in ./lib/Service/ObjectSource/DbalObjectSourceProvider.php
No syntax errors detected in ./lib/Service/ObjectSource/ObjectSourceProvider.php
No syntax errors detected in ./lib/Service/ObjectSource/OrganisationObjectSourceProvider.php
No syntax errors detected in ./lib/Service/ObjectSource/CalDavVtodoObjectSourceProvider.php
No syntax errors detected in ./lib/Service/ObjectSource/CalendarEventObjectSourceProvider.php
No syntax errors detected in ./lib/Service/ObjectSource/TablesSchemaSyncService.php
No syntax errors detected in ./lib/Service/ObjectSource/TalkObjectSourceProvider.php
No syntax errors detected in ./lib/Service/ObjectSource/NcEntitySemanticMap.php
No syntax errors detected in ./lib/Service/OrganisationService.php
No syntax errors detected in ./lib/Service/SchemaService.php
No syntax errors detected in ./lib/Service/Vectorization/Handlers/EmbeddingGeneratorHandler.php
No syntax errors detected in ./lib/Service/Vectorization/Handlers/VectorSearchHandler.php
No syntax errors detected in ./lib/Service/Vectorization/Handlers/PgVectorPlatform.php
No syntax errors detected in ./lib/Service/Vectorization/Handlers/VectorStatsHandler.php
No syntax errors detected in ./lib/Service/Vectorization/Handlers/VectorStorageHandler.php
No syntax errors detected in ./lib/Service/Vectorization/VectorEmbeddings.php
No syntax errors detected in ./lib/Service/Vectorization/Strategies/VectorizationStrategyInterface.php
No syntax errors detected in ./lib/Service/Vectorization/Strategies/FileVectorizationStrategy.php
No syntax errors detected in ./lib/Service/Vectorization/Strategies/ObjectVectorizationStrategy.php
No syntax errors detected in ./lib/Service/Search/SearchIndexMaintenance.php
No syntax errors detected in ./lib/Service/Search/PlaceholderResolver.php
No syntax errors detected in ./lib/Service/Search/HistoryPredicate.php
No syntax errors detected in ./lib/Service/Search/SearchTermNode.php
No syntax errors detected in ./lib/Service/Search/SearchTermParser.php
No syntax errors detected in ./lib/Service/Search/SearchDictionaryProvider.php
No syntax errors detected in ./lib/Service/Search/PropertySearchProfile.php
No syntax errors detected in ./lib/Service/Search/SearchTermSqlCompiler.php
No syntax errors detected in ./lib/Service/Search/DictionaryExpansion.php
No syntax errors detected in ./lib/Service/Search/SearchDictionary.php
No syntax errors detected in ./lib/Service/Search/HistoryNarrowing.php
No syntax errors detected in ./lib/Service/Search/ObjectSearchResultFormatter.php
No syntax errors detected in ./lib/Service/TranslationStatusService.php
No syntax errors detected in ./lib/Service/SchemaApplicationMigrator.php
No syntax errors detected in ./lib/Service/VocabularyImportService.php
No syntax errors detected in ./lib/Service/ConfigurationService.php
No syntax errors detected in ./lib/Service/ExportService.php
No syntax errors detected in ./lib/Service/Authorization/RbacGroupCollector.php
No syntax errors detected in ./lib/Service/Authorization/GrantableRightsIndex.php
No syntax errors detected in ./lib/Service/Authorization/GroupReconciler.php
No syntax errors detected in ./lib/Service/Authorization/DeclaredGroupInventoryService.php
No syntax errors detected in ./lib/Service/Authorization/GroupProvisioner.php
No syntax errors detected in ./lib/Service/Dbal/SqlTypeMapper.php
No syntax errors detected in ./lib/Service/Dbal/DbalConnectionException.php
No syntax errors detected in ./lib/Service/Dbal/DbalConnectionFactory.php
No syntax errors detected in ./lib/Service/Dbal/DatabaseIntrospectionService.php
No syntax errors detected in ./lib/Service/CalendarLinkService.php
No syntax errors detected in ./lib/Service/SequenceService.php
No syntax errors detected in ./lib/Service/DashboardService.php
No syntax errors detected in ./lib/Service/SemanticTypeResolver.php
No syntax errors detected in ./lib/Service/MdiIconRenderer.php
No syntax errors detected in ./lib/Service/OperationsConsoleService.php
No syntax errors detected in ./lib/Service/SettingsService.php
No syntax errors detected in ./lib/Service/OpenProjectLinkService.php
No syntax errors detected in ./lib/Service/DeckCardService.php
No syntax errors detected in ./lib/Service/Vocabulary/ConceptDeleteGuard.php
No syntax errors detected in ./lib/Service/Vocabulary/VocabularyDeclarationResolver.php
No syntax errors detected in ./lib/Service/Vocabulary/CodedPropertyDeclarationFactory.php
No syntax errors detected in ./lib/Service/Vocabulary/CodedFilterExpander.php
No syntax errors detected in ./lib/Service/Vocabulary/ConceptRepository.php
No syntax errors detected in ./lib/Service/Vocabulary/CodedValueGuard.php
No syntax errors detected in ./lib/Service/Vocabulary/ConceptLifecycle.php
No syntax errors detected in ./lib/Service/Vocabulary/CodedPropertyDeclaration.php
No syntax errors detected in ./lib/Service/Vocabulary/ConceptShapeGuard.php
No syntax errors detected in ./lib/Service/Vocabulary/CodedOptionsBuilder.php
No syntax errors detected in ./lib/Service/Vocabulary/ConceptHierarchy.php
No syntax errors detected in ./lib/Service/Quality/DismissedPairStore.php
No syntax errors detected in ./lib/Service/Quality/UniqueHintAnnotationValidator.php
No syntax errors detected in ./lib/Service/Quality/QualityAnnotationValidator.php
No syntax errors detected in ./lib/Service/Quality/QualityScorer.php
No syntax errors detected in ./lib/Service/Quality/DuplicateDetectionService.php
No syntax errors detected in ./lib/Service/Quality/UniqueHintWarnings.php
No syntax errors detected in ./lib/Service/Quality/UniqueHintChecker.php
No syntax errors detected in ./lib/Service/Quality/DedupCreatePolicy.php
No syntax errors detected in ./lib/Service/Quality/QualityStatisticsService.php
No syntax errors detected in ./lib/Service/Quality/DedupAnnotationValidator.php
No syntax errors detected in ./lib/Service/Quality/SimilarityCalculator.php
No syntax errors detected in ./lib/Service/History/StateHistoryProjector.php
No syntax errors detected in ./lib/Service/History/StateHistoryRebuild.php
No syntax errors detected in ./lib/Service/Export/ExportGate.php
No syntax errors detected in ./lib/Service/Export/ExportRefusedException.php
No syntax errors detected in ./lib/Service/Export/ExportValueRenderer.php
No syntax errors detected in ./lib/Service/Export/ExportAuditRecorder.php
No syntax errors detected in ./lib/Service/Export/ExportProfileWriter.php
No syntax errors detected in ./lib/Service/Export/ExportProfileValidator.php
No syntax errors detected in ./lib/Service/Export/ExportRightService.php
No syntax errors detected in ./lib/Service/Export/ExportProfileService.php
No syntax errors detected in ./lib/Service/Export/ExportRunRecorder.php
No syntax errors detected in ./lib/Service/OperatorEvaluator.php
No syntax errors detected in ./lib/Service/Schemas/GeneratedIdentifierDeclaration.php
No syntax errors detected in ./lib/Service/Schemas/PropertySourceException.php
No syntax errors detected in ./lib/Service/Schemas/PropertyVocabularyException.php
No syntax errors detected in ./lib/Service/Schemas/PropertyValidatorHandler.php
No syntax errors detected in ./lib/Service/Schemas/ScopedPropertyDeclaration.php
No syntax errors detected in ./lib/Service/Schemas/ScopedPropertyGovernance.php
No syntax errors detected in ./lib/Service/Schemas/ScopedPropertyException.php
No syntax errors detected in ./lib/Service/Schemas/SchemaCacheHandler.php
No syntax errors detected in ./lib/Service/Schemas/PropertyVocabulary.php
No syntax errors detected in ./lib/Service/Schemas/SemanticRoleHandler.php
No syntax errors detected in ./lib/Service/Schemas/GeneratedIdentifierException.php
No syntax errors detected in ./lib/Service/Schemas/UniqueConstraintEvaluator.php
No syntax errors detected in ./lib/Service/Schemas/CodedChoiceException.php
No syntax errors detected in ./lib/Service/Schemas/PropertySourceDeclaration.php
No syntax errors detected in ./lib/Service/Schemas/FacetCacheHandler.php
No syntax errors detected in ./lib/Service/Schemas/RepeatingGroupDeclarationValidator.php
No syntax errors detected in ./lib/Service/Schemas/ReferenceFilterException.php
No syntax errors detected in ./lib/Service/Schemas/ReferenceFilterDeclaration.php
No syntax errors detected in ./lib/Service/Schemas/ReferenceFilterOperandGuard.php
No syntax errors detected in ./lib/Service/Schemas/CodedChoiceDeclaration.php
No syntax errors detected in ./lib/Service/Schemas/ExtendingFormDeclaration.php
No syntax errors detected in ./lib/Service/Schemas/ReferenceOptionsReader.php
No syntax errors detected in ./lib/Service/Capability/ToolGrantCodec.php
No syntax errors detected in ./lib/Service/Capability/ToolReachResolver.php
No syntax errors detected in ./lib/Service/Capability/ToolGrantResolutionException.php
No syntax errors detected in ./lib/Service/Capability/ToolGrantSet.php
No syntax errors detected in ./lib/Service/Capability/ToolGrantResolver.php
No syntax errors detected in ./lib/Service/Geo/GeoFeatureCollectionBuilder.php
No syntax errors detected in ./lib/Service/Geo/RdCrsTransformer.php
No syntax errors detected in ./lib/Service/Geo/GeoJsonGeometryValidator.php
No syntax errors detected in ./lib/Service/Geo/GeoFilterParser.php
No syntax errors detected in ./lib/Service/Geo/GeoFilterApplier.php
No syntax errors detected in ./lib/Service/Geo/GeoFilter.php
No syntax errors detected in ./lib/Service/Geo/GeoSpatialEvaluator.php
No syntax errors detected in ./lib/Service/Geo/PdokGeocoder.php
No syntax errors detected in ./lib/Service/Handler/ViewHandler.php
No syntax errors detected in ./lib/Service/Handler/AgentHandler.php
No syntax errors detected in ./lib/Service/Handler/ApplicationHandler.php
No syntax errors detected in ./lib/Service/Handler/OrganisationHandler.php
No syntax errors detected in ./lib/Service/Handler/SourceHandler.php
No syntax errors detected in ./lib/Service/AnalyticsLinkService.php
No syntax errors detected in ./lib/Service/Hardening/HardeningPolicy.php
No syntax errors detected in ./lib/Service/Hardening/HardeningSettingsService.php
No syntax errors detected in ./lib/Service/Hardening/PlatformSecurityReader.php
No syntax errors detected in ./lib/Service/Hardening/HardeningControl.php
No syntax errors detected in ./lib/Service/Hardening/ThrottledSurfaces.php
No syntax errors detected in ./lib/Service/Hardening/HardeningFloorGuard.php
No syntax errors detected in ./lib/Service/Hardening/HardeningFloorException.php
No syntax errors detected in ./lib/Service/Hardening/HardeningAuditWriter.php
No syntax errors detected in ./lib/Service/Hardening/HardeningReportService.php
No syntax errors detected in ./lib/Service/Hardening/ElevationRequiredException.php
No syntax errors detected in ./lib/Service/Hardening/ElevationService.php
No syntax errors detected in ./lib/Service/Hardening/StatementService.php
No syntax errors detected in ./lib/Service/Merge/MergeService.php
No syntax errors detected in ./lib/Service/Merge/MasterRecomputeService.php
No syntax errors detected in ./lib/Service/Merge/MergeAnnotationValidator.php
No syntax errors detected in ./lib/Service/TenantKeyService.php
No syntax errors detected in ./lib/Service/NoteService.php
No syntax errors detected in ./lib/Service/ViewPresentationService.php
No syntax errors detected in ./lib/Service/Task/TaskPriority.php
No syntax errors detected in ./lib/Service/Task/TaskTemporalProjection.php
No syntax errors detected in ./lib/Service/Task/TaskMetricsProvider.php
No syntax errors detected in ./lib/Service/Task/TaskFormCompletion.php
No syntax errors detected in ./lib/Service/Task/TaskSequenceDecisionGuard.php
No syntax errors detected in ./lib/Service/Task/TaskFormReader.php
No syntax errors detected in ./lib/Service/Task/TaskForm.php
No syntax errors detected in ./lib/Service/Task/TaskService.php
No syntax errors detected in ./lib/Service/Task/TaskVtodoWriteBackGate.php
No syntax errors detected in ./lib/Service/Task/TaskCalendarProjector.php
No syntax errors detected in ./lib/Service/Task/TaskInboxService.php
No syntax errors detected in ./lib/Service/Task/TaskState.php
No syntax errors detected in ./lib/Service/Task/TaskSequenceService.php
No syntax errors detected in ./lib/Service/Task/TaskAuthorizationService.php
No syntax errors detected in ./lib/Service/Task/TaskBuilder.php
No syntax errors detected in ./lib/Service/Task/VtodoCalendarLocator.php
No syntax errors detected in ./lib/Service/Task/TaskPerformerResolver.php
No syntax errors detected in ./lib/Service/Task/TaskSubjectAccessGuard.php
No syntax errors detected in ./lib/Service/Task/TaskProjectionService.php
No syntax errors detected in ./lib/Service/Task/TaskFormResolver.php
No syntax errors detected in ./lib/Service/Task/TaskVtodoStatusMapping.php
No syntax errors detected in ./lib/Service/MappingService.php
No syntax errors detected in ./lib/Service/Sync/SyncConflictResolver.php
No syntax errors detected in ./lib/Service/Sync/SyncScheduleService.php
No syntax errors detected in ./lib/Service/Sync/RestApiSourceFetcher.php
No syntax errors detected in ./lib/Service/Sync/SourceFetcherRegistry.php
No syntax errors detected in ./lib/Service/Sync/SyncRecordStatus.php
No syntax errors detected in ./lib/Service/Sync/SourceFetcherInterface.php
No syntax errors detected in ./lib/Service/Sync/HarvestPipelineService.php
No syntax errors detected in ./lib/Service/Calculation/CalculationAnnotationValidator.php
No syntax errors detected in ./lib/Service/Calculation/CalculationTrialService.php
No syntax errors detected in ./lib/Service/Calculation/PropertyCalculations.php
No syntax errors detected in ./lib/Service/Calculation/CalculationEvaluator.php
No syntax errors detected in ./lib/Service/Calculation/AggregateReferenceResolver.php
No syntax errors detected in ./lib/Service/Calculation/TemporalCalculationSweepService.php
No syntax errors detected in ./lib/Service/Calculation/ReferenceResolver.php
No syntax errors detected in ./lib/Service/Calculation/CalculationDeclarationException.php
No syntax errors detected in ./lib/Service/Calculation/OperatorCatalogue.php
No syntax errors detected in ./lib/Service/Calculation/CalculationPayloadBuilder.php
No syntax errors detected in ./lib/Service/Calculation/EvaluationException.php
No syntax errors detected in ./lib/Service/Calculation/SequenceContext.php
No syntax errors detected in ./lib/Service/TmloService.php
No syntax errors detected in ./lib/Service/Edepot/MdtoDocumentWriter.php
No syntax errors detected in ./lib/Service/Edepot/TransferRecordService.php
No syntax errors detected in ./lib/Service/Edepot/MdtoBestandGenerator.php
No syntax errors detected in ./lib/Service/Edepot/MdtoPreconditions.php
No syntax errors detected in ./lib/Service/Edepot/MdtoEventMapper.php
No syntax errors detected in ./lib/Service/Edepot/Transport/RestApiTransport.php
No syntax errors detected in ./lib/Service/Edepot/Transport/OpenConnectorTransport.php
No syntax errors detected in ./lib/Service/Edepot/Transport/SftpTransport.php
No syntax errors detected in ./lib/Service/Edepot/Transport/TransportResult.php
No syntax errors detected in ./lib/Service/Edepot/Transport/TransportInterface.php
No syntax errors detected in ./lib/Service/Edepot/EdepotTransferService.php
No syntax errors detected in ./lib/Service/Edepot/MdtoXmlGenerator.php
No syntax errors detected in ./lib/Service/Edepot/SipPackageBuilder.php
No syntax errors detected in ./lib/Service/Edepot/MdtoSourceReader.php
No syntax errors detected in ./lib/Service/Edepot/MdtoValueReader.php
No syntax errors detected in ./lib/Service/Edepot/TransferListService.php
No syntax errors detected in ./lib/Service/Edepot/PackagedFileChecksum.php
No syntax errors detected in ./lib/Service/BulkJob/ReversibilityDeclarationException.php
No syntax errors detected in ./lib/Service/BulkJob/BulkJobGuards.php
No syntax errors detected in ./lib/Service/BulkJob/BulkSelectionResolver.php
No syntax errors detected in ./lib/Service/BulkJob/ReversibilityAnnotationValidator.php
No syntax errors detected in ./lib/Service/BulkJob/BulkJobReversal.php
No syntax errors detected in ./lib/Service/BulkJob/BulkJobExecutor.php
No syntax errors detected in ./lib/Service/BulkJob/BulkJobService.php
No syntax errors detected in ./lib/Service/AuthorizationService.php
No syntax errors detected in ./lib/Service/ViewService.php
No syntax errors detected in ./lib/Service/SearchTrailService.php
No syntax errors detected in ./lib/Service/McpDiscoveryService.php
No syntax errors detected in ./lib/Service/ShippedBaseline/DivergenceComparator.php
No syntax errors detected in ./lib/Service/ShippedBaseline/DescriptorParts.php
No syntax errors detected in ./lib/Service/ShippedBaseline/ShippedBaselineStore.php
No syntax errors detected in ./lib/Service/ShippedBaseline/GuardedDescriptorMerge.php
No syntax errors detected in ./lib/Service/ShippedBaseline/ShippedConfigurationGuard.php
No syntax errors detected in ./lib/Service/Sharing/SharePrincipalDeriver.php
No syntax errors detected in ./lib/Service/Sharing/AccessLinkSubject.php
No syntax errors detected in ./lib/Service/Sharing/AccessLinkService.php
No syntax errors detected in ./lib/Service/Sharing/AccessLinkReader.php
No syntax errors detected in ./lib/Service/Sharing/AccessLinkMintGuard.php
No syntax errors detected in ./lib/Service/Sharing/AccessLinkActs.php
No syntax errors detected in ./lib/Service/ObjectRelationCleanupService.php
No syntax errors detected in ./lib/Service/TenantLogRedactor.php
No syntax errors detected in ./lib/Service/RegisterScopedSchemaResolver.php
No syntax errors detected in ./lib/Service/ProcessingLogService.php
No syntax errors detected in ./lib/Service/PropertyRbacHandler.php
No syntax errors detected in ./lib/Service/WebPush/HexIconService.php
No syntax errors detected in ./lib/Service/WebPush/WebPushService.php
No syntax errors detected in ./lib/Service/AvgComplianceService.php
No syntax errors detected in ./lib/Service/AuthenticationService.php
No syntax errors detected in ./lib/Service/Relation/RelationGraphService.php
No syntax errors detected in ./lib/Service/Relation/AffectedSet.php
No syntax errors detected in ./lib/Service/Relation/RelationTypeResolver.php
No syntax errors detected in ./lib/Service/Relation/LinkExposure.php
No syntax errors detected in ./lib/Service/Relation/RelationAnnotationValidator.php
No syntax errors detected in ./lib/Service/Relation/RelationDeclarationException.php
No syntax errors detected in ./lib/Service/Relation/ObjectRelationService.php
No syntax errors detected in ./lib/Service/ObjectService.php
No syntax errors detected in ./lib/Service/File/TaggingHandler.php
No syntax errors detected in ./lib/Service/File/FileLockHandler.php
No syntax errors detected in ./lib/Service/File/FileMetadataFormHandler.php
No syntax errors detected in ./lib/Service/File/FileVersioningHandler.php
No syntax errors detected in ./lib/Service/File/SanitizationReport.php
No syntax errors detected in ./lib/Service/File/FileValidationHandler.php
No syntax errors detected in ./lib/Service/File/FileSharingHandler.php
No syntax errors detected in ./lib/Service/File/FilePublishingHandler.php
No syntax errors detected in ./lib/Service/File/FileBatchHandler.php
No syntax errors detected in ./lib/Service/File/FileCrudHandler.php
No syntax errors detected in ./lib/Service/File/ManualEntityService.php
No syntax errors detected in ./lib/Service/File/OfficeDocumentSanitizer.php
No syntax errors detected in ./lib/Service/File/FileOwnershipHandler.php
No syntax errors detected in ./lib/Service/File/UpdateFileHandler.php
No syntax errors detected in ./lib/Service/File/DeleteFileHandler.php
No syntax errors detected in ./lib/Service/File/CreateFileHandler.php
No syntax errors detected in ./lib/Service/File/FilePreviewHandler.php
No syntax errors detected in ./lib/Service/File/FolderManagementHandler.php
No syntax errors detected in ./lib/Service/File/Sanitizer/OdtSanitizer.php
No syntax errors detected in ./lib/Service/File/Sanitizer/DocxSanitizer.php
No syntax errors detected in ./lib/Service/File/Sanitizer/SanitizerInterface.php
No syntax errors detected in ./lib/Service/File/ExecutableContentDetector.php
No syntax errors detected in ./lib/Service/File/DocumentProcessingHandler.php
No syntax errors detected in ./lib/Service/File/FileAuditHandler.php
No syntax errors detected in ./lib/Service/File/Pdf/PdfStructureInspector.php
No syntax errors detected in ./lib/Service/File/Pdf/PdfTextReplacer.php
No syntax errors detected in ./lib/Service/File/Pdf/Fallback/NullNcOfficeConverter.php
No syntax errors detected in ./lib/Service/File/Pdf/Fallback/PdfOdtFallbackOrchestrator.php
No syntax errors detected in ./lib/Service/File/Pdf/Fallback/NcOfficeConverterInterface.php
No syntax errors detected in ./lib/Service/File/Pdf/PdfMetadataSanitizer.php
No syntax errors detected in ./lib/Service/File/Pdf/StructurePreservation.php
No syntax errors detected in ./lib/Service/File/ReadFileHandler.php
No syntax errors detected in ./lib/Service/File/ManualEntityResult.php
No syntax errors detected in ./lib/Service/File/ChunkTextMatcher.php
No syntax errors detected in ./lib/Service/File/PlaceholderIdTranslator.php
No syntax errors detected in ./lib/Service/File/FileFormattingHandler.php
No syntax errors detected in ./lib/Service/File/SanitizationResult.php
No syntax errors detected in ./lib/Service/CalendarEventService.php
No syntax errors detected in ./lib/Service/SharedSchemaDedupeService.php
No syntax errors detected in ./lib/Service/PersonLinkService.php
No syntax errors detected in ./lib/Service/BookmarkLinkService.php
No syntax errors detected in ./lib/Service/ApplicationService.php
No syntax errors detected in ./lib/Service/GraphQL/SchemaGenerator/CompositionHandler.php
No syntax errors detected in ./lib/Service/GraphQL/SchemaGenerator/TypeMapperHandler.php
No syntax errors detected in ./lib/Service/GraphQL/SchemaGenerator/AggregationTypes.php
No syntax errors detected in ./lib/Service/GraphQL/SchemaGenerator.php
No syntax errors detected in ./lib/Service/GraphQL/GraphQLErrorFormatter.php
No syntax errors detected in ./lib/Service/GraphQL/QueryComplexityAnalyzer.php
No syntax errors detected in ./lib/Service/GraphQL/GraphQLService.php
No syntax errors detected in ./lib/Service/GraphQL/Scalar/UuidType.php
No syntax errors detected in ./lib/Service/GraphQL/Scalar/JsonType.php
No syntax errors detected in ./lib/Service/GraphQL/Scalar/DateTimeType.php
No syntax errors detected in ./lib/Service/GraphQL/Scalar/UploadType.php
No syntax errors detected in ./lib/Service/GraphQL/Scalar/UriType.php
No syntax errors detected in ./lib/Service/GraphQL/Scalar/EmailType.php
No syntax errors detected in ./lib/Service/GraphQL/SubscriptionService.php
No syntax errors detected in ./lib/Service/GraphQL/GraphQLResolver.php
No syntax errors detected in ./lib/Service/Config/RegisterShareableConfigTypesEvent.php
No syntax errors detected in ./lib/Service/Config/FederatedConfigAccess.php
No syntax errors detected in ./lib/Service/Config/SchemaShareableConfigScanner.php
No syntax errors detected in ./lib/Service/Config/IShareableConfigType.php
No syntax errors detected in ./lib/Service/Config/FederatedConfigService.php
No syntax errors detected in ./lib/Service/Config/BundleSigner.php
No syntax errors detected in ./lib/Service/Config/Types/ConfigSetShareableConfigType.php
No syntax errors detected in ./lib/Service/Config/Types/GenericObjectShareableConfigType.php
No syntax errors detected in ./lib/Service/Config/Types/RegisterSchemaShareableConfigType.php
No syntax errors detected in ./lib/Service/Config/Types/FlowShareableConfigType.php
No syntax errors detected in ./lib/Service/Config/ShareableConfigTypeRegistry.php
No syntax errors detected in ./lib/Service/Reference/ObjectPreviewFormatter.php
No syntax errors detected in ./lib/Service/Chat/ChatProxyHandler.php
No syntax errors detected in ./lib/Service/Chat/ResponseGenerationHandler.php
No syntax errors detected in ./lib/Service/Chat/ConversationManagementHandler.php
No syntax errors detected in ./lib/Service/Chat/StreamYieldChannel.php
No syntax errors detected in ./lib/Service/Chat/MessageHistoryHandler.php
No syntax errors detected in ./lib/Service/Chat/ToolManagementHandler.php
No syntax errors detected in ./lib/Service/Chat/ContextRetrievalHandler.php
No syntax errors detected in ./lib/Service/Anonymisation/BackendState.php
No syntax errors detected in ./lib/Service/Anonymisation/BackendInfo.php
No syntax errors detected in ./lib/Service/Anonymisation/ProbeResult.php
No syntax errors detected in ./lib/Service/Anonymisation/AnonymisationBackendService.php
No syntax errors detected in ./lib/Service/SecurityService.php
No syntax errors detected in ./lib/Service/ActivityService.php
No syntax errors detected in ./lib/Service/Portal/PortalPartyResolver.php
No syntax errors detected in ./lib/Service/Portal/PortalSubject.php
No syntax errors detected in ./lib/Service/Portal/PortalTaskService.php
No syntax errors detected in ./lib/Service/Portal/PortalSubjectAssertion.php
No syntax errors detected in ./lib/Service/Portal/PortalTaskDeliveryService.php
No syntax errors detected in ./lib/Service/Serializer/RegisterSerializer.php
No syntax errors detected in ./lib/Service/ActivityFilterService.php
No syntax errors detected in ./lib/Service/DeckLinkService.php
No syntax errors detected in ./lib/Service/Webhook/CloudEventFormatter.php
No syntax errors detected in ./lib/Service/Webhook/WebhookInterceptionCache.php
No syntax errors detected in ./lib/Service/TenantLifecycleService.php
No syntax errors detected in ./lib/Service/Timeline/TextBlockService.php
No syntax errors detected in ./lib/Service/Timeline/PublicTimeline.php
No syntax errors detected in ./lib/Service/Timeline/TimelineEntryService.php
No syntax errors detected in ./lib/Service/Timeline/TimelineValidationException.php
No syntax errors detected in ./lib/Service/Timeline/TimelineEntrySearchService.php
No syntax errors detected in ./lib/Service/Timeline/TimelinePermissionException.php
No syntax errors detected in ./lib/Service/Timeline/ReferenceService.php
No syntax errors detected in ./lib/Service/Timeline/LanguageDetector.php
No syntax errors detected in ./lib/Service/Timeline/TimelineWriteService.php
No syntax errors detected in ./lib/Service/Timeline/EntryMentionService.php
No syntax errors detected in ./lib/Service/Timeline/TimelineKindService.php
No syntax errors detected in ./lib/Service/OpenRegisterActionAuthService.php
No syntax errors detected in ./lib/Service/Query/RelatedRowExistsClause.php
No syntax errors detected in ./lib/Service/Query/RelatedRowQueryApplier.php
No syntax errors detected in ./lib/Service/Query/RelatedRowFilterParser.php
No syntax errors detected in ./lib/Service/Query/RelatedRowFilter.php
No syntax errors detected in ./lib/Service/ConditionMatcher.php
No syntax errors detected in ./lib/Service/TranslationProjectionService.php
No syntax errors detected in ./lib/Service/Registry/RegistrySubscriptionNotifier.php
No syntax errors detected in ./lib/Service/Registry/RegistryUpdateTargetGuard.php
No syntax errors detected in ./lib/Service/Registry/RegistrySubscriptionService.php
No syntax errors detected in ./lib/Service/Registry/RegistryAnnotationValidator.php
No syntax errors detected in ./lib/Service/Registry/RegistryOwnedPropertyGuard.php
No syntax errors detected in ./lib/Service/FlowLinkService.php
No syntax errors detected in ./lib/Service/SchemaDeletionService.php
No syntax errors detected in ./lib/Service/ExternalLink/ExternalLinkAnnotationValidator.php
No syntax errors detected in ./lib/Service/ExternalLink/ExternalLinkResolver.php
No syntax errors detected in ./lib/Service/Notification/NotificationTemplating.php
No syntax errors detected in ./lib/Service/Notification/AnnotationNotificationDispatcher.php
No syntax errors detected in ./lib/Service/Notification/TaskNotificationRules.php
No syntax errors detected in ./lib/Service/Notification/VngNotificatiesEnvelope.php
No syntax errors detected in ./lib/Service/Notification/DigestScheduleEvaluator.php
No syntax errors detected in ./lib/Service/Notification/SystemSchemaRules.php
No syntax errors detected in ./lib/Service/Notification/TaskObjectAdapter.php
No syntax errors detected in ./lib/Service/Notification/TaskPoolRecipientResolver.php
No syntax errors detected in ./lib/Service/Notification/TalkSendException.php
No syntax errors detected in ./lib/Service/Notification/RateLimiter.php
No syntax errors detected in ./lib/Service/Notification/SystemEntityObjectAdapter.php
No syntax errors detected in ./lib/Service/Notification/NotificationCoalescer.php
No syntax errors detected in ./lib/Service/Notification/ForcedChannelPolicy.php
No syntax errors detected in ./lib/Service/Notification/NcNotificationSender.php
No syntax errors detected in ./lib/Service/Notification/RuleReachRecorder.php
No syntax errors detected in ./lib/Service/Notification/ScheduledMessagePolicy.php
No syntax errors detected in ./lib/Service/Notification/NotificationsAnnotationInstaller.php
No syntax errors detected in ./lib/Service/Notification/ScheduledFilterParser.php
No syntax errors detected in ./lib/Service/Notification/RecipientResolverInterface.php
No syntax errors detected in ./lib/Service/Notification/ScheduledFilterEvaluator.php
No syntax errors detected in ./lib/Service/Notification/NotificationDeliveryWindowService.php
No syntax errors detected in ./lib/Service/Notification/NotificationRecipientResolver.php
No syntax errors detected in ./lib/Service/Notification/RecipientAudience.php
No syntax errors detected in ./lib/Service/Notification/NotificationBroadcastService.php
No syntax errors detected in ./lib/Service/Notification/NotificationClearingService.php
No syntax errors detected in ./lib/Service/Notification/NotificationPreferenceService.php
No syntax errors detected in ./lib/Service/Notification/NotificationTemplateRegistry.php
No syntax errors detected in ./lib/Service/Notification/ReplyThreadResolver.php
No syntax errors detected in ./lib/Service/Notification/NotificationAnnotationValidator.php
No syntax errors detected in ./lib/Service/Notification/ScheduledFilterGrammar.php
No syntax errors detected in ./lib/Service/Notification/EmailSender.php
No syntax errors detected in ./lib/Service/Notification/NotificationChannelPolicy.php
No syntax errors detected in ./lib/Service/Notification/TalkSender.php
No syntax errors detected in ./lib/Service/Notification/OutboundTransportInterface.php
No syntax errors detected in ./lib/Service/Calendar/AppointmentAttendeeService.php
No syntax errors detected in ./lib/Service/Calendar/DeadlineDateResolver.php
No syntax errors detected in ./lib/Service/Calendar/IcalendarWriter.php
No syntax errors detected in ./lib/Service/Calendar/CalendarFeedTokenService.php
No syntax errors detected in ./lib/Service/Calendar/ObjectCalendarFeedService.php
No syntax errors detected in ./lib/Service/Calendar/ObjectDateDeclaration.php
No syntax errors detected in ./lib/Service/Calendar/ObjectDateEventBuilder.php
No syntax errors detected in ./lib/Service/ImportService.php
No syntax errors detected in ./lib/Service/Delegation/DelegationService.php
No syntax errors detected in ./lib/Service/Delegation/DelegationNotifier.php
No syntax errors detected in ./lib/Service/Delegation/DelegationResolver.php
No syntax errors detected in ./lib/Service/Delegation/DelegationRefused.php
No syntax errors detected in ./lib/Service/Delegation/DelegationVerdict.php
No syntax errors detected in ./lib/Service/Delegation/DelegationConsentService.php
No syntax errors detected in ./lib/Service/Settings/ObjectRetentionHandler.php
No syntax errors detected in ./lib/Service/Settings/SearchBackendHandler.php
No syntax errors detected in ./lib/Service/Settings/CacheSettingsHandler.php
No syntax errors detected in ./lib/Service/Settings/ValidationOperationsHandler.php
No syntax errors detected in ./lib/Service/Settings/ConfigurationSettingsHandler.php
No syntax errors detected in ./lib/Service/Settings/FileSettingsHandler.php
No syntax errors detected in ./lib/Service/Settings/LlmSettingsHandler.php
No syntax errors detected in ./lib/ContextChat/ContentProviderRegistrationListener.php
No syntax errors detected in ./lib/ContextChat/ContentProvider.php
No syntax errors detected in ./lib/Activity/Provider.php
No syntax errors detected in ./lib/Activity/ProviderSubjectHandler.php
No syntax errors detected in ./lib/Activity/Filter.php
No syntax errors detected in ./lib/Activity/Setting/RegisterSetting.php
No syntax errors detected in ./lib/Activity/Setting/SchemaSetting.php
No syntax errors detected in ./lib/Activity/Setting/ObjectSetting.php
No syntax errors detected in ./lib/AppHost/AppContainerLocator.php
No syntax errors detected in ./lib/AppHost/Controller/GenericPreferencesController.php
No syntax errors detected in ./lib/AppHost/Controller/GenericSettingsController.php
No syntax errors detected in ./lib/AppHost/Controller/GenericStoreController.php
No syntax errors detected in ./lib/AppHost/Controller/GenericSettingsControllerBase.php
No syntax errors detected in ./lib/AppHost/Controller/GenericMetricsController.php
No syntax errors detected in ./lib/AppHost/Controller/GenericHealthController.php
No syntax errors detected in ./lib/AppHost/Controller/GenericDashboardController.php
No syntax errors detected in ./lib/AppHost/Repair/GenericInitializeActions.php
No syntax errors detected in ./lib/AppHost/Repair/GenericInitializeSettings.php
No syntax errors detected in ./lib/AppHost/IMetricsProvider.php
No syntax errors detected in ./lib/AppHost/Routes.php
No syntax errors detected in ./lib/AppHost/Bootstrap.php
No syntax errors detected in ./lib/AppHost/Service/AppHostSettingsService.php
No syntax errors detected in ./lib/AppHost/Service/RegisterConfigResolver.php
No syntax errors detected in ./lib/AppHost/Service/StoreDescriptor.php
No syntax errors detected in ./lib/AppHost/Service/PublicPageResolver.php
No syntax errors detected in ./lib/AppHost/Service/RegisterDocumentLoader.php
No syntax errors detected in ./lib/AppHost/Service/GenericSettingsService.php
No syntax errors detected in ./lib/AppHost/Service/FeatureToggleService.php
No syntax errors detected in ./lib/AppHost/Service/GenericActionAuthService.php
No syntax errors detected in ./lib/AppHost/Service/GenericStoreService.php
No syntax errors detected in ./lib/AppHost/Scheduling/ScheduleManifest.php
No syntax errors detected in ./lib/AppHost/Scheduling/ScheduleActionAllowList.php
No syntax errors detected in ./lib/AppHost/Scheduling/ScheduleDescriptor.php
No syntax errors detected in ./lib/AppHost/Scheduling/ScheduleReconciler.php
No syntax errors detected in ./lib/AppHost/Scheduling/CronScheduleEvaluator.php
No syntax errors detected in ./lib/AppHost/Scheduling/ScheduleManifestLoader.php
No syntax errors detected in ./lib/AppHost/Scheduling/ScheduleValidationException.php
No syntax errors detected in ./lib/AppHost/IHealthCheckProvider.php
No syntax errors detected in ./lib/AppHost/Listener/GenericDeepLinkRegistrationListener.php
No syntax errors detected in ./lib/AppHost/Search/AbstractSchemaSearchProvider.php
No syntax errors detected in ./lib/AppHost/Store/Source/StoreSourceInterface.php
No syntax errors detected in ./lib/AppHost/Store/Source/GitHubStoreSource.php
No syntax errors detected in ./lib/AppHost/Store/FederatedStoreCatalog.php
No syntax errors detected in ./lib/AppHost/Store/StoreActionAuthorizer.php
No syntax errors detected in ./lib/AppHost/Store/GenericStoreInstaller.php
No syntax errors detected in ./lib/AppHost/Store/StoreManifest.php
No syntax errors detected in ./lib/AppHost/Exception/FeatureToggleRefusedException.php
No syntax errors detected in ./lib/AppHost/Exception/ConfigurationMissingException.php
No syntax errors detected in ./lib/AppHost/Exception/FoundationUnavailableException.php
No syntax errors detected in ./lib/AppHost/Reference/AbstractSchemaReferenceProvider.php
No syntax errors detected in ./lib/AppHost/Observability/MetricSourceInterface.php
No syntax errors detected in ./lib/AppHost/Observability/MetricDescriptor.php
No syntax errors detected in ./lib/AppHost/Observability/ObservabilityValidationException.php
No syntax errors detected in ./lib/AppHost/Observability/PrometheusRenderer.php
No syntax errors detected in ./lib/AppHost/Observability/Source/ObjectMetricSource.php
No syntax errors detected in ./lib/AppHost/Observability/Source/ProviderMetricSource.php
No syntax errors detected in ./lib/AppHost/Observability/Source/AppConfigMetricSource.php
No syntax errors detected in ./lib/AppHost/Observability/Source/TableMetricSource.php
No syntax errors detected in ./lib/AppHost/Observability/HealthCheckDescriptor.php
No syntax errors detected in ./lib/AppHost/Observability/HealthResult.php
No syntax errors detected in ./lib/AppHost/Observability/HealthCheckExecutor.php
No syntax errors detected in ./lib/AppHost/Observability/MetricSample.php
No syntax errors detected in ./lib/AppHost/Observability/ObservabilityManifest.php
No syntax errors detected in ./lib/AppHost/Observability/MetricsEngine.php
No syntax errors detected in ./lib/AppHost/Observability/ManifestLoader.php
No syntax errors detected in ./lib/AppHost/Settings/GenericAdminSettings.php
No syntax errors detected in ./lib/AppHost/Settings/GenericSettingsSection.php
No syntax errors detected in ./lib/Db/Conversation.php
No syntax errors detected in ./lib/Db/Source.php
No syntax errors detected in ./lib/Db/NotificationBroadcastReceipt.php
No syntax errors detected in ./lib/Db/TimeTrackerLinkMapper.php
No syntax errors detected in ./lib/Db/Task.php
No syntax errors detected in ./lib/Db/ContentReportMapper.php
No syntax errors detected in ./lib/Db/SchemaRunEntryMapper.php
No syntax errors detected in ./lib/Db/TaskSequence.php
No syntax errors detected in ./lib/Db/SyncRecordMapper.php
No syntax errors detected in ./lib/Db/ConfigurationDraftSetMapper.php
No syntax errors detected in ./lib/Db/ObjectFavourite.php
No syntax errors detected in ./lib/Db/FederatedShare.php
No syntax errors detected in ./lib/Db/PushSubscriptionMapper.php
No syntax errors detected in ./lib/Db/Organisation.php
No syntax errors detected in ./lib/Db/NotificationReadStateMapper.php
No syntax errors detected in ./lib/Db/MappingMapper.php
No syntax errors detected in ./lib/Db/MagicMapper.php
No syntax errors detected in ./lib/Db/ObjectHandlers/HyperFacetHandler.php
No syntax errors detected in ./lib/Db/ObjectHandlers/MetaDataFacetHandler.php
No syntax errors detected in ./lib/Db/ObjectHandlers/OptimizedFacetHandler.php
No syntax errors detected in ./lib/Db/ObjectHandlers/MariaDbFacetHandler.php
No syntax errors detected in ./lib/Db/ObjectHandlers/MariaDbSearchHandler.php
No syntax errors detected in ./lib/Db/TenantUsage.php
No syntax errors detected in ./lib/Db/DeckLink.php
No syntax errors detected in ./lib/Db/FlowTimerFireMapper.php
No syntax errors detected in ./lib/Db/TalkLink.php
No syntax errors detected in ./lib/Db/NotificationBroadcastMapper.php
No syntax errors detected in ./lib/Db/PortalTaskDelivery.php
No syntax errors detected in ./lib/Db/RuleRunSummaryMapper.php
No syntax errors detected in ./lib/Db/ObjectPresenceMapper.php
No syntax errors detected in ./lib/Db/CaseItem.php
No syntax errors detected in ./lib/Db/FlowDefinition.php
No syntax errors detected in ./lib/Db/ConfigurationDraftMapper.php
No syntax errors detected in ./lib/Db/FlowTimerEventMapper.php
No syntax errors detected in ./lib/Db/Webhook.php
No syntax errors detected in ./lib/Db/QueuedNotification.php
No syntax errors detected in ./lib/Db/FormLinkMapper.php
No syntax errors detected in ./lib/Db/DestructionList.php
No syntax errors detected in ./lib/Db/NotificationDedupeState.php
No syntax errors detected in ./lib/Db/AnalyticsLink.php
No syntax errors detected in ./lib/Db/SyncRecord.php
No syntax errors detected in ./lib/Db/FederatedShareMapper.php
No syntax errors detected in ./lib/Db/BulkJobMemberMapper.php
No syntax errors detected in ./lib/Db/TextBlockMapper.php
No syntax errors detected in ./lib/Db/ConfigurationMapper.php
No syntax errors detected in ./lib/Db/EndpointMapper.php
No syntax errors detected in ./lib/Db/TaskProjectionState.php
No syntax errors detected in ./lib/Db/NoteVersion.php
No syntax errors detected in ./lib/Db/VerwerkingsactiviteitMapper.php
No syntax errors detected in ./lib/Db/FlowRunMapper.php
No syntax errors detected in ./lib/Db/NotificationDedupeStateMapper.php
No syntax errors detected in ./lib/Db/TimelineKind.php
No syntax errors detected in ./lib/Db/SelectionListMapper.php
No syntax errors detected in ./lib/Db/WebhookLog.php
No syntax errors detected in ./lib/Db/ChunkMapper.php
No syntax errors detected in ./lib/Db/NotificationBroadcastReceiptMapper.php
No syntax errors detected in ./lib/Db/Verwerkingsactiviteit.php
No syntax errors detected in ./lib/Db/SchemaMapper.php
No syntax errors detected in ./lib/Db/PhotoLink.php
No syntax errors detected in ./lib/Db/SelectionList.php
No syntax errors detected in ./lib/Db/CollectiveLink.php
No syntax errors detected in ./lib/Db/SubjectExportMapper.php
No syntax errors detected in ./lib/Db/EntryReference.php
No syntax errors detected in ./lib/Db/ImportPreview.php
No syntax errors detected in ./lib/Db/DelegationGrantMapper.php
No syntax errors detected in ./lib/Db/ScheduledReport.php
No syntax errors detected in ./lib/Db/ContactLinkMapper.php
No syntax errors detected in ./lib/Db/ContactLink.php
No syntax errors detected in ./lib/Db/FlowStream.php
No syntax errors detected in ./lib/Db/AuditTrailMapper.php
No syntax errors detected in ./lib/Db/Chunk.php
No syntax errors detected in ./lib/Db/PushSubscription.php
No syntax errors detected in ./lib/Db/SchemaRunEntry.php
No syntax errors detected in ./lib/Db/FileMapper.php
No syntax errors detected in ./lib/Db/Configuration.php
No syntax errors detected in ./lib/Db/PhotoLinkMapper.php
No syntax errors detected in ./lib/Db/CaseTokenMapper.php
No syntax errors detected in ./lib/Db/DelegationGrant.php
No syntax errors detected in ./lib/Db/PollLink.php
No syntax errors detected in ./lib/Db/ConsumerMapper.php
No syntax errors detected in ./lib/Db/Endpoint.php
No syntax errors detected in ./lib/Db/SearchTrailMapper.php
No syntax errors detected in ./lib/Db/MigrationPackMapper.php
No syntax errors detected in ./lib/Db/RegisterMapper.php
No syntax errors detected in ./lib/Db/ConfigurationDeploymentMapper.php
No syntax errors detected in ./lib/Db/ConversationMapper.php
No syntax errors detected in ./lib/Db/ReferencePattern.php
No syntax errors detected in ./lib/Db/TaskProjectionStateMapper.php
No syntax errors detected in ./lib/Db/ExportRun.php
No syntax errors detected in ./lib/Db/ProcessingPurposeMapper.php
No syntax errors detected in ./lib/Db/OpenProjectLinkMapper.php
No syntax errors detected in ./lib/Db/RegistrySubscription.php
No syntax errors detected in ./lib/Db/NotificationHistoryMapper.php
No syntax errors detected in ./lib/Db/Consumer.php
No syntax errors detected in ./lib/Db/TranslationMapper.php
No syntax errors detected in ./lib/Db/FlowTimerMapper.php
No syntax errors detected in ./lib/Db/CaseToken.php
No syntax errors detected in ./lib/Db/ImportPreviewRow.php
No syntax errors detected in ./lib/Db/XwikiLinkMapper.php
No syntax errors detected in ./lib/Db/ExportRunMapper.php
No syntax errors detected in ./lib/Db/RuleRun.php
No syntax errors detected in ./lib/Db/WebhookMapper.php
No syntax errors detected in ./lib/Db/Watcher.php
No syntax errors detected in ./lib/Db/MigrationPack.php
No syntax errors detected in ./lib/Db/DataAccessProfileMapper.php
No syntax errors detected in ./lib/Db/NotificationDispatchLog.php
No syntax errors detected in ./lib/Db/FlowRunStepMapper.php
No syntax errors detected in ./lib/Db/CalendarFeedToken.php
No syntax errors detected in ./lib/Db/StateHistoryMapper.php
No syntax errors detected in ./lib/Db/TaskInboxCriteria.php
No syntax errors detected in ./lib/Db/TaskAudit.php
No syntax errors detected in ./lib/Db/TaskRelationMapper.php
No syntax errors detected in ./lib/Db/DuplicateDispatchException.php
No syntax errors detected in ./lib/Db/EntityRelation.php
No syntax errors detected in ./lib/Db/FlowMapper.php
No syntax errors detected in ./lib/Db/DeckLinkMapper.php
No syntax errors detected in ./lib/Db/CaseItemAudit.php
No syntax errors detected in ./lib/Db/PollLinkMapper.php
No syntax errors detected in ./lib/Db/EndpointLog.php
No syntax errors detected in ./lib/Db/AnonymisationLog.php
No syntax errors detected in ./lib/Db/FlowState.php
No syntax errors detected in ./lib/Db/ProcessingLogEntry.php
No syntax errors detected in ./lib/Db/TaskCandidate.php
No syntax errors detected in ./lib/Db/AnalyticsSeries.php
No syntax errors detected in ./lib/Db/FeedbackMapper.php
No syntax errors detected in ./lib/Db/ObjectPresence.php
No syntax errors detected in ./lib/Db/MessageMapper.php
No syntax errors detected in ./lib/Db/ErasurePreviewMapper.php
No syntax errors detected in ./lib/Db/CospendLink.php
No syntax errors detected in ./lib/Db/OrganisationMapper.php
No syntax errors detected in ./lib/Db/ObjectHandling.php
No syntax errors detected in ./lib/Db/ApiCallRecord.php
No syntax errors detected in ./lib/Db/DetectionMethod.php
No syntax errors detected in ./lib/Db/TimelineKindMapper.php
No syntax errors detected in ./lib/Db/ConfigurationDraftSet.php
No syntax errors detected in ./lib/Db/MagicMapper/MagicTableHandler.php
No syntax errors detected in ./lib/Db/MagicMapper/MagicStatisticsHandler.php
No syntax errors detected in ./lib/Db/MagicMapper/MagicOrganizationHandler.php
No syntax errors detected in ./lib/Db/MagicMapper/MagicSearchHandler.php
No syntax errors detected in ./lib/Db/MagicMapper/MagicRbacHandler.php
No syntax errors detected in ./lib/Db/MagicMapper/MagicFacetHandler.php
No syntax errors detected in ./lib/Db/MagicMapper/RbacResolvers.php
No syntax errors detected in ./lib/Db/MagicMapper/MagicBulkHandler.php
No syntax errors detected in ./lib/Db/FlowTriggerMapper.php
No syntax errors detected in ./lib/Db/SchemaRun.php
No syntax errors detected in ./lib/Db/BulkJob.php
No syntax errors detected in ./lib/Db/AbstractObjectMapper.php
No syntax errors detected in ./lib/Db/FormLink.php
No syntax errors detected in ./lib/Db/TaskCandidateMapper.php
No syntax errors detected in ./lib/Db/FlowLink.php
No syntax errors detected in ./lib/Db/TaskAuditMapper.php
No syntax errors detected in ./lib/Db/Flow.php
No syntax errors detected in ./lib/Db/JobRunMapper.php
No syntax errors detected in ./lib/Db/ConfigurationDraft.php
No syntax errors detected in ./lib/Db/CalendarFeedTokenMapper.php
No syntax errors detected in ./lib/Db/ObjectRelationMapper.php
No syntax errors detected in ./lib/Db/OpenProjectLink.php
No syntax errors detected in ./lib/Db/MultiTenancyTrait.php
No syntax errors detected in ./lib/Db/AuditTrail.php
No syntax errors detected in ./lib/Db/BookmarkLinkMapper.php
No syntax errors detected in ./lib/Db/CollectiveLinkMapper.php
No syntax errors detected in ./lib/Db/Application.php
No syntax errors detected in ./lib/Db/AccessLinkMapper.php
No syntax errors detected in ./lib/Db/TextBlock.php
No syntax errors detected in ./lib/Db/ApplicationMapper.php
No syntax errors detected in ./lib/Db/EndpointLogMapper.php
No syntax errors detected in ./lib/Db/EntryReferenceMapper.php
No syntax errors detected in ./lib/Db/Sequence.php
No syntax errors detected in ./lib/Db/FlowVersion.php
No syntax errors detected in ./lib/Db/SearchTrail.php
No syntax errors detected in ./lib/Db/ImportPreviewMapper.php
No syntax errors detected in ./lib/Db/NotificationSubscription.php
No syntax errors detected in ./lib/Db/ScheduledReportMapper.php
No syntax errors detected in ./lib/Db/NotificationHistory.php
No syntax errors detected in ./lib/Db/FlowTimerEvent.php
No syntax errors detected in ./lib/Db/WebhookLogMapper.php
No syntax errors detected in ./lib/Db/RegisterMapperHelper.php
No syntax errors detected in ./lib/Db/Agent.php
No syntax errors detected in ./lib/Db/StateHistory.php
No syntax errors detected in ./lib/Db/EntityRelationMapper.php
No syntax errors detected in ./lib/Db/ObjectFavouriteMapper.php
No syntax errors detected in ./lib/Db/Register.php
No syntax errors detected in ./lib/Db/EmailLink.php
No syntax errors detected in ./lib/Db/View.php
No syntax errors detected in ./lib/Db/SourceMapper.php
No syntax errors detected in ./lib/Db/ContentReport.php
No syntax errors detected in ./lib/Db/ExportProfileMapper.php
No syntax errors detected in ./lib/Db/AuditFlowAttribution.php
No syntax errors detected in ./lib/Db/HandoffQueueEntry.php
No syntax errors detected in ./lib/Db/AnalyticsSeriesMapper.php
No syntax errors detected in ./lib/Db/MapLinkMapper.php
No syntax errors detected in ./lib/Db/SequenceMapper.php
No syntax errors detected in ./lib/Db/RuleRunMapper.php
No syntax errors detected in ./lib/Db/AgentMapper.php
No syntax errors detected in ./lib/Db/TaskSequenceMapper.php
No syntax errors detected in ./lib/Db/DestructionListMapper.php
No syntax errors detected in ./lib/Db/Message.php
No syntax errors detected in ./lib/Db/RuleRunSummary.php
No syntax errors detected in ./lib/Db/BookmarkLink.php
No syntax errors detected in ./lib/Db/EmailLinkMapper.php
No syntax errors detected in ./lib/Db/AccessLink.php
No syntax errors detected in ./lib/Db/TaskRelation.php
No syntax errors detected in ./lib/Db/QueuedNotificationMapper.php
No syntax errors detected in ./lib/Db/CaseItemMapper.php
No syntax errors detected in ./lib/Db/ViewMapper.php
No syntax errors detected in ./lib/Db/ErasurePreview.php
No syntax errors detected in ./lib/Db/ApiCallRecordMapper.php
No syntax errors detected in ./lib/Db/MapLink.php
No syntax errors detected in ./lib/Db/NotificationSubscriptionMapper.php
No syntax errors detected in ./lib/Db/GdprEntity.php
No syntax errors detected in ./lib/Db/FlowStreamMapper.php
No syntax errors detected in ./lib/Db/BulkJobMapper.php
No syntax errors detected in ./lib/Db/AnonymisationLogMapper.php
No syntax errors detected in ./lib/Db/SchemaRunMapper.php
No syntax errors detected in ./lib/Db/NotificationDispatchLogMapper.php
No syntax errors detected in ./lib/Db/HandoffQueueEntryMapper.php
No syntax errors detected in ./lib/Db/ConfigurationValue.php
No syntax errors detected in ./lib/Db/CaseItemAuditMapper.php
No syntax errors detected in ./lib/Db/XwikiLink.php
No syntax errors detected in ./lib/Db/PortalTaskDeliveryMapper.php
No syntax errors detected in ./lib/Db/Schema.php
No syntax errors detected in ./lib/Db/DataAccessProfile.php
No syntax errors detected in ./lib/Db/CalendarLinkMapper.php
No syntax errors detected in ./lib/Db/ObjectReadState.php
No syntax errors detected in ./lib/Db/TimeTrackerLink.php
No syntax errors detected in ./lib/Db/RunObjectLock.php
No syntax errors detected in ./lib/Db/GdprEntityMapper.php
No syntax errors detected in ./lib/Db/Translation.php
No syntax errors detected in ./lib/Db/TaskMapper.php
No syntax errors detected in ./lib/Db/TalkLinkMapper.php
No syntax errors detected in ./lib/Db/SubjectExport.php
No syntax errors detected in ./lib/Db/AuditTrailPayloadHelper.php
No syntax errors detected in ./lib/Db/ObjectReadStateMapper.php
No syntax errors detected in ./lib/Db/RegistrySubscriptionMapper.php
No syntax errors detected in ./lib/Db/ProcessingLogMapper.php
No syntax errors detected in ./lib/Db/ImportPreviewRowMapper.php
No syntax errors detected in ./lib/Db/NotificationBroadcast.php
No syntax errors detected in ./lib/Db/Feedback.php
No syntax errors detected in ./lib/Db/FlowClaim.php
No syntax errors detected in ./lib/Db/ReferencePatternMapper.php
No syntax errors detected in ./lib/Db/ConfigurationValueMapper.php
No syntax errors detected in ./lib/Db/FlowVersionMapper.php
No syntax errors detected in ./lib/Db/ConfigurationDeployment.php
No syntax errors detected in ./lib/Db/NoteVersionMapper.php
No syntax errors detected in ./lib/Db/ProcessingPurpose.php
No syntax errors detected in ./lib/Db/CospendLinkMapper.php
No syntax errors detected in ./lib/Db/SchemaChangelogMapper.php
No syntax errors detected in ./lib/Db/File.php
No syntax errors detected in ./lib/Db/RunObjectLockMapper.php
No syntax errors detected in ./lib/Db/ObjectEntity.php
No syntax errors detected in ./lib/Db/FlowRun.php
No syntax errors detected in ./lib/Db/TimelineEntry.php
No syntax errors detected in ./lib/Db/WatcherMapper.php
No syntax errors detected in ./lib/Db/FlowLinkMapper.php
No syntax errors detected in ./lib/Db/FlowTimer.php
No syntax errors detected in ./lib/Db/AnalyticsLinkMapper.php
No syntax errors detected in ./lib/Db/TenantUsageMapper.php
No syntax errors detected in ./lib/Db/TimelineEntryMapper.php
No syntax errors detected in ./lib/Db/FlowDefinitionMapper.php
No syntax errors detected in ./lib/Db/FlowTimerFire.php
No syntax errors detected in ./lib/Db/BulkJobMember.php
No syntax errors detected in ./lib/Db/NotificationReadStateEntity.php
No syntax errors detected in ./lib/Db/JobRun.php
No syntax errors detected in ./lib/Db/ObjectRelation.php
No syntax errors detected in ./lib/Db/ObjectView.php
No syntax errors detected in ./lib/Db/CalendarLink.php
No syntax errors detected in ./lib/Db/ObjectViewMapper.php
No syntax errors detected in ./lib/Db/FlowStateMapper.php
No syntax errors detected in ./lib/Db/FlowRunStep.php
No syntax errors detected in ./lib/Db/ExportProfile.php
No syntax errors detected in ./lib/Db/SchemaChangelog.php
No syntax errors detected in ./lib/Db/Mapping.php
No syntax errors detected in ./lib/Db/FlowClaimMapper.php
No syntax errors detected in ./lib/BulkAction/ExportWholeSetAction.php
No syntax errors detected in ./lib/BulkAction/AbstractPropertyWriteAction.php
No syntax errors detected in ./lib/BulkAction/BulkActionResult.php
No syntax errors detected in ./lib/BulkAction/SetPropertiesAction.php
No syntax errors detected in ./lib/BulkAction/RestorePriorValuesAction.php
No syntax errors detected in ./lib/BulkAction/AssignAction.php
No syntax errors detected in ./lib/BulkAction/ApplyRuleAction.php
No syntax errors detected in ./lib/BulkAction/BulkActionInterface.php
No syntax errors detected in ./lib/BulkAction/ReversibleBulkActionInterface.php
No syntax errors detected in ./lib/Listener/UniqueConstraintListener.php
No syntax errors detected in ./lib/Listener/NotificationDedupeAnnotationSyncListener.php
No syntax errors detected in ./lib/Listener/AggregationThresholdListener.php
No syntax errors detected in ./lib/Listener/CalculationOnSaveListener.php
No syntax errors detected in ./lib/Listener/ObjectChangeListener.php
No syntax errors detected in ./lib/Listener/FlowOversightRegistrationListener.php
No syntax errors detected in ./lib/Listener/HandoffQueueDrainListener.php
No syntax errors detected in ./lib/Listener/DependentValueListener.php
No syntax errors detected in ./lib/Listener/IntegrationGlobalScriptListener.php
No syntax errors detected in ./lib/Listener/AggregationCacheInvalidationListener.php
No syntax errors detected in ./lib/Listener/ActivityEventListener.php
No syntax errors detected in ./lib/Listener/TaskRunTerminalListener.php
No syntax errors detected in ./lib/Listener/FileChangeListener.php
No syntax errors detected in ./lib/Listener/LifecycleInitialStateListener.php
No syntax errors detected in ./lib/Listener/FavouritePruneListener.php
No syntax errors detected in ./lib/Listener/SchemaFlowImportListener.php
No syntax errors detected in ./lib/Listener/ApprovalChainAdvanceListener.php
No syntax errors detected in ./lib/Listener/ObjectMetricsListener.php
No syntax errors detected in ./lib/Listener/ContextChatSubmissionListener.php
No syntax errors detected in ./lib/Listener/AdministeredValidationListener.php
No syntax errors detected in ./lib/Listener/AuthorizationCacheInvalidationListener.php
No syntax errors detected in ./lib/Listener/TaskCalendarProjectionListener.php
No syntax errors detected in ./lib/Listener/CaseTaskTerminalListener.php
No syntax errors detected in ./lib/Listener/TablesTableDeletedListener.php
No syntax errors detected in ./lib/Listener/AnnotationNotificationListener.php
No syntax errors detected in ./lib/Listener/WorkingCalendarValidationListener.php
No syntax errors detected in ./lib/Listener/BulkActionRegistrationListener.php
No syntax errors detected in ./lib/Listener/StateFieldRuleListener.php
No syntax errors detected in ./lib/Listener/WorkingCalendarChangedListener.php
No syntax errors detected in ./lib/Listener/FlowTimerSubjectTerminalListener.php
No syntax errors detected in ./lib/Listener/HandoffLifecycleListener.php
No syntax errors detected in ./lib/Listener/NativeFlowTriggerListener.php
No syntax errors detected in ./lib/Listener/QualityScoreOnSaveListener.php
No syntax errors detected in ./lib/Listener/SystemEntityNotificationListener.php
No syntax errors detected in ./lib/Listener/CodedValueValidationListener.php
No syntax errors detected in ./lib/Listener/ConceptDeleteGuardListener.php
No syntax errors detected in ./lib/Listener/CaseObjectEventListener.php
No syntax errors detected in ./lib/Listener/PartyMergeListener.php
No syntax errors detected in ./lib/Listener/PortalTaskReminderListener.php
No syntax errors detected in ./lib/Listener/ApprovalChainGateListener.php
No syntax errors detected in ./lib/Listener/NotifyPushListener.php
No syntax errors detected in ./lib/Listener/CommentsEntityListener.php
No syntax errors detected in ./lib/Listener/FlowTriggerListener.php
No syntax errors detected in ./lib/Listener/GraphQLSubscriptionListener.php
No syntax errors detected in ./lib/Listener/WatcherPruneListener.php
No syntax errors detected in ./lib/Listener/SurvivorshipRecomputeListener.php
No syntax errors detected in ./lib/Listener/TaskVtodoWriteBackListener.php
No syntax errors detected in ./lib/Listener/CaseRunTerminalListener.php
No syntax errors detected in ./lib/Listener/UserTaskTerminalListener.php
No syntax errors detected in ./lib/Listener/MailAppScriptListener.php
No syntax errors detected in ./lib/Listener/ContentReportRemovalListener.php
No syntax errors detected in ./lib/Listener/GrantableRightsInvalidationListener.php
No syntax errors detected in ./lib/Listener/TaskTerminalProjectionListener.php
No syntax errors detected in ./lib/Listener/WebhookEventListener.php
No syntax errors detected in ./lib/Listener/SourceRecordChangeListener.php
No syntax errors detected in ./lib/Listener/ObjectEventProxyListener.php
No syntax errors detected in ./lib/Listener/LifecycleValidationListener.php
No syntax errors detected in ./lib/Listener/FlowNodeRegistrationListener.php
No syntax errors detected in ./lib/Listener/NotificationDedupePruneListener.php
No syntax errors detected in ./lib/Listener/StateHistoryProjectionListener.php
No syntax errors detected in ./lib/Listener/ToolRegistrationListener.php
No syntax errors detected in ./lib/Listener/TranslationProjectionListener.php
No syntax errors detected in ./lib/Listener/PushClientScriptListener.php
No syntax errors detected in ./lib/Listener/ReadStatePruneListener.php
No syntax errors detected in ./lib/Listener/LifecycleActionListener.php
No syntax errors detected in ./lib/Listener/TaskSequenceProgressListener.php
No syntax errors detected in ./lib/Listener/IdentityClaimsLoginListener.php
No syntax errors detected in ./lib/Listener/OcmResourceTypeListener.php
No syntax errors detected in ./lib/Listener/FilesSidebarListener.php
No syntax errors detected in ./lib/Listener/PrincipalResolverRegistrationListener.php
No syntax errors detected in ./lib/Listener/FlowNodePreflightListener.php
No syntax errors detected in ./lib/Listener/GeneratedIdentifierListener.php
No syntax errors detected in ./lib/Listener/AutoTransitionRecordListener.php
No syntax errors detected in ./lib/Listener/ArchivalNominationListener.php
No syntax errors detected in ./lib/Listener/PartyTreeGuardListener.php
No syntax errors detected in ./lib/Listener/TaskNotificationListener.php
No syntax errors detected in ./lib/Listener/FlowEngineRegistrationListener.php
No syntax errors detected in ./lib/Listener/ObjectCleanupListener.php
No syntax errors detected in ./lib/Listener/FlowRunLockReleaseListener.php
No syntax errors detected in ./lib/Listener/ReadStateInvalidationListener.php
No syntax errors detected in ./lib/Listener/LeafScriptListener.php
No syntax errors detected in ./lib/Listener/WorkingCalendarDeleteGuardListener.php
No syntax errors detected in ./lib/Listener/FacetCacheInvalidationListener.php
No syntax errors detected in ./lib/Listener/ShareableConfigTypeRegistrationListener.php
No syntax errors detected in ./lib/Migration/Version1Date20260430180000.php
No syntax errors detected in ./lib/Migration/Version1Date20260730120000.php
No syntax errors detected in ./lib/Migration/Version1Date20260714120000.php
No syntax errors detected in ./lib/Migration/Version1Date20250830120000.php
No syntax errors detected in ./lib/Migration/Version1Date20260524120000.php
No syntax errors detected in ./lib/Migration/Version1Date20260525210000.php
No syntax errors detected in ./lib/Migration/Version1Date20250723110323.php
No syntax errors detected in ./lib/Migration/Version002005000Date20251013000000.php
No syntax errors detected in ./lib/Migration/Version1Date20260915030000.php
No syntax errors detected in ./lib/Migration/Version1Date20260313120000.php
No syntax errors detected in ./lib/Migration/Version1Date20260430120000.php
No syntax errors detected in ./lib/Migration/Version1Date20251107140000.php
No syntax errors detected in ./lib/Migration/Version1Date20241216094112.php
No syntax errors detected in ./lib/Migration/Version1Date20260712130000.php
No syntax errors detected in ./lib/Migration/Version1Date20241227153853.php
No syntax errors detected in ./lib/Migration/Version1Date20260916141000.php
No syntax errors detected in ./lib/Migration/Version1Date20250831120000.php
No syntax errors detected in ./lib/Migration/Version1Date20260824120000.php
No syntax errors detected in ./lib/Migration/Version1Date20260812100000.php
No syntax errors detected in ./lib/Migration/Version1Date20260430140000.php
No syntax errors detected in ./lib/Migration/Version002003000Date20251013000000.php
No syntax errors detected in ./lib/Migration/Version1Date20251103120000.php
No syntax errors detected in ./lib/Migration/Version1Date20260915120000.php
No syntax errors detected in ./lib/Migration/Version1Date20260907170000.php
No syntax errors detected in ./lib/Migration/Version1Date20250902150000.php
No syntax errors detected in ./lib/Migration/Version1Date20260706000000.php
No syntax errors detected in ./lib/Migration/Version1Date20251103130000.php
No syntax errors detected in ./lib/Migration/Version1Date20260714100000.php
No syntax errors detected in ./lib/Migration/Version1Date20251201120000.php
No syntax errors detected in ./lib/Migration/Version1Date20260724000000.php
No syntax errors detected in ./lib/Migration/Version1Date20251115000000.php
No syntax errors detected in ./lib/Migration/Version1Date20260915020000.php
No syntax errors detected in ./lib/Migration/Version1Date20260322120000.php
No syntax errors detected in ./lib/Migration/Version1Date20260326100001.php
No syntax errors detected in ./lib/Migration/Version1Date20251102170000.php
No syntax errors detected in ./lib/Migration/Version1Date20260603000000.php
No syntax errors detected in ./lib/Migration/Version1Date20260614100000.php
No syntax errors detected in ./lib/Migration/Version1Date20260306000000.php
No syntax errors detected in ./lib/Migration/Version1Date20260325000003.php
No syntax errors detected in ./lib/Migration/Version1Date20260714010000.php
No syntax errors detected in ./lib/Migration/Version1Date20260525180000.php
No syntax errors detected in ./lib/Migration/Version1Date20250102000001.php
No syntax errors detected in ./lib/Migration/Version1Date20260306120000.php
No syntax errors detected in ./lib/Migration/Version1Date20260511100000.php
No syntax errors detected in ./lib/Migration/Version1Date20260611000000.php
No syntax errors detected in ./lib/Migration/Version1Date20251216000000.php
No syntax errors detected in ./lib/Migration/Version1Date20251101120000.php
No syntax errors detected in ./lib/Migration/Version1Date20260322100000.php
No syntax errors detected in ./lib/Migration/Version1Date20260803000000.php
No syntax errors detected in ./lib/Migration/Version1Date20260916230800.php
No syntax errors detected in ./lib/Migration/Version1Date20260818090000.php
No syntax errors detected in ./lib/Migration/Version1Date20260726000000.php
No syntax errors detected in ./lib/Migration/Version1Date20260915114700.php
No syntax errors detected in ./lib/Migration/Version1Date20260918210000.php
No syntax errors detected in ./lib/Migration/Version1Date20260502200000.php
No syntax errors detected in ./lib/Migration/Version1Date20260326000000.php
No syntax errors detected in ./lib/Migration/Version1Date20250115230511.php
No syntax errors detected in ./lib/Migration/Version1Date20260713000000.php
No syntax errors detected in ./lib/Migration/Version1Date20250902130000.php
No syntax errors detected in ./lib/Migration/Version1Date20260809000000.php
No syntax errors detected in ./lib/Migration/Version1Date20260612000000.php
No syntax errors detected in ./lib/Migration/Version1Date20260707000000.php
No syntax errors detected in ./lib/Migration/Version1Date20260326100000.php
No syntax errors detected in ./lib/Migration/Version1Date20260723000000.php
No syntax errors detected in ./lib/Migration/Version1Date20260903150000.php
No syntax errors detected in ./lib/Migration/Version1Date20260915224500.php
No syntax errors detected in ./lib/Migration/Version1Date20260706110000.php
No syntax errors detected in ./lib/Migration/Version1Date20260915050000.php
No syntax errors detected in ./lib/Migration/Version1Date20260915200000.php
No syntax errors detected in ./lib/Migration/Version1Date20260805000000.php
No syntax errors detected in ./lib/Migration/Version1Date20251220000000.php
No syntax errors detected in ./lib/Migration/Version1Date20260511110000.php
No syntax errors detected in ./lib/Migration/Version1Date20260525110000.php
No syntax errors detected in ./lib/Migration/Version1Date20260525200000.php
No syntax errors detected in ./lib/Migration/Version1Date20260916114500.php
No syntax errors detected in ./lib/Migration/Version1Date20260118000000.php
No syntax errors detected in ./lib/Migration/Version1Date20260325000002.php
No syntax errors detected in ./lib/Migration/Version1Date20250908174500.php
No syntax errors detected in ./lib/Migration/Version1Date20260911060000.php
No syntax errors detected in ./lib/Migration/Version1Date20251117000000.php
No syntax errors detected in ./lib/Migration/Version1Date20250902140000.php
No syntax errors detected in ./lib/Migration/Version1Date20251114120000.php
No syntax errors detected in ./lib/Migration/Version1Date20260803000200.php
No syntax errors detected in ./lib/Migration/Version1Date20260916225200.php
No syntax errors detected in ./lib/Migration/Version1Date20251102160000.php
No syntax errors detected in ./lib/Migration/Version1Date20251116000000.php
No syntax errors detected in ./lib/Migration/Version1Date20260624000000.php
No syntax errors detected in ./lib/Migration/Version1Date20260907100000.php
No syntax errors detected in ./lib/Migration/Version1Date20260308000000.php
No syntax errors detected in ./lib/Migration/Version1Date20250125000000.php
No syntax errors detected in ./lib/Migration/Version1Date20250904170000.php
No syntax errors detected in ./lib/Migration/Version1Date20260922123000.php
No syntax errors detected in ./lib/Migration/Version1Date20250321061615.php
No syntax errors detected in ./lib/Migration/Version1Date20241030131427.php
No syntax errors detected in ./lib/Migration/Version1Date20250831130000.php
No syntax errors detected in ./lib/Migration/Version1Date20260915204500.php
No syntax errors detected in ./lib/Migration/Version1Date20260831120000.php
No syntax errors detected in ./lib/Migration/Version1Date20260525130000.php
No syntax errors detected in ./lib/Migration/Version1Date20251110000000.php
No syntax errors detected in ./lib/Migration/Version1Date20260916121200.php
No syntax errors detected in ./lib/Migration/Version1Date20260712120000.php
No syntax errors detected in ./lib/Migration/Version1Date20251216110000.php
No syntax errors detected in ./lib/Migration/Version1Date20260901160000.php
No syntax errors detected in ./lib/Migration/Version1Date20241022135300.php
No syntax errors detected in ./lib/Migration/Version1Date20250830130000.php
No syntax errors detected in ./lib/Migration/Version1Date20260829160000.php
No syntax errors detected in ./lib/Migration/Version1Date20251107120000.php
No syntax errors detected in ./lib/Migration/Version1Date20260525190000.php
No syntax errors detected in ./lib/Migration/Version1Date20260308120000.php
No syntax errors detected in ./lib/Migration/Version1Date20260902090000.php
No syntax errors detected in ./lib/Migration/Version1Date20260322000000.php
No syntax errors detected in ./lib/Migration/Version1Date20260914210000.php
No syntax errors detected in ./lib/Migration/Version1Date20260913190000.php
No syntax errors detected in ./lib/Migration/Version1Date20260915203000.php
No syntax errors detected in ./lib/Migration/Version1Date20250901120000.php
No syntax errors detected in ./lib/Migration/Version1Date20260828100000.php
No syntax errors detected in ./lib/Migration/Version1Date20250123120000.php
No syntax errors detected in ./lib/Migration/Version1Date20241019205009.php
No syntax errors detected in ./lib/Migration/Version1Date20251222000000.php
No syntax errors detected in ./lib/Migration/Version1Date20260614000000.php
No syntax errors detected in ./lib/Migration/Version1Date20250829120000.php
No syntax errors detected in ./lib/Migration/Version1Date20251102140000.php
No syntax errors detected in ./lib/Migration/Version1Date20250801000000.php
No syntax errors detected in ./lib/Migration/Version1Date20241020231700.php
No syntax errors detected in ./lib/Migration/Version1Date20260318120000.php
No syntax errors detected in ./lib/Migration/Version1Date20260911170000.php
No syntax errors detected in ./lib/Migration/Version1Date20260525000000.php
No syntax errors detected in ./lib/Migration/Version1Date20251102180000.php
No syntax errors detected in ./lib/Migration/Version1Date20260430160000.php
No syntax errors detected in ./lib/Migration/Version1Date20251128120000.php
No syntax errors detected in ./lib/Migration/Version1Date20260915061500.php
No syntax errors detected in ./lib/Migration/Version1Date20260502130000.php
No syntax errors detected in ./lib/Migration/Version1Date20260901120000.php
No syntax errors detected in ./lib/Migration/Version1Date20260714000000.php
No syntax errors detected in ./lib/Migration/Version1Date20260817120000.php
No syntax errors detected in ./lib/Migration/Version1Date20260704120000.php
No syntax errors detected in ./lib/Migration/Version1Date20260828120000.php
No syntax errors detected in ./lib/Migration/Version1Date20260918171500.php
No syntax errors detected in ./lib/Migration/Version1Date20260423100000.php
No syntax errors detected in ./lib/Migration/Version1Date20260916070000.php
No syntax errors detected in ./lib/Migration/Version1Date20260829090000.php
No syntax errors detected in ./lib/Migration/Version1Date20250626031231.php
No syntax errors detected in ./lib/Migration/Version1Date20251114130000.php
No syntax errors detected in ./lib/Migration/Version1Date20260502120000.php
No syntax errors detected in ./lib/Migration/Version1Date20260724120000.php
No syntax errors detected in ./lib/Migration/Version1Date20260905120000.php
No syntax errors detected in ./lib/Migration/Version1Date20260106000000.php
No syntax errors detected in ./lib/Migration/Version1Date20260525120000.php
No syntax errors detected in ./lib/Migration/Version1Date20260918210700.php
No syntax errors detected in ./lib/Migration/Version1Date20251105150000.php
No syntax errors detected in ./lib/Migration/Version1Date20260901170000.php
No syntax errors detected in ./lib/Migration/Version1Date20251202000000.php
No syntax errors detected in ./lib/Migration/Version1Date20260903090000.php
No syntax errors detected in ./lib/Migration/Version1Date20260502190000.php
No syntax errors detected in ./lib/Migration/Version1Date20260901150000.php
No syntax errors detected in ./lib/Migration/Version1Date20260918235900.php
No syntax errors detected in ./lib/Migration/Version1Date20260525240000.php
No syntax errors detected in ./lib/Migration/Version1Date20260903100000.php
No syntax errors detected in ./lib/Migration/Version002004000Date20251013000000.php
No syntax errors detected in ./lib/Migration/Version1Date20251105140000.php
No syntax errors detected in ./lib/Migration/Version1Date20251107180000.php
No syntax errors detected in ./lib/Migration/Version1Date20260501100000.php
No syntax errors detected in ./lib/Migration/Version1Date20240924200009.php
No syntax errors detected in ./lib/Migration/Version1Date20260918154500.php
No syntax errors detected in ./lib/Migration/Version1Date20260915040000.php
No syntax errors detected in ./lib/Migration/Version1Date20260916111500.php
No syntax errors detected in ./lib/Migration/Version1Date20260710000000.php
No syntax errors detected in ./lib/Migration/Version1Date20260810140000.php
No syntax errors detected in ./lib/Migration/Version1Date20241128221000.php
No syntax errors detected in ./lib/Migration/Version1Date20260804000000.php
No syntax errors detected in ./lib/Migration/Version1Date20250903170000.php
No syntax errors detected in ./lib/Migration/Version1Date20251118000000.php
No syntax errors detected in ./lib/Migration/Version1Date20260512120000.php
No syntax errors detected in ./lib/Migration/Version1Date20260803000100.php
No syntax errors detected in ./lib/Migration/Version1Date20251120210000.php
No syntax errors detected in ./lib/Migration/Version1Date20260625000000.php
No syntax errors detected in ./lib/Migration/Version1Date20260525170000.php
No syntax errors detected in ./lib/Migration/Version1Date20260916223000.php
No syntax errors detected in ./lib/Migration/Version1Date20260520120000.php
No syntax errors detected in ./lib/Migration/Version1Date20260918233000.php
No syntax errors detected in ./lib/Migration/Version1Date20260901123000.php
No syntax errors detected in ./lib/Migration/Version1Date20260524100000.php
No syntax errors detected in ./lib/Migration/Version1Date20260914140000.php
No syntax errors detected in ./lib/Migration/Version1Date20260325000001.php
No syntax errors detected in ./lib/Migration/Version1Date20251106000001.php
No syntax errors detected in ./lib/Migration/Version1Date20260511130000.php
No syntax errors detected in ./lib/Migration/Version1Date20260914160000.php
No syntax errors detected in ./lib/Migration/Version1Date20250622212509.php
No syntax errors detected in ./lib/Migration/Version1Date20260731080000.php
No syntax errors detected in ./lib/Migration/Version1Date20260901180000.php
No syntax errors detected in ./lib/Migration/Version1Date20251216100000.php
No syntax errors detected in ./lib/Migration/Version1Date20260911050000.php
No syntax errors detected in ./lib/Migration/Version1Date20251107150000.php
No syntax errors detected in ./lib/Migration/Version002006000Date20251013000000.php
No syntax errors detected in ./lib/Migration/Version1Date20260913180000.php
No syntax errors detected in ./lib/Migration/Version1Date20251102150000.php
No syntax errors detected in ./lib/Migration/Version1Date20260521120000.php
No syntax errors detected in ./lib/Migration/Version1Date20260615130000.php
No syntax errors detected in ./lib/Migration/Version1Date20260810120000.php
No syntax errors detected in ./lib/Migration/Version1Date20260728000000.php
No syntax errors detected in ./lib/Migration/Version1Date20260307000000.php
No syntax errors detected in ./lib/Migration/Version1Date20250607093617.php
No syntax errors detected in ./lib/Migration/Version1Date20251107190000.php
No syntax errors detected in ./lib/Migration/Version1Date20260824220000.php
No syntax errors detected in ./lib/Migration/Version1Date20251106120000.php
No syntax errors detected in ./lib/Migration/Version1Date20251107000000.php
No syntax errors detected in ./lib/Migration/Version1Date20251106000000.php
No syntax errors detected in ./lib/Migration/Version1Date20260818230000.php
No syntax errors detected in ./lib/Migration/Version1Date20260901090000.php
No syntax errors detected in ./lib/Migration/Version1Date20251111000000.php
No syntax errors detected in ./lib/Migration/Version1Date20251107170000.php
No syntax errors detected in ./lib/Migration/Version1Date20260706100000.php
No syntax errors detected in ./lib/Migration/Version1Date20250102000000.php
No syntax errors detected in ./lib/Migration/Version1Date20250712080102.php
No syntax errors detected in ./lib/Migration/Version1Date20260614120000.php
No syntax errors detected in ./lib/Migration/Version1Date20250410070338.php
No syntax errors detected in ./lib/Migration/Version1Date20260525220000.php
No syntax errors detected in ./lib/Migration/Version1Date20260325120000.php
No syntax errors detected in ./lib/Migration/Version1Date20260511120000.php
No syntax errors detected in ./lib/Migration/Version1Date20260325000000.php
No syntax errors detected in ./lib/Migration/Version1Date20260918183000.php
No syntax errors detected in ./lib/Migration/Version1Date20250828120000.php
No syntax errors detected in ./lib/Migration/Version1Date20250908180000.php
No syntax errors detected in ./lib/Migration/Version1Date20260306100000.php
No syntax errors detected in ./lib/Migration/Version1Date20250430083916.php
No syntax errors detected in ./lib/Migration/Version1Date20260918223000.php
No syntax errors detected in ./lib/Migration/Version1Date20260831020000.php
No syntax errors detected in ./lib/Migration/Version1Date20260918101500.php
No syntax errors detected in ./lib/Migration/Version1Date20260525230000.php
No syntax errors detected in ./lib/Migration/Version1Date20260615000000.php
No syntax errors detected in ./lib/Migration/Version1Date20260916094217.php
No syntax errors detected in ./lib/Migration/Version1Date20250929120000.php
No syntax errors detected in ./lib/Migration/Version1Date20260525140000.php
No syntax errors detected in ./lib/Migration/Version1Date20260525100000.php
No syntax errors detected in ./lib/Migration/Version1Date20260901000000.php
No syntax errors detected in ./lib/Migration/Version1Date20250813140000.php
No syntax errors detected in ./lib/Migration/Version1Date20260901130000.php
No syntax errors detected in ./lib/Migration/Version1Date20260313130000.php
No syntax errors detected in ./lib/Migration/Version1Date20260805100000.php
No syntax errors detected in ./lib/Migration/Version1Date20260524130000.php
No syntax errors detected in ./lib/Migration/Version1Date20251107160000.php
No syntax errors detected in ./lib/Migration/Version1Date20260614110000.php
No syntax errors detected in ./lib/Migration/Version1Date20260706101000.php
No syntax errors detected in ./lib/Migration/Version1Date20251102130000.php
No syntax errors detected in ./lib/EventListener/AbstractNodeFolderEventListener.php
No syntax errors detected in ./lib/EventListener/AbstractNodesFolderEventListener.php
No syntax errors detected in ./lib/Search/TimelineEntriesProvider.php
No syntax errors detected in ./lib/Search/SearchScopes.php
No syntax errors detected in ./lib/Search/ObjectsProvider.php
No syntax errors detected in ./lib/Support/RegisterSlugAliases.php
No syntax errors detected in ./lib/Support/FilterParams.php
No syntax errors detected in ./lib/Support/QueryLimit.php
No syntax errors detected in ./lib/Support/PermissionBit.php
No syntax errors detected in ./lib/Support/FleetAppId.php
No syntax errors detected in ./lib/Command/PruneRetiredSchemasCommand.php
No syntax errors detected in ./lib/Command/RollbackApprovalMigrationCommand.php
No syntax errors detected in ./lib/Command/SearchIndexCommand.php
No syntax errors detected in ./lib/Command/ContextChatReindexCommand.php
No syntax errors detected in ./lib/Command/ReconcileMagicTablesCommand.php
No syntax errors detected in ./lib/Command/TablesSyncCommand.php
No syntax errors detected in ./lib/Command/GenerateVapidKeys.php
No syntax errors detected in ./lib/Command/DeclaredGroupsCommand.php
No syntax errors detected in ./lib/Command/AdoptLeafOrganisationsCommand.php
No syntax errors detected in ./lib/Command/RematerialiseCalculationsCommand.php
No syntax errors detected in ./lib/Command/ResolverListCommand.php
No syntax errors detected in ./lib/Command/EncryptFieldCommand.php
No syntax errors detected in ./lib/Command/DedupeSharedSchemasCommand.php
No syntax errors detected in ./lib/Command/DedupCollidedSchemasCommand.php
No syntax errors detected in ./lib/Command/RechainAuditTrailCommand.php
No syntax errors detected in ./lib/Command/MigrateSchemaApplicationCommand.php
No syntax errors detected in ./lib/Command/DedupeConfigurationsCommand.php
No syntax errors detected in ./lib/Command/RelinkRegisterSchemasCommand.php
No syntax errors detected in ./lib/Command/ImportSkosCsvCommand.php
No syntax errors detected in ./lib/Command/DedupeRegistersCommand.php
No syntax errors detected in ./lib/Command/DescriptorListCommand.php
No syntax errors detected in ./lib/Command/BackfillSystemOwnerCommand.php
No syntax errors detected in ./lib/Command/MigrateStorageCommand.php
No syntax errors detected in ./lib/Command/TimeReconcileCommand.php
No syntax errors detected in ./lib/Command/BackfillTranslationSourceLanguageCommand.php
No syntax errors detected in ./lib/Command/PurgeObjectCommand.php
No syntax errors detected in ./lib/Contacts/ContactsMenuProvider.php
No syntax errors detected in ./lib/Sections/OpenRegisterAdmin.php
No syntax errors detected in ./lib/Push/PushEvents.php
No syntax errors detected in ./lib/Exception/HandoffException.php
No syntax errors detected in ./lib/Exception/TaskFormRefusedException.php
No syntax errors detected in ./lib/Exception/FieldDecryptionException.php
No syntax errors detected in ./lib/Exception/FlowSignalRefused.php
No syntax errors detected in ./lib/Exception/CustomValidationException.php
No syntax errors detected in ./lib/Exception/FolderAccessDeniedException.php
No syntax errors detected in ./lib/Exception/ConsistencyCheckWouldWriteException.php
No syntax errors detected in ./lib/Exception/RegisterNotFoundException.php
No syntax errors detected in ./lib/Exception/SchemaNotFoundException.php
No syntax errors detected in ./lib/Exception/TranslationTargetConflictException.php
No syntax errors detected in ./lib/Exception/SanitizationException.php
No syntax errors detected in ./lib/Exception/CaseAccessDeniedException.php
No syntax errors detected in ./lib/Exception/ObjectExistsException.php
No syntax errors detected in ./lib/Exception/SchemaImportException.php
No syntax errors detected in ./lib/Exception/FlowRunRefused.php
No syntax errors detected in ./lib/Exception/NoteEditForbiddenException.php
No syntax errors detected in ./lib/Exception/AuthenticationException.php
No syntax errors detected in ./lib/Exception/TaskValidationException.php
No syntax errors detected in ./lib/Exception/ArchivalImmutableException.php
No syntax errors detected in ./lib/Exception/NotAuthorizedException.php
No syntax errors detected in ./lib/Exception/CaseCascadeBoundException.php
No syntax errors detected in ./lib/Exception/PortalPartyNotFoundException.php
No syntax errors detected in ./lib/Exception/FlowRunExpired.php
No syntax errors detected in ./lib/Exception/CaseTransitionException.php
No syntax errors detected in ./lib/Exception/PdfAnonymisationException.php
No syntax errors detected in ./lib/Exception/SearchTermSyntaxException.php
No syntax errors detected in ./lib/Exception/ValidationException.php
No syntax errors detected in ./lib/Exception/CalendarDateKindException.php
No syntax errors detected in ./lib/Exception/CaseValidationException.php
No syntax errors detected in ./lib/Exception/BpmnImportRefused.php
No syntax errors detected in ./lib/Exception/BulkJobRefusedException.php
No syntax errors detected in ./lib/Exception/AppendOnlyException.php
No syntax errors detected in ./lib/Exception/TaskConflictException.php
No syntax errors detected in ./lib/Exception/ProviderUnavailableException.php
No syntax errors detected in ./lib/Exception/SystemContextUnavailableException.php
No syntax errors detected in ./lib/Exception/MergeDecisionException.php
No syntax errors detected in ./lib/Exception/NotImplementedException.php
No syntax errors detected in ./lib/Exception/LockedException.php
No syntax errors detected in ./lib/Exception/ChunkMatcherException.php
No syntax errors detected in ./lib/Exception/EmlParseException.php
No syntax errors detected in ./lib/Exception/DuplicateBlockedException.php
No syntax errors detected in ./lib/Exception/UnknownMetadataFieldException.php
No syntax errors detected in ./lib/Exception/ReferenceValidationException.php
No syntax errors detected in ./lib/Exception/ExportTooLargeException.php
No syntax errors detected in ./lib/Exception/LifecycleSubjectNotFoundException.php
No syntax errors detected in ./lib/Exception/SharedMasterDataWriteException.php
No syntax errors detected in ./lib/Exception/FlowTimerStateException.php
No syntax errors detected in ./lib/Exception/NoteWriteRefusedException.php
No syntax errors detected in ./lib/Exception/UniqueHintException.php
No syntax errors detected in ./lib/Exception/TaskSubjectWriteRefusedException.php
No syntax errors detected in ./lib/Exception/NoteLockedException.php
No syntax errors detected in ./lib/Exception/ObjectStateWriteException.php
No syntax errors detected in ./lib/Exception/CodedValueException.php
No syntax errors detected in ./lib/Exception/BpmnSchemaInvalid.php
No syntax errors detected in ./lib/Exception/InvalidTransitionInputException.php
No syntax errors detected in ./lib/Exception/FlowTimerValidationException.php
No syntax errors detected in ./lib/Exception/CircularReferenceException.php
No syntax errors detected in ./lib/Exception/ReferentialIntegrityException.php
No syntax errors detected in ./lib/Exception/SchemaRunConcurrencyException.php
No syntax errors detected in ./lib/Exception/EncryptedFieldFilterException.php
No syntax errors detected in ./lib/Exception/SchemaNotInRegisterException.php
No syntax errors detected in ./lib/Exception/TaskSubjectNotFoundException.php
No syntax errors detected in ./lib/Exception/AuthorizationUnresolvableException.php
No syntax errors detected in ./lib/Exception/NoVtodoCalendarException.php
No syntax errors detected in ./lib/Exception/RepairRefusedException.php
No syntax errors detected in ./lib/Exception/ArchiveNotOfferedException.php
No syntax errors detected in ./lib/Exception/TaskAccessDeniedException.php
No syntax errors detected in ./lib/Exception/CorrectionRefusedException.php
No syntax errors detected in ./lib/Exception/LifecycleProviderException.php
No syntax errors detected in ./lib/Exception/HookStoppedException.php
No syntax errors detected in ./lib/Exception/TaskSeparationOfDutiesException.php
No syntax errors detected in ./lib/Exception/DatabaseConstraintException.php
No syntax errors detected in ./lib/Exception/AuthorizationBlockException.php
No syntax errors detected in ./lib/Exception/PortalSubjectException.php
No syntax errors detected in ./lib/Exception/JobRunRefusedException.php
No syntax errors detected in ./lib/Exception/MergeNotFullyReadableException.php
No syntax errors detected in ./lib/Exception/ManualEntityException.php
No syntax errors detected in ./lib/Exception/OasValidationException.php
No syntax errors detected in ./lib/Exception/BreakingSchemaChangeException.php
No syntax errors detected in ./lib/Dashboard/IntegrationDashboardWidget.php
No syntax errors detected in ./lib/Tool/StreamingToolInstanceWrapper.php
No syntax errors detected in ./lib/Tool/ObjectsTool.php
No syntax errors detected in ./lib/Tool/AgentTool.php
No syntax errors detected in ./lib/Tool/AbstractTool.php
No syntax errors detected in ./lib/Tool/RegisterTool.php
No syntax errors detected in ./lib/Tool/ToolInterface.php
No syntax errors detected in ./lib/Tool/ApplicationTool.php
No syntax errors detected in ./lib/Tool/McpProviderBridge.php
No syntax errors detected in ./lib/Tool/SchemaTool.php
No syntax errors detected in ./lib/Reference/ObjectReferenceProvider.php
No syntax errors detected in ./lib/WorkflowEngine/RunFlowOperation.php
No syntax errors detected in ./lib/WorkflowEngine/RegisterObjectEntity.php
No syntax errors detected in ./lib/Twig/AuthenticationRuntime.php
No syntax errors detected in ./lib/Twig/MappingExtension.php
No syntax errors detected in ./lib/Twig/MappingRuntime.php
No syntax errors detected in ./lib/Twig/AuthenticationExtension.php
No syntax errors detected in ./lib/Twig/MappingRuntimeLoader.php
No syntax errors detected in ./lib/Dav/TaskVtodoWriteBackPlugin.php
No syntax errors detected in ./lib/Notification/Notifier.php
No syntax errors detected in ./lib/Notification/AnnotationNotifier.php
No syntax errors detected in ./lib/Calendar/RegisterCalendar.php
No syntax errors detected in ./lib/Calendar/CalendarEventTransformer.php
No syntax errors detected in ./lib/Calendar/RegisterCalendarProvider.php
No syntax errors detected in ./lib/Settings/IntegrationsAdminSettings.php
No syntax errors detected in ./lib/Settings/OpenRegisterAdmin.php
No syntax errors detected in ./lib/Settings/OpenRegisterPersonal.php
No syntax errors detected in ./.php-cs-fixer.dist.php
No syntax errors detected in ./phpstan-bootstrap.php
No syntax errors detected in ./tools/generate-ggm-snapshot.php

=== check:migration-version ===
check-migration-version-bump: no migrations added against eaf781ad, nothing to check.

=== phpcs ===
............................................................ 60 / 73 (82%)
.............                                                73 / 73 (100%)


Time: 7.43 secs; Memory: 12MB


=== phpmd ===
/home/rubenlinde/memcap-work/lq-lanes/or-primitives/lib/AppHost/Reference/AbstractSchemaReferenceProvider.php:67             UnusedPrivateField  Avoid unused private fields such as '$registerId'.
/home/rubenlinde/memcap-work/lq-lanes/or-primitives/lib/AppHost/Reference/AbstractSchemaReferenceProvider.php:75             UnusedPrivateField  Avoid unused private fields such as '$schemaId'.
/home/rubenlinde/memcap-work/lq-lanes/or-primitives/lib/AppHost/Search/AbstractSchemaSearchProvider.php:77                   UnusedPrivateField  Avoid unused private fields such as '$registerId'.
/home/rubenlinde/memcap-work/lq-lanes/or-primitives/lib/AppHost/Search/AbstractSchemaSearchProvider.php:85                   UnusedPrivateField  Avoid unused private fields such as '$schemaId'.
/home/rubenlinde/memcap-work/lq-lanes/or-primitives/lib/AppHost/Service/AppHostSettingsService.php:69                        UnusedPrivateField  Avoid unused private fields such as '$featureDeclarations'.
/home/rubenlinde/memcap-work/lq-lanes/or-primitives/lib/AppHost/Service/FeatureToggleService.php:113                         UnusedPrivateField  Avoid unused private fields such as '$memo'.
/home/rubenlinde/memcap-work/lq-lanes/or-primitives/lib/AppHost/Service/PublicPageResolver.php:91                            UnusedPrivateField  Avoid unused private fields such as '$declared'.
/home/rubenlinde/memcap-work/lq-lanes/or-primitives/lib/AppHost/Store/Source/GitHubStoreSource.php:85                        UnusedPrivateField  Avoid unused private fields such as '$cache'.
/home/rubenlinde/memcap-work/lq-lanes/or-primitives/lib/BackgroundJob/ArchivalRetentionTask.php:94                           UnusedPrivateField  Avoid unused private fields such as '$db'.
/home/rubenlinde/memcap-work/lq-lanes/or-primitives/lib/BackgroundJob/ArchivalRetentionTask.php:101                          UnusedPrivateField  Avoid unused private fields such as '$registerMapper'.
/home/rubenlinde/memcap-work/lq-lanes/or-primitives/lib/BackgroundJob/ArchivalRetentionTask.php:108                          UnusedPrivateField  Avoid unused private fields such as '$schemaMapper'.
/home/rubenlinde/memcap-work/lq-lanes/or-primitives/lib/BackgroundJob/ArchivalRetentionTask.php:115                          UnusedPrivateField  Avoid unused private fields such as '$magicMapper'.
/home/rubenlinde/memcap-work/lq-lanes/or-primitives/lib/BackgroundJob/ArchivalRetentionTask.php:122                          UnusedPrivateField  Avoid unused private fields such as '$objectService'.
/home/rubenlinde/memcap-work/lq-lanes/or-primitives/lib/BackgroundJob/ArchivalRetentionTask.php:129                          UnusedPrivateField  Avoid unused private fields such as '$retentionService'.
/home/rubenlinde/memcap-work/lq-lanes/or-primitives/lib/BackgroundJob/ArchivalRetentionTask.php:140                          UnusedPrivateField  Avoid unused private fields such as '$container'.
/home/rubenlinde/memcap-work/lq-lanes/or-primitives/lib/BackgroundJob/ArchivalRetentionTask.php:147                          UnusedPrivateField  Avoid unused private fields such as '$logger'.
/home/rubenlinde/memcap-work/lq-lanes/or-primitives/lib/BackgroundJob/ArchivalRetentionTask.php:154                          UnusedPrivateField  Avoid unused private fields such as '$retentionEvaluator'.
/home/rubenlinde/memcap-work/lq-lanes/or-primitives/lib/BackgroundJob/CacheWarmupJob.php:58                                  UnusedPrivateField  Avoid unused private fields such as '$appConfig'.
/home/rubenlinde/memcap-work/lq-lanes/or-primitives/lib/BackgroundJob/CacheWarmupJob.php:65                                  UnusedPrivateField  Avoid unused private fields such as '$logger'.
/home/rubenlinde/memcap-work/lq-lanes/or-primitives/lib/BackgroundJob/ConfigurationCheckJob.php:50                           UnusedPrivateField  Avoid unused private fields such as '$configurationMapper'.
/home/rubenlinde/memcap-work/lq-lanes/or-primitives/lib/BackgroundJob/ConfigurationCheckJob.php:57                           UnusedPrivateField  Avoid unused private fields such as '$configurationService'.
/home/rubenlinde/memcap-work/lq-lanes/or-primitives/lib/BackgroundJob/ConfigurationCheckJob.php:64                           UnusedPrivateField  Avoid unused private fields such as '$notificationService'.
/home/rubenlinde/memcap-work/lq-lanes/or-primitives/lib/BackgroundJob/ConfigurationCheckJob.php:71                           UnusedPrivateField  Avoid unused private fields such as '$appConfig'.
/home/rubenlinde/memcap-work/lq-lanes/or-primitives/lib/BackgroundJob/ConfigurationCheckJob.php:78                           UnusedPrivateField  Avoid unused private fields such as '$logger'.
/home/rubenlinde/memcap-work/lq-lanes/or-primitives/lib/BackgroundJob/FileTextExtractionJob.php:56                           UnusedPrivateField  Avoid unused private fields such as '$config'.
/home/rubenlinde/memcap-work/lq-lanes/or-primitives/lib/BackgroundJob/FileTextExtractionJob.php:65                           UnusedPrivateField  Avoid unused private fields such as '$logger'.
/home/rubenlinde/memcap-work/lq-lanes/or-primitives/lib/BackgroundJob/FileTextExtractionJob.php:74                           UnusedPrivateField  Avoid unused private fields such as '$textExtractor'.
/home/rubenlinde/memcap-work/lq-lanes/or-primitives/lib/BackgroundJob/LogCleanUpTask.php:79                                  UnusedPrivateField  Avoid unused private fields such as '$auditTrailMapper'.
/home/rubenlinde/memcap-work/lq-lanes/or-primitives/lib/BackgroundJob/LogCleanUpTask.php:86                                  UnusedPrivateField  Avoid unused private fields such as '$searchTrailMapper'.
/home/rubenlinde/memcap-work/lq-lanes/or-primitives/lib/BackgroundJob/LogCleanUpTask.php:93                                  UnusedPrivateField  Avoid unused private fields such as '$retentionHandler'.
/home/rubenlinde/memcap-work/lq-lanes/or-primitives/lib/BackgroundJob/LogCleanUpTask.php:100                                 UnusedPrivateField  Avoid unused private fields such as '$logger'.
/home/rubenlinde/memcap-work/lq-lanes/or-primitives/lib/BackgroundJob/ObjectTextExtractionJob.php:54                         UnusedPrivateField  Avoid unused private fields such as '$config'.
/home/rubenlinde/memcap-work/lq-lanes/or-primitives/lib/BackgroundJob/ObjectTextExtractionJob.php:61                         UnusedPrivateField  Avoid unused private fields such as '$logger'.
/home/rubenlinde/memcap-work/lq-lanes/or-primitives/lib/BackgroundJob/ObjectTextExtractionJob.php:68                         UnusedPrivateField  Avoid unused private fields such as '$textExtractor'.
/home/rubenlinde/memcap-work/lq-lanes/or-primitives/lib/BackgroundJob/ScheduledNotificationJob.php:86                        UnusedPrivateField  Avoid unused private fields such as '$stateCache'.
/home/rubenlinde/memcap-work/lq-lanes/or-primitives/lib/BackgroundJob/SyncConfigurationsJob.php:55                           UnusedPrivateField  Avoid unused private fields such as '$configurationMapper'.
/home/rubenlinde/memcap-work/lq-lanes/or-primitives/lib/BackgroundJob/SyncConfigurationsJob.php:62                           UnusedPrivateField  Avoid unused private fields such as '$configurationService'.
/home/rubenlinde/memcap-work/lq-lanes/or-primitives/lib/BackgroundJob/SyncConfigurationsJob.php:69                           UnusedPrivateField  Avoid unused private fields such as '$githubService'.
/home/rubenlinde/memcap-work/lq-lanes/or-primitives/lib/BackgroundJob/SyncConfigurationsJob.php:76                           UnusedPrivateField  Avoid unused private fields such as '$gitlabService'.
/home/rubenlinde/memcap-work/lq-lanes/or-primitives/lib/BackgroundJob/SyncConfigurationsJob.php:83                           UnusedPrivateField  Avoid unused private fields such as '$httpClient'.
/home/rubenlinde/memcap-work/lq-lanes/or-primitives/lib/BackgroundJob/SyncConfigurationsJob.php:90                           UnusedPrivateField  Avoid unused private fields such as '$logger'.
/home/rubenlinde/memcap-work/lq-lanes/or-primitives/lib/BackgroundJob/WebhookDeliveryJob.php:65                              UnusedPrivateField  Avoid unused private fields such as '$webhookMapper'.
/home/rubenlinde/memcap-work/lq-lanes/or-primitives/lib/BackgroundJob/WebhookDeliveryJob.php:74                              UnusedPrivateField  Avoid unused private fields such as '$webhookService'.
/home/rubenlinde/memcap-work/lq-lanes/or-primitives/lib/BackgroundJob/WebhookDeliveryJob.php:83                              UnusedPrivateField  Avoid unused private fields such as '$logger'.
/home/rubenlinde/memcap-work/lq-lanes/or-primitives/lib/BackgroundJob/WebhookRetryJob.php:62                                 UnusedPrivateField  Avoid unused private fields such as '$webhookMapper'.
/home/rubenlinde/memcap-work/lq-lanes/or-primitives/lib/BackgroundJob/WebhookRetryJob.php:69                                 UnusedPrivateField  Avoid unused private fields such as '$webhookLogMapper'.
/home/rubenlinde/memcap-work/lq-lanes/or-primitives/lib/BackgroundJob/WebhookRetryJob.php:76                                 UnusedPrivateField  Avoid unused private fields such as '$webhookService'.
/home/rubenlinde/memcap-work/lq-lanes/or-primitives/lib/BackgroundJob/WebhookRetryJob.php:83                                 UnusedPrivateField  Avoid unused private fields such as '$logger'.
/home/rubenlinde/memcap-work/lq-lanes/or-primitives/lib/BulkAction/RestorePriorValuesAction.php:90                           UnusedPrivateField  Avoid unused private fields such as '$records'.
/home/rubenlinde/memcap-work/lq-lanes/or-primitives/lib/Calendar/RegisterCalendar.php:62                                     UnusedPrivateField  Avoid unused private fields such as '$schema'.
/home/rubenlinde/memcap-work/lq-lanes/or-primitives/lib/Calendar/RegisterCalendar.php:69                                     UnusedPrivateField  Avoid unused private fields such as '$calendarConfig'.
/home/rubenlinde/memcap-work/lq-lanes/or-primitives/lib/Calendar/RegisterCalendar.php:76                                     UnusedPrivateField  Avoid unused private fields such as '$magicMapper'.
/home/rubenlinde/memcap-work/lq-lanes/or-primitives/lib/Calendar/RegisterCalendar.php:83                                     UnusedPrivateField  Avoid unused private fields such as '$registerMapper'.
/home/rubenlinde/memcap-work/lq-lanes/or-primitives/lib/Calendar/RegisterCalendar.php:90                                     UnusedPrivateField  Avoid unused private fields such as '$transformer'.
/home/rubenlinde/memcap-work/lq-lanes/or-primitives/lib/Calendar/RegisterCalendar.php:97                                     UnusedPrivateField  Avoid unused private fields such as '$principalUri'.
/home/rubenlinde/memcap-work/lq-lanes/or-primitives/lib/Calendar/RegisterCalendar.php:104                                    UnusedPrivateField  Avoid unused private fields such as '$logger'.
/home/rubenlinde/memcap-work/lq-lanes/or-primitives/lib/Calendar/RegisterCalendarProvider.php:55                             UnusedPrivateField  Avoid unused private fields such as '$schemaMapper'.
/home/rubenlinde/memcap-work/lq-lanes/or-primitives/lib/Calendar/RegisterCalendarProvider.php:62                             UnusedPrivateField  Avoid unused private fields such as '$registerMapper'.
/home/rubenlinde/memcap-work/lq-lanes/or-primitives/lib/Calendar/RegisterCalendarProvider.php:69                             UnusedPrivateField  Avoid unused private fields such as '$magicMapper'.
/home/rubenlinde/memcap-work/lq-lanes/or-primitives/lib/Calendar/RegisterCalendarProvider.php:76                             UnusedPrivateField  Avoid unused private fields such as '$userSession'.
/home/rubenlinde/memcap-work/lq-lanes/or-primitives/lib/Calendar/RegisterCalendarProvider.php:83                             UnusedPrivateField  Avoid unused private fields such as '$logger'.
/home/rubenlinde/memcap-work/lq-lanes/or-primitives/lib/Calendar/RegisterCalendarProvider.php:90                             UnusedPrivateField  Avoid unused private fields such as '$transformer'.
/home/rubenlinde/memcap-work/lq-lanes/or-primitives/lib/Calendar/RegisterCalendarProvider.php:97                             UnusedPrivateField  Avoid unused private fields such as '$enabledSchemasCache'.
/home/rubenlinde/memcap-work/lq-lanes/or-primitives/lib/Contacts/ContactsMenuProvider.php:56                                 UnusedPrivateField  Avoid unused private fields such as '$matchingService'.
/home/rubenlinde/memcap-work/lq-lanes/or-primitives/lib/Contacts/ContactsMenuProvider.php:63                                 UnusedPrivateField  Avoid unused private fields such as '$deepLinkRegistry'.
/home/rubenlinde/memcap-work/lq-lanes/or-primitives/lib/Contacts/ContactsMenuProvider.php:70                                 UnusedPrivateField  Avoid unused private fields such as '$actionFactory'.
/home/rubenlinde/memcap-work/lq-lanes/or-primitives/lib/Contacts/ContactsMenuProvider.php:77                                 UnusedPrivateField  Avoid unused private fields such as '$urlGenerator'.
/home/rubenlinde/memcap-work/lq-lanes/or-primitives/lib/Contacts/ContactsMenuProvider.php:84                                 UnusedPrivateField  Avoid unused private fields such as '$l10n'.
/home/rubenlinde/memcap-work/lq-lanes/or-primitives/lib/Contacts/ContactsMenuProvider.php:91                                 UnusedPrivateField  Avoid unused private fields such as '$logger'.
/home/rubenlinde/memcap-work/lq-lanes/or-primitives/lib/Controller/AgentsController.php:72                                   UnusedPrivateField  Avoid unused private fields such as '$agentMapper'.
/home/rubenlinde/memcap-work/lq-lanes/or-primitives/lib/Controller/AgentsController.php:81                                   UnusedPrivateField  Avoid unused private fields such as '$organisationService'.
/home/rubenlinde/memcap-work/lq-lanes/or-primitives/lib/Controller/AgentsController.php:90                                   UnusedPrivateField  Avoid unused private fields such as '$toolRegistry'.
/home/rubenlinde/memcap-work/lq-lanes/or-primitives/lib/Controller/AgentsController.php:99                                   UnusedPrivateField  Avoid unused private fields such as '$logger'.
/home/rubenlinde/memcap-work/lq-lanes/or-primitives/lib/Controller/AgentsController.php:108                                  UnusedPrivateField  Avoid unused private fields such as '$userId'.
/home/rubenlinde/memcap-work/lq-lanes/or-primitives/lib/Controller/ApplicationsController.php:65                             UnusedPrivateField  Avoid unused private fields such as '$applicationService'.
/home/rubenlinde/memcap-work/lq-lanes/or-primitives/lib/Controller/ApplicationsController.php:74                             UnusedPrivateField  Avoid unused private fields such as '$applicationMapper'.
/home/rubenlinde/memcap-work/lq-lanes/or-primitives/lib/Controller/ApplicationsController.php:83                             UnusedPrivateField  Avoid unused private fields such as '$logger'.
/home/rubenlinde/memcap-work/lq-lanes/or-primitives/lib/Controller/ArchivalController.php:84                                 UnusedPrivateField  Avoid unused private fields such as '$destructionService'.
/home/rubenlinde/memcap-work/lq-lanes/or-primitives/lib/Controller/ArchivalController.php:91                                 UnusedPrivateField  Avoid unused private fields such as '$legalHoldService'.
/home/rubenlinde/memcap-work/lq-lanes/or-primitives/lib/Controller/ArchivalController.php:98                                 UnusedPrivateField  Avoid unused private fields such as '$objectMapper'.
/home/rubenlinde/memcap-work/lq-lanes/or-primitives/lib/Controller/ArchivalController.php:105                                UnusedPrivateField  Avoid unused private fields such as '$userSession'.
/home/rubenlinde/memcap-work/lq-lanes/or-primitives/lib/Controller/ArchivalController.php:112                                UnusedPrivateField  Avoid unused private fields such as '$groupManager'.
/home/rubenlinde/memcap-work/lq-lanes/or-primitives/lib/Controller/ArchivalController.php:119                                UnusedPrivateField  Avoid unused private fields such as '$logger'.
/home/rubenlinde/memcap-work/lq-lanes/or-primitives/lib/Controller/CalendarEventsController.php:52                           UnusedPrivateField  Avoid unused private fields such as '$calendarEventService'.
/home/rubenlinde/memcap-work/lq-lanes/or-primitives/lib/Controller/CalendarEventsController.php:59                           UnusedPrivateField  Avoid unused private fields such as '$calendarLinkService'.
/home/rubenlinde/memcap-work/lq-lanes/or-primitives/lib/Controller/CalendarEventsController.php:66                           UnusedPrivateField  Avoid unused private fields such as '$objectService'.
/home/rubenlinde/memcap-work/lq-lanes/or-primitives/lib/Controller/ChatController.php:79                                     UnusedPrivateField  Avoid unused private fields such as '$chatService'.
/home/rubenlinde/memcap-work/lq-lanes/or-primitives/lib/Controller/ChatController.php:88                                     UnusedPrivateField  Avoid unused private fields such as '$conversationMapper'.
/home/rubenlinde/memcap-work/lq-lanes/or-primitives/lib/Controller/ChatController.php:97                                     UnusedPrivateField  Avoid unused private fields such as '$messageMapper'.
/home/rubenlinde/memcap-work/lq-lanes/or-primitives/lib/Controller/ChatController.php:106                                    UnusedPrivateField  Avoid unused private fields such as '$feedbackMapper'.
/home/rubenlinde/memcap-work/lq-lanes/or-primitives/lib/Controller/ChatController.php:115                                    UnusedPrivateField  Avoid unused private fields such as '$agentMapper'.
/home/rubenlinde/memcap-work/lq-lanes/or-primitives/lib/Controller/ChatController.php:124                                    UnusedPrivateField  Avoid unused private fields such as '$db'.
/home/rubenlinde/memcap-work/lq-lanes/or-primitives/lib/Controller/ChatController.php:133                                    UnusedPrivateField  Avoid unused private fields such as '$organisationService'.
/home/rubenlinde/memcap-work/lq-lanes/or-primitives/lib/Controller/ChatController.php:142                                    UnusedPrivateField  Avoid unused private fields such as '$logger'.
/home/rubenlinde/memcap-work/lq-lanes/or-primitives/lib/Controller/ChatController.php:151                                    UnusedPrivateField  Avoid unused private fields such as '$l10n'.
/home/rubenlinde/memcap-work/lq-lanes/or-primitives/lib/Controller/ChatController.php:160                                    UnusedPrivateField  Avoid unused private fields such as '$userId'.
/home/rubenlinde/memcap-work/lq-lanes/or-primitives/lib/Controller/ChatHealthController.php:64                               UnusedPrivateField  Avoid unused private fields such as '$settingsService'.
/home/rubenlinde/memcap-work/lq-lanes/or-primitives/lib/Controller/ChatHealthController.php:71                               UnusedPrivateField  Avoid unused private fields such as '$logger'.
/home/rubenlinde/memcap-work/lq-lanes/or-primitives/lib/Controller/ChatStreamController.php:99                               UnusedPrivateField  Avoid unused private fields such as '$chatService'.
/home/rubenlinde/memcap-work/lq-lanes/or-primitives/lib/Controller/ChatStreamController.php:106                              UnusedPrivateField  Avoid unused private fields such as '$conversationMapper'.
/home/rubenlinde/memcap-work/lq-lanes/or-primitives/lib/Controller/ChatStreamController.php:113                              UnusedPrivateField  Avoid unused private fields such as '$agentMapper'.
/home/rubenlinde/memcap-work/lq-lanes/or-primitives/lib/Controller/ChatStreamController.php:120                              UnusedPrivateField  Avoid unused private fields such as '$logger'.
/home/rubenlinde/memcap-work/lq-lanes/or-primitives/lib/Controller/ChatStreamController.php:127                              UnusedPrivateField  Avoid unused private fields such as '$userSession'.
/home/rubenlinde/memcap-work/lq-lanes/or-primitives/lib/Controller/ChatStreamController.php:136                              UnusedPrivateField  Avoid unused private fields such as '$db'.
/home/rubenlinde/memcap-work/lq-lanes/or-primitives/lib/Controller/ChatStreamController.php:146                              UnusedPrivateField  Avoid unused private fields such as '$lastEventAt'.
/home/rubenlinde/memcap-work/lq-lanes/or-primitives/lib/Controller/ConfigurationController.php:68                            UnusedPrivateField  Avoid unused private fields such as '$configurationMapper'.
/home/rubenlinde/memcap-work/lq-lanes/or-primitives/lib/Controller/ConfigurationController.php:75                            UnusedPrivateField  Avoid unused private fields such as '$configurationService'.
/home/rubenlinde/memcap-work/lq-lanes/or-primitives/lib/Controller/ConfigurationController.php:82                            UnusedPrivateField  Avoid unused private fields such as '$notificationService'.
/home/rubenlinde/memcap-work/lq-lanes/or-primitives/lib/Controller/ConfigurationController.php:89                            UnusedPrivateField  Avoid unused private fields such as '$githubHandler'.
/home/rubenlinde/memcap-work/lq-lanes/or-primitives/lib/Controller/ConfigurationController.php:96                            UnusedPrivateField  Avoid unused private fields such as '$gitlabHandler'.
/home/rubenlinde/memcap-work/lq-lanes/or-primitives/lib/Controller/ConfigurationController.php:103                           UnusedPrivateField  Avoid unused private fields such as '$logger'.
/home/rubenlinde/memcap-work/lq-lanes/or-primitives/lib/Controller/ConfigurationController.php:110                           UnusedPrivateField  Avoid unused private fields such as '$appManager'.
/home/rubenlinde/memcap-work/lq-lanes/or-primitives/lib/Controller/ConfigurationsController.php:56                           UnusedPrivateField  Avoid unused private fields such as '$userId'.
/home/rubenlinde/memcap-work/lq-lanes/or-primitives/lib/Controller/ContactsController.php:51                                 UnusedPrivateField  Avoid unused private fields such as '$contactService'.
/home/rubenlinde/memcap-work/lq-lanes/or-primitives/lib/Controller/ContactsController.php:58                                 UnusedPrivateField  Avoid unused private fields such as '$personLinks'.
/home/rubenlinde/memcap-work/lq-lanes/or-primitives/lib/Controller/ContactsController.php:65                                 UnusedPrivateField  Avoid unused private fields such as '$objectService'.
/home/rubenlinde/memcap-work/lq-lanes/or-primitives/lib/Controller/ContactsController.php:72                                 UnusedPrivateField  Avoid unused private fields such as '$matchingService'.
/home/rubenlinde/memcap-work/lq-lanes/or-primitives/lib/Controller/ContactsController.php:79                                 UnusedPrivateField  Avoid unused private fields such as '$deepLinkRegistry'.
/home/rubenlinde/memcap-work/lq-lanes/or-primitives/lib/Controller/ContactsController.php:86                                 UnusedPrivateField  Avoid unused private fields such as '$l10n'.
/home/rubenlinde/memcap-work/lq-lanes/or-primitives/lib/Controller/ContactsController.php:93                                 UnusedPrivateField  Avoid unused private fields such as '$logger'.
/home/rubenlinde/memcap-work/lq-lanes/or-primitives/lib/Controller/ConversationController.php:65                             UnusedPrivateField  Avoid unused private fields such as '$conversationMapper'.
/home/rubenlinde/memcap-work/lq-lanes/or-primitives/lib/Controller/ConversationController.php:72                             UnusedPrivateField  Avoid unused private fields such as '$messageMapper'.
/home/rubenlinde/memcap-work/lq-lanes/or-primitives/lib/Controller/ConversationController.php:79                             UnusedPrivateField  Avoid unused private fields such as '$feedbackMapper'.
/home/rubenlinde/memcap-work/lq-lanes/or-primitives/lib/Controller/ConversationController.php:86                             UnusedPrivateField  Avoid unused private fields such as '$agentMapper'.
/home/rubenlinde/memcap-work/lq-lanes/or-primitives/lib/Controller/ConversationController.php:93                             UnusedPrivateField  Avoid unused private fields such as '$organisationService'.
/home/rubenlinde/memcap-work/lq-lanes/or-primitives/lib/Controller/ConversationController.php:100                            UnusedPrivateField  Avoid unused private fields such as '$chatService'.
/home/rubenlinde/memcap-work/lq-lanes/or-primitives/lib/Controller/ConversationController.php:107                            UnusedPrivateField  Avoid unused private fields such as '$logger'.
/home/rubenlinde/memcap-work/lq-lanes/or-primitives/lib/Controller/ConversationController.php:114                            UnusedPrivateField  Avoid unused private fields such as '$userId'.
/home/rubenlinde/memcap-work/lq-lanes/or-primitives/lib/Controller/DashboardController.php:70                                UnusedPrivateField  Avoid unused private fields such as '$dashboardService'.
/home/rubenlinde/memcap-work/lq-lanes/or-primitives/lib/Controller/DashboardController.php:79                                UnusedPrivateField  Avoid unused private fields such as '$logger'.
/home/rubenlinde/memcap-work/lq-lanes/or-primitives/lib/Controller/DeckController.php:45                                     UnusedPrivateField  Avoid unused private fields such as '$deckCardService'.
/home/rubenlinde/memcap-work/lq-lanes/or-primitives/lib/Controller/DeckController.php:52                                     UnusedPrivateField  Avoid unused private fields such as '$objectService'.
/home/rubenlinde/memcap-work/lq-lanes/or-primitives/lib/Controller/EmailsController.php:48                                   UnusedPrivateField  Avoid unused private fields such as '$emailService'.
/home/rubenlinde/memcap-work/lq-lanes/or-primitives/lib/Controller/EmailsController.php:55                                   UnusedPrivateField  Avoid unused private fields such as '$objectService'.
/home/rubenlinde/memcap-work/lq-lanes/or-primitives/lib/Controller/EmailsController.php:62                                   UnusedPrivateField  Avoid unused private fields such as '$userSession'.
/home/rubenlinde/memcap-work/lq-lanes/or-primitives/lib/Controller/EmailsController.php:69                                   UnusedPrivateField  Avoid unused private fields such as '$logger'.
/home/rubenlinde/memcap-work/lq-lanes/or-primitives/lib/Controller/EndpointsController.php:77                                UnusedPrivateField  Avoid unused private fields such as '$endpointMapper'.
/home/rubenlinde/memcap-work/lq-lanes/or-primitives/lib/Controller/EndpointsController.php:86                                UnusedPrivateField  Avoid unused private fields such as '$endpointService'.
/home/rubenlinde/memcap-work/lq-lanes/or-primitives/lib/Controller/EndpointsController.php:95                                UnusedPrivateField  Avoid unused private fields such as '$endpointLogMapper'.
/home/rubenlinde/memcap-work/lq-lanes/or-primitives/lib/Controller/EndpointsController.php:104                               UnusedPrivateField  Avoid unused private fields such as '$logger'.
/home/rubenlinde/memcap-work/lq-lanes/or-primitives/lib/Controller/EndpointsController.php:111                               UnusedPrivateField  Avoid unused private fields such as '$userSession'.
/home/rubenlinde/memcap-work/lq-lanes/or-primitives/lib/Controller/EndpointsController.php:118                               UnusedPrivateField  Avoid unused private fields such as '$groupManager'.
/home/rubenlinde/memcap-work/lq-lanes/or-primitives/lib/Controller/FilesController.php:92                                    UnusedPrivateField  Avoid unused private fields such as '$fileService'.
/home/rubenlinde/memcap-work/lq-lanes/or-primitives/lib/Controller/FilesController.php:101                                   UnusedPrivateField  Avoid unused private fields such as '$objectService'.
/home/rubenlinde/memcap-work/lq-lanes/or-primitives/lib/Controller/FormLinksController.php:59                                UnusedPrivateField  Avoid unused private fields such as '$formLinkService'.
/home/rubenlinde/memcap-work/lq-lanes/or-primitives/lib/Controller/FormLinksController.php:67                                UnusedPrivateField  Avoid unused private fields such as '$objectService'.
/home/rubenlinde/memcap-work/lq-lanes/or-primitives/lib/Controller/FormLinksController.php:74                                UnusedPrivateField  Avoid unused private fields such as '$l10n'.
/home/rubenlinde/memcap-work/lq-lanes/or-primitives/lib/Controller/FormLinksController.php:81                                UnusedPrivateField  Avoid unused private fields such as '$logger'.
/home/rubenlinde/memcap-work/lq-lanes/or-primitives/lib/Controller/GitHubIssuesController.php:78                             UnusedPrivateField  Avoid unused private fields such as '$readCache'.
/home/rubenlinde/memcap-work/lq-lanes/or-primitives/lib/Controller/McpController.php:54                                      UnusedPrivateField  Avoid unused private fields such as '$mcpDiscoveryService'.
/home/rubenlinde/memcap-work/lq-lanes/or-primitives/lib/Controller/NotesController.php:55                                    UnusedPrivateField  Avoid unused private fields such as '$noteService'.
/home/rubenlinde/memcap-work/lq-lanes/or-primitives/lib/Controller/NotesController.php:62                                    UnusedPrivateField  Avoid unused private fields such as '$objectService'.
/home/rubenlinde/memcap-work/lq-lanes/or-primitives/lib/Controller/OasController.php:57                                      UnusedPrivateField  Avoid unused private fields such as '$oasService'.
/home/rubenlinde/memcap-work/lq-lanes/or-primitives/lib/Controller/ObjectIntegrationsController.php:96                       UnusedPrivateField  Avoid unused private fields such as '$guardedObject'.
/home/rubenlinde/memcap-work/lq-lanes/or-primitives/lib/Controller/ObjectsController.php:122                                 UnusedPrivateField  Avoid unused private fields such as '$exportService'.
/home/rubenlinde/memcap-work/lq-lanes/or-primitives/lib/Controller/ObjectsController.php:129                                 UnusedPrivateField  Avoid unused private fields such as '$importService'.
/home/rubenlinde/memcap-work/lq-lanes/or-primitives/lib/Controller/OrganisationController.php:73                             UnusedPrivateField  Avoid unused private fields such as '$organisationService'.
/home/rubenlinde/memcap-work/lq-lanes/or-primitives/lib/Controller/OrganisationController.php:80                             UnusedPrivateField  Avoid unused private fields such as '$organisationMapper'.
/home/rubenlinde/memcap-work/lq-lanes/or-primitives/lib/Controller/OrganisationController.php:87                             UnusedPrivateField  Avoid unused private fields such as '$logger'.
/home/rubenlinde/memcap-work/lq-lanes/or-primitives/lib/Controller/OrganisationController.php:94                             UnusedPrivateField  Avoid unused private fields such as '$tenantLifecycleService'.
/home/rubenlinde/memcap-work/lq-lanes/or-primitives/lib/Controller/OrganisationController.php:101                            UnusedPrivateField  Avoid unused private fields such as '$tenantUsageMapper'.
/home/rubenlinde/memcap-work/lq-lanes/or-primitives/lib/Controller/OrganisationController.php:108                            UnusedPrivateField  Avoid unused private fields such as '$userSession'.
/home/rubenlinde/memcap-work/lq-lanes/or-primitives/lib/Controller/OrganisationController.php:115                            UnusedPrivateField  Avoid unused private fields such as '$groupManager'.
/home/rubenlinde/memcap-work/lq-lanes/or-primitives/lib/Controller/RegistersController.php:106                               UnusedPrivateField  Avoid unused private fields such as '$configurationService'.
/home/rubenlinde/memcap-work/lq-lanes/or-primitives/lib/Controller/RegistersController.php:113                               UnusedPrivateField  Avoid unused private fields such as '$auditTrailMapper'.
/home/rubenlinde/memcap-work/lq-lanes/or-primitives/lib/Controller/RegistersController.php:120                               UnusedPrivateField  Avoid unused private fields such as '$exportService'.
/home/rubenlinde/memcap-work/lq-lanes/or-primitives/lib/Controller/RegistersController.php:127                               UnusedPrivateField  Avoid unused private fields such as '$importService'.
/home/rubenlinde/memcap-work/lq-lanes/or-primitives/lib/Controller/RegistersController.php:134                               UnusedPrivateField  Avoid unused private fields such as '$schemaMapper'.
/home/rubenlinde/memcap-work/lq-lanes/or-primitives/lib/Controller/RegistersController.php:141                               UnusedPrivateField  Avoid unused private fields such as '$registerMapper'.
/home/rubenlinde/memcap-work/lq-lanes/or-primitives/lib/Controller/RegistersController.php:148                               UnusedPrivateField  Avoid unused private fields such as '$githubService'.
/home/rubenlinde/memcap-work/lq-lanes/or-primitives/lib/Controller/RegistersController.php:155                               UnusedPrivateField  Avoid unused private fields such as '$appManager'.
/home/rubenlinde/memcap-work/lq-lanes/or-primitives/lib/Controller/RegistersController.php:162                               UnusedPrivateField  Avoid unused private fields such as '$oasService'.
/home/rubenlinde/memcap-work/lq-lanes/or-primitives/lib/Controller/RelationsController.php:132                               UnusedPrivateField  Avoid unused private fields such as '$objectService'.
/home/rubenlinde/memcap-work/lq-lanes/or-primitives/lib/Controller/RelationsController.php:139                               UnusedPrivateField  Avoid unused private fields such as '$noteService'.
/home/rubenlinde/memcap-work/lq-lanes/or-primitives/lib/Controller/RelationsController.php:146                               UnusedPrivateField  Avoid unused private fields such as '$taskService'.
/home/rubenlinde/memcap-work/lq-lanes/or-primitives/lib/Controller/RelationsController.php:153                               UnusedPrivateField  Avoid unused private fields such as '$emailService'.
/home/rubenlinde/memcap-work/lq-lanes/or-primitives/lib/Controller/RelationsController.php:160                               UnusedPrivateField  Avoid unused private fields such as '$calendarEventService'.
/home/rubenlinde/memcap-work/lq-lanes/or-primitives/lib/Controller/RelationsController.php:167                               UnusedPrivateField  Avoid unused private fields such as '$contactService'.
/home/rubenlinde/memcap-work/lq-lanes/or-primitives/lib/Controller/RelationsController.php:174                               UnusedPrivateField  Avoid unused private fields such as '$deckCardService'.
/home/rubenlinde/memcap-work/lq-lanes/or-primitives/lib/Controller/RelationsController.php:181                               UnusedPrivateField  Avoid unused private fields such as '$logger'.
/home/rubenlinde/memcap-work/lq-lanes/or-primitives/lib/Controller/RelationsController.php:188                               UnusedPrivateField  Avoid unused private fields such as '$container'.
/home/rubenlinde/memcap-work/lq-lanes/or-primitives/lib/Controller/SchemasController.php:125                                 UnusedPrivateField  Avoid unused private fields such as '$scopedSchemaResolver'.
/home/rubenlinde/memcap-work/lq-lanes/or-primitives/lib/Controller/SchemasController.php:137                                 UnusedPrivateField  Avoid unused private fields such as '$referenceFilterOperands'.
/home/rubenlinde/memcap-work/lq-lanes/or-primitives/lib/Controller/TablesController.php:55                                   UnusedPrivateField  Avoid unused private fields such as '$scopedSchemaResolver'.
/home/rubenlinde/memcap-work/lq-lanes/or-primitives/lib/Controller/TasksController.php:67                                    UnusedPrivateField  Avoid unused private fields such as '$taskService'.
/home/rubenlinde/memcap-work/lq-lanes/or-primitives/lib/Controller/TasksController.php:74                                    UnusedPrivateField  Avoid unused private fields such as '$objectService'.
/home/rubenlinde/memcap-work/lq-lanes/or-primitives/lib/Controller/TmloController.php:68                                     UnusedPrivateField  Avoid unused private fields such as '$scopedSchemaResolver'.
/home/rubenlinde/memcap-work/lq-lanes/or-primitives/lib/Controller/UserSettingsController.php:47                             UnusedPrivateField  Avoid unused private fields such as '$gitHubService'.
/home/rubenlinde/memcap-work/lq-lanes/or-primitives/lib/Controller/UserSettingsController.php:54                             UnusedPrivateField  Avoid unused private fields such as '$userSession'.
/home/rubenlinde/memcap-work/lq-lanes/or-primitives/lib/Controller/UserSettingsController.php:61                             UnusedPrivateField  Avoid unused private fields such as '$logger'.
/home/rubenlinde/memcap-work/lq-lanes/or-primitives/lib/Controller/ViewsController.php:59                                    UnusedPrivateField  Avoid unused private fields such as '$viewService'.
/home/rubenlinde/memcap-work/lq-lanes/or-primitives/lib/Controller/ViewsController.php:66                                    UnusedPrivateField  Avoid unused private fields such as '$viewPresentationService'.
/home/rubenlinde/memcap-work/lq-lanes/or-primitives/lib/Controller/ViewsController.php:73                                    UnusedPrivateField  Avoid unused private fields such as '$logger'.
/home/rubenlinde/memcap-work/lq-lanes/or-primitives/lib/Controller/ViewsController.php:80                                    UnusedPrivateField  Avoid unused private fields such as '$viewers'.
/home/rubenlinde/memcap-work/lq-lanes/or-primitives/lib/Controller/WebhooksController.php:73                                 UnusedPrivateField  Avoid unused private fields such as '$webhookMapper'.
/home/rubenlinde/memcap-work/lq-lanes/or-primitives/lib/Controller/WebhooksController.php:80                                 UnusedPrivateField  Avoid unused private fields such as '$webhookService'.
/home/rubenlinde/memcap-work/lq-lanes/or-primitives/lib/Controller/WebhooksController.php:87                                 UnusedPrivateField  Avoid unused private fields such as '$webhookLogMapper'.
/home/rubenlinde/memcap-work/lq-lanes/or-primitives/lib/Controller/WebhooksController.php:94                                 UnusedPrivateField  Avoid unused private fields such as '$logger'.
/home/rubenlinde/memcap-work/lq-lanes/or-primitives/lib/Controller/WebhooksController.php:101                                UnusedPrivateField  Avoid unused private fields such as '$userSession'.
/home/rubenlinde/memcap-work/lq-lanes/or-primitives/lib/Controller/WebhooksController.php:108                                UnusedPrivateField  Avoid unused private fields such as '$groupManager'.
/home/rubenlinde/memcap-work/lq-lanes/or-primitives/lib/Dashboard/IntegrationDashboardWidget.php:48                          UnusedPrivateField  Avoid unused private fields such as '$l10n'.
/home/rubenlinde/memcap-work/lq-lanes/or-primitives/lib/Dashboard/IntegrationDashboardWidget.php:55                          UnusedPrivateField  Avoid unused private fields such as '$urlGenerator'.
/home/rubenlinde/memcap-work/lq-lanes/or-primitives/lib/Dav/TaskVtodoWriteBackPlugin.php:76                                  UnusedPrivateField  Avoid unused private fields such as '$server'.
/home/rubenlinde/memcap-work/lq-lanes/or-primitives/lib/Db/AgentMapper.php:82                                                UnusedPrivateField  Avoid unused private fields such as '$userSession'.
/home/rubenlinde/memcap-work/lq-lanes/or-primitives/lib/Db/AgentMapper.php:89                                                UnusedPrivateField  Avoid unused private fields such as '$groupManager'.
/home/rubenlinde/memcap-work/lq-lanes/or-primitives/lib/Db/AgentMapper.php:96                                                UnusedPrivateField  Avoid unused private fields such as '$eventDispatcher'.
/home/rubenlinde/memcap-work/lq-lanes/or-primitives/lib/Db/Application.php:128                                               UnusedPrivateField  Avoid unused private fields such as '$managedByConfig'.
/home/rubenlinde/memcap-work/lq-lanes/or-primitives/lib/Db/ApplicationMapper.php:90                                          UnusedPrivateField  Avoid unused private fields such as '$userSession'.
/home/rubenlinde/memcap-work/lq-lanes/or-primitives/lib/Db/ApplicationMapper.php:99                                          UnusedPrivateField  Avoid unused private fields such as '$groupManager'.
/home/rubenlinde/memcap-work/lq-lanes/or-primitives/lib/Db/ApplicationMapper.php:108                                         UnusedPrivateField  Avoid unused private fields such as '$eventDispatcher'.
/home/rubenlinde/memcap-work/lq-lanes/or-primitives/lib/Db/AuditTrailMapper.php:90                                           UnusedPrivateField  Avoid unused private fields such as '$requestImportJobId'.
/home/rubenlinde/memcap-work/lq-lanes/or-primitives/lib/Db/ChunkMapper.php:55                                                UnusedPrivateField  Avoid unused private fields such as '$logger'.
/home/rubenlinde/memcap-work/lq-lanes/or-primitives/lib/Db/ConfigurationMapper.php:83                                        UnusedPrivateField  Avoid unused private fields such as '$userSession'.
/home/rubenlinde/memcap-work/lq-lanes/or-primitives/lib/Db/ConfigurationMapper.php:90                                        UnusedPrivateField  Avoid unused private fields such as '$groupManager'.
/home/rubenlinde/memcap-work/lq-lanes/or-primitives/lib/Db/ConfigurationMapper.php:97                                        UnusedPrivateField  Avoid unused private fields such as '$session'.
/home/rubenlinde/memcap-work/lq-lanes/or-primitives/lib/Db/ConfigurationMapper.php:104                                       UnusedPrivateField  Avoid unused private fields such as '$eventDispatcher'.
/home/rubenlinde/memcap-work/lq-lanes/or-primitives/lib/Db/ConversationMapper.php:76                                         UnusedPrivateField  Avoid unused private fields such as '$eventDispatcher'.
/home/rubenlinde/memcap-work/lq-lanes/or-primitives/lib/Db/EmailLinkMapper.php:41                                            UnusedPrivateField  Avoid unused private fields such as '$tableExistsCache'.
/home/rubenlinde/memcap-work/lq-lanes/or-primitives/lib/Db/EndpointMapper.php:76                                             UnusedPrivateField  Avoid unused private fields such as '$userSession'.
/home/rubenlinde/memcap-work/lq-lanes/or-primitives/lib/Db/EndpointMapper.php:95                                             UnusedPrivateField  Avoid unused private fields such as '$groupManager'.
/home/rubenlinde/memcap-work/lq-lanes/or-primitives/lib/Db/FileMapper.php:92                                                 UnusedPrivateField  Avoid unused private fields such as '$urlGenerator'.
/home/rubenlinde/memcap-work/lq-lanes/or-primitives/lib/Db/MagicMapper.php:210                                               UnusedPrivateField  Avoid unused private fields such as '$lastWriteAction'.
/home/rubenlinde/memcap-work/lq-lanes/or-primitives/lib/Db/MagicMapper.php:243                                               UnusedPrivateField  Avoid unused private fields such as '$tableExistsMemo'.
/home/rubenlinde/memcap-work/lq-lanes/or-primitives/lib/Db/MagicMapper.php:255                                               UnusedPrivateField  Avoid unused private fields such as '$liveMagicTablesMemo'.
/home/rubenlinde/memcap-work/lq-lanes/or-primitives/lib/Db/MagicMapper.php:308                                               UnusedPrivateField  Avoid unused private fields such as '$tableExistsCache'.
/home/rubenlinde/memcap-work/lq-lanes/or-primitives/lib/Db/MagicMapper.php:316                                               UnusedPrivateField  Avoid unused private fields such as '$regSchemaTableCache'.
/home/rubenlinde/memcap-work/lq-lanes/or-primitives/lib/Db/MagicMapper.php:324                                               UnusedPrivateField  Avoid unused private fields such as '$tableStructureCache'.
/home/rubenlinde/memcap-work/lq-lanes/or-primitives/lib/Db/MagicMapper.php:332                                               UnusedPrivateField  Avoid unused private fields such as '$calcVersionCache'.
/home/rubenlinde/memcap-work/lq-lanes/or-primitives/lib/Db/MagicMapper.php:341                                               UnusedPrivateField  Avoid unused private fields such as '$rowColumnToPropertyCache'.
/home/rubenlinde/memcap-work/lq-lanes/or-primitives/lib/Db/MagicMapper.php:351                                               UnusedPrivateField  Avoid unused private fields such as '$tableColumnsVerifiedCache'.
/home/rubenlinde/memcap-work/lq-lanes/or-primitives/lib/Db/MagicMapper.php:359                                               UnusedPrivateField  Avoid unused private fields such as '$columnExistsCache'.
/home/rubenlinde/memcap-work/lq-lanes/or-primitives/lib/Db/MagicMapper.php:370                                               UnusedPrivateField  Avoid unused private fields such as '$searchHandler'.
/home/rubenlinde/memcap-work/lq-lanes/or-primitives/lib/Db/MagicMapper.php:377                                               UnusedPrivateField  Avoid unused private fields such as '$rbacHandler'.
/home/rubenlinde/memcap-work/lq-lanes/or-primitives/lib/Db/MagicMapper.php:384                                               UnusedPrivateField  Avoid unused private fields such as '$bulkHandler'.
/home/rubenlinde/memcap-work/lq-lanes/or-primitives/lib/Db/MagicMapper.php:391                                               UnusedPrivateField  Avoid unused private fields such as '$organizationHandler'.
/home/rubenlinde/memcap-work/lq-lanes/or-primitives/lib/Db/MagicMapper.php:398                                               UnusedPrivateField  Avoid unused private fields such as '$facetHandler'.
/home/rubenlinde/memcap-work/lq-lanes/or-primitives/lib/Db/MagicMapper.php:405                                               UnusedPrivateField  Avoid unused private fields such as '$tableHandler'.
/home/rubenlinde/memcap-work/lq-lanes/or-primitives/lib/Db/MagicMapper.php:412                                               UnusedPrivateField  Avoid unused private fields such as '$statisticsHandler'.
/home/rubenlinde/memcap-work/lq-lanes/or-primitives/lib/Db/MagicMapper.php:419                                               UnusedPrivateField  Avoid unused private fields such as '$hasPgTrgm'.
/home/rubenlinde/memcap-work/lq-lanes/or-primitives/lib/Db/MagicMapper/MagicBulkHandler.php:75                               UnusedPrivateField  Avoid unused private fields such as '$maxPacketSizeBuffer'.
/home/rubenlinde/memcap-work/lq-lanes/or-primitives/lib/Db/MagicMapper/MagicBulkHandler.php:82                               UnusedPrivateField  Avoid unused private fields such as '$tableColumnsCache'.
/home/rubenlinde/memcap-work/lq-lanes/or-primitives/lib/Db/MagicMapper/MagicBulkHandler.php:93                               UnusedPrivateField  Avoid unused private fields such as '$versionHandler'.
/home/rubenlinde/memcap-work/lq-lanes/or-primitives/lib/Db/MagicMapper/MagicFacetHandler.php:96                              UnusedPrivateField  Avoid unused private fields such as '$facetCache'.
/home/rubenlinde/memcap-work/lq-lanes/or-primitives/lib/Db/MagicMapper/MagicFacetHandler.php:103                             UnusedPrivateField  Avoid unused private fields such as '$uuidLabelCache'.
/home/rubenlinde/memcap-work/lq-lanes/or-primitives/lib/Db/MagicMapper/MagicFacetHandler.php:111                             UnusedPrivateField  Avoid unused private fields such as '$fieldLabelCache'.
/home/rubenlinde/memcap-work/lq-lanes/or-primitives/lib/Db/MagicMapper/MagicFacetHandler.php:118                             UnusedPrivateField  Avoid unused private fields such as '$warmedFields'.
/home/rubenlinde/memcap-work/lq-lanes/or-primitives/lib/Db/MagicMapper/MagicFacetHandler.php:126                             UnusedPrivateField  Avoid unused private fields such as '$cacheStats'.
/home/rubenlinde/memcap-work/lq-lanes/or-primitives/lib/Db/MagicMapper/MagicFacetHandler.php:140                             UnusedPrivateField  Avoid unused private fields such as '$columnCache'.
/home/rubenlinde/memcap-work/lq-lanes/or-primitives/lib/Db/MagicMapper/MagicFacetHandler.php:147                             UnusedPrivateField  Avoid unused private fields such as '$cacheHandler'.
/home/rubenlinde/memcap-work/lq-lanes/or-primitives/lib/Db/MagicMapper/MagicFacetHandler.php:154                             UnusedPrivateField  Avoid unused private fields such as '$cacheFactory'.
/home/rubenlinde/memcap-work/lq-lanes/or-primitives/lib/Db/MagicMapper/MagicFacetHandler.php:161                             UnusedPrivateField  Avoid unused private fields such as '$distLabelCache'.
/home/rubenlinde/memcap-work/lq-lanes/or-primitives/lib/Db/MagicMapper/MagicFacetHandler.php:168                             UnusedPrivateField  Avoid unused private fields such as '$searchHandler'.
/home/rubenlinde/memcap-work/lq-lanes/or-primitives/lib/Db/MagicMapper/MagicFacetHandler.php:175                             UnusedPrivateField  Avoid unused private fields such as '$container'.
/home/rubenlinde/memcap-work/lq-lanes/or-primitives/lib/Db/MagicMapper/MagicFacetHandler.php:182                             UnusedPrivateField  Avoid unused private fields such as '$lazyResolved'.
/home/rubenlinde/memcap-work/lq-lanes/or-primitives/lib/Db/MagicMapper/MagicRbacHandler.php:113                              UnusedPrivateField  Avoid unused private fields such as '$isPostgresCache'.
/home/rubenlinde/memcap-work/lq-lanes/or-primitives/lib/Db/MagicMapper/MagicSearchHandler.php:166                            UnusedPrivateField  Avoid unused private fields such as '$ignoredFilters'.
/home/rubenlinde/memcap-work/lq-lanes/or-primitives/lib/Db/MagicMapper/MagicSearchHandler.php:173                            UnusedPrivateField  Avoid unused private fields such as '$hasPgTrgm'.
/home/rubenlinde/memcap-work/lq-lanes/or-primitives/lib/Db/MagicMapper/MagicSearchHandler.php:183                            UnusedPrivateField  Avoid unused private fields such as '$schemaColumnMapCache'.
/home/rubenlinde/memcap-work/lq-lanes/or-primitives/lib/Db/MagicMapper/MagicSearchHandler.php:194                            UnusedPrivateField  Avoid unused private fields such as '$termParser'.
/home/rubenlinde/memcap-work/lq-lanes/or-primitives/lib/Db/MagicMapper/MagicSearchHandler.php:201                            UnusedPrivateField  Avoid unused private fields such as '$termCompiler'.
/home/rubenlinde/memcap-work/lq-lanes/or-primitives/lib/Db/MagicMapper/MagicStatisticsHandler.php:72                         UnusedPrivateField  Avoid unused private fields such as '$magicTablesCache'.
/home/rubenlinde/memcap-work/lq-lanes/or-primitives/lib/Db/MagicMapper/MagicStatisticsHandler.php:79                         UnusedPrivateField  Avoid unused private fields such as '$registerCache'.
/home/rubenlinde/memcap-work/lq-lanes/or-primitives/lib/Db/MagicMapper/MagicStatisticsHandler.php:86                         UnusedPrivateField  Avoid unused private fields such as '$schemaCache'.
/home/rubenlinde/memcap-work/lq-lanes/or-primitives/lib/Db/MagicMapper/MagicStatisticsHandler.php:102                        UnusedPrivateField  Avoid unused private fields such as '$countCallback'.
/home/rubenlinde/memcap-work/lq-lanes/or-primitives/lib/Db/MappingMapper.php:80                                              UnusedPrivateField  Avoid unused private fields such as '$userSession'.
/home/rubenlinde/memcap-work/lq-lanes/or-primitives/lib/Db/MappingMapper.php:99                                              UnusedPrivateField  Avoid unused private fields such as '$groupManager'.
/home/rubenlinde/memcap-work/lq-lanes/or-primitives/lib/Db/MappingMapper.php:106                                             UnusedPrivateField  Avoid unused private fields such as '$mappingCache'.
/home/rubenlinde/memcap-work/lq-lanes/or-primitives/lib/Db/ObjectEntity.php:467                                              UnusedPrivateField  Avoid unused private fields such as '$lastLog'.
/home/rubenlinde/memcap-work/lq-lanes/or-primitives/lib/Db/ObjectEntity.php:478                                              UnusedPrivateField  Avoid unused private fields such as '$source'.
/home/rubenlinde/memcap-work/lq-lanes/or-primitives/lib/Db/ObjectHandlers/HyperFacetHandler.php:93                           UnusedPrivateField  Avoid unused private fields such as '$facetCache'.
/home/rubenlinde/memcap-work/lq-lanes/or-primitives/lib/Db/ObjectHandlers/HyperFacetHandler.php:100                          UnusedPrivateField  Avoid unused private fields such as '$fragmentCache'.
/home/rubenlinde/memcap-work/lq-lanes/or-primitives/lib/Db/ObjectHandlers/HyperFacetHandler.php:107                          UnusedPrivateField  Avoid unused private fields such as '$cardinalityCache'.
/home/rubenlinde/memcap-work/lq-lanes/or-primitives/lib/Db/ObjectHandlers/OptimizedFacetHandler.php:45                       UnusedPrivateField  Avoid unused private fields such as '$db'.
/home/rubenlinde/memcap-work/lq-lanes/or-primitives/lib/Db/ObjectHandlers/OptimizedFacetHandler.php:52                       UnusedPrivateField  Avoid unused private fields such as '$facetCache'.
/home/rubenlinde/memcap-work/lq-lanes/or-primitives/lib/Db/OrganisationMapper.php:91                                         UnusedPrivateField  Avoid unused private fields such as '$activeOrgUuidCache'.
/home/rubenlinde/memcap-work/lq-lanes/or-primitives/lib/Db/RegisterMapper.php:97                                             UnusedPrivateField  Avoid unused private fields such as '$schemaMapper'.
/home/rubenlinde/memcap-work/lq-lanes/or-primitives/lib/Db/RegisterMapper.php:124                                            UnusedPrivateField  Avoid unused private fields such as '$eventDispatcher'.
/home/rubenlinde/memcap-work/lq-lanes/or-primitives/lib/Db/RegisterMapper.php:131                                            UnusedPrivateField  Avoid unused private fields such as '$container'.
/home/rubenlinde/memcap-work/lq-lanes/or-primitives/lib/Db/RegisterMapper.php:159                                            UnusedPrivateField  Avoid unused private fields such as '$findCache'.
/home/rubenlinde/memcap-work/lq-lanes/or-primitives/lib/Db/Schema.php:2945                                                   UnusedPrivateField  Avoid unused private fields such as '$droppedKeys'.
/home/rubenlinde/memcap-work/lq-lanes/or-primitives/lib/Db/SchemaMapper.php:156                                              UnusedPrivateField  Avoid unused private fields such as '$eventDispatcher'.
/home/rubenlinde/memcap-work/lq-lanes/or-primitives/lib/Db/SchemaMapper.php:165                                              UnusedPrivateField  Avoid unused private fields such as '$validator'.
/home/rubenlinde/memcap-work/lq-lanes/or-primitives/lib/Db/SchemaMapper.php:183                                              UnusedPrivateField  Avoid unused private fields such as '$appConfig'.
/home/rubenlinde/memcap-work/lq-lanes/or-primitives/lib/Db/SchemaMapper.php:194                                              UnusedPrivateField  Avoid unused private fields such as '$findCache'.
/home/rubenlinde/memcap-work/lq-lanes/or-primitives/lib/Db/SchemaMapper.php:204                                              UnusedPrivateField  Avoid unused private fields such as '$perfCounts'.
/home/rubenlinde/memcap-work/lq-lanes/or-primitives/lib/Db/SchemaMapper.php:214                                              UnusedPrivateField  Avoid unused private fields such as '$perfTrace'.
/home/rubenlinde/memcap-work/lq-lanes/or-primitives/lib/Db/SchemaMapper.php:223                                              UnusedPrivateField  Avoid unused private fields such as '$userSession'.
/home/rubenlinde/memcap-work/lq-lanes/or-primitives/lib/Db/SchemaMapper.php:232                                              UnusedPrivateField  Avoid unused private fields such as '$groupManager'.
/home/rubenlinde/memcap-work/lq-lanes/or-primitives/lib/Db/Source.php:140                                                    UnusedPrivateField  Avoid unused private fields such as '$managedByConfig'.
/home/rubenlinde/memcap-work/lq-lanes/or-primitives/lib/Db/SourceMapper.php:90                                               UnusedPrivateField  Avoid unused private fields such as '$eventDispatcher'.
/home/rubenlinde/memcap-work/lq-lanes/or-primitives/lib/Db/View.php:122                                                      UnusedPrivateField  Avoid unused private fields such as '$managedByConfig'.
/home/rubenlinde/memcap-work/lq-lanes/or-primitives/lib/Db/View.php:129                                                      UnusedPrivateField  Avoid unused private fields such as '$access'.
/home/rubenlinde/memcap-work/lq-lanes/or-primitives/lib/Db/ViewMapper.php:100                                                UnusedPrivateField  Avoid unused private fields such as '$userSession'.
/home/rubenlinde/memcap-work/lq-lanes/or-primitives/lib/Db/ViewMapper.php:109                                                UnusedPrivateField  Avoid unused private fields such as '$groupManager'.
/home/rubenlinde/memcap-work/lq-lanes/or-primitives/lib/Db/ViewMapper.php:118                                                UnusedPrivateField  Avoid unused private fields such as '$eventDispatcher'.
/home/rubenlinde/memcap-work/lq-lanes/or-primitives/lib/Db/WebhookMapper.php:99                                              UnusedPrivateField  Avoid unused private fields such as '$userSession'.
/home/rubenlinde/memcap-work/lq-lanes/or-primitives/lib/Db/WebhookMapper.php:108                                             UnusedPrivateField  Avoid unused private fields such as '$groupManager'.
/home/rubenlinde/memcap-work/lq-lanes/or-primitives/lib/Db/WebhookMapper.php:118                                             UnusedPrivateField  Avoid unused private fields such as '$interceptionCache'.
/home/rubenlinde/memcap-work/lq-lanes/or-primitives/lib/Event/AgentCreatedEvent.php:39                                       UnusedPrivateField  Avoid unused private fields such as '$agent'.
/home/rubenlinde/memcap-work/lq-lanes/or-primitives/lib/Event/AgentDeletedEvent.php:39                                       UnusedPrivateField  Avoid unused private fields such as '$agent'.
/home/rubenlinde/memcap-work/lq-lanes/or-primitives/lib/Event/AgentRunRequestedEvent.php:54                                  UnusedPrivateField  Avoid unused private fields such as '$correlationId'.
/home/rubenlinde/memcap-work/lq-lanes/or-primitives/lib/Event/AgentUpdatedEvent.php:39                                       UnusedPrivateField  Avoid unused private fields such as '$newAgent'.
/home/rubenlinde/memcap-work/lq-lanes/or-primitives/lib/Event/AgentUpdatedEvent.php:46                                       UnusedPrivateField  Avoid unused private fields such as '$oldAgent'.
/home/rubenlinde/memcap-work/lq-lanes/or-primitives/lib/Event/ApplicationCreatedEvent.php:39                                 UnusedPrivateField  Avoid unused private fields such as '$application'.
/home/rubenlinde/memcap-work/lq-lanes/or-primitives/lib/Event/ApplicationDeletedEvent.php:39                                 UnusedPrivateField  Avoid unused private fields such as '$application'.
/home/rubenlinde/memcap-work/lq-lanes/or-primitives/lib/Event/ApplicationUpdatedEvent.php:39                                 UnusedPrivateField  Avoid unused private fields such as '$newApplication'.
/home/rubenlinde/memcap-work/lq-lanes/or-primitives/lib/Event/ApplicationUpdatedEvent.php:46                                 UnusedPrivateField  Avoid unused private fields such as '$oldApplication'.
/home/rubenlinde/memcap-work/lq-lanes/or-primitives/lib/Event/ConfigurationCreatedEvent.php:39                               UnusedPrivateField  Avoid unused private fields such as '$configuration'.
/home/rubenlinde/memcap-work/lq-lanes/or-primitives/lib/Event/ConfigurationDeletedEvent.php:39                               UnusedPrivateField  Avoid unused private fields such as '$configuration'.
/home/rubenlinde/memcap-work/lq-lanes/or-primitives/lib/Event/ConfigurationUpdatedEvent.php:41                               UnusedPrivateField  Avoid unused private fields such as '$newConfiguration'.
/home/rubenlinde/memcap-work/lq-lanes/or-primitives/lib/Event/ConfigurationUpdatedEvent.php:48                               UnusedPrivateField  Avoid unused private fields such as '$oldConfiguration'.
/home/rubenlinde/memcap-work/lq-lanes/or-primitives/lib/Event/ConversationCreatedEvent.php:39                                UnusedPrivateField  Avoid unused private fields such as '$conversation'.
/home/rubenlinde/memcap-work/lq-lanes/or-primitives/lib/Event/ConversationDeletedEvent.php:39                                UnusedPrivateField  Avoid unused private fields such as '$conversation'.
/home/rubenlinde/memcap-work/lq-lanes/or-primitives/lib/Event/ConversationUpdatedEvent.php:39                                UnusedPrivateField  Avoid unused private fields such as '$newConversation'.
/home/rubenlinde/memcap-work/lq-lanes/or-primitives/lib/Event/ConversationUpdatedEvent.php:46                                UnusedPrivateField  Avoid unused private fields such as '$oldConversation'.
/home/rubenlinde/memcap-work/lq-lanes/or-primitives/lib/Event/CustomScopeEvaluatingEvent.php:61                              UnusedPrivateField  Avoid unused private fields such as '$verdict'.
/home/rubenlinde/memcap-work/lq-lanes/or-primitives/lib/Event/IdentityClaimsCollectingEvent.php:53                           UnusedPrivateField  Avoid unused private fields such as '$claims'.
/home/rubenlinde/memcap-work/lq-lanes/or-primitives/lib/Event/ObjectCreatedEvent.php:39                                      UnusedPrivateField  Avoid unused private fields such as '$object'.
/home/rubenlinde/memcap-work/lq-lanes/or-primitives/lib/Event/ObjectCreatingEvent.php:42                                     UnusedPrivateField  Avoid unused private fields such as '$object'.
/home/rubenlinde/memcap-work/lq-lanes/or-primitives/lib/Event/ObjectCreatingEvent.php:49                                     UnusedPrivateField  Avoid unused private fields such as '$propagationStopped'.
/home/rubenlinde/memcap-work/lq-lanes/or-primitives/lib/Event/ObjectCreatingEvent.php:56                                     UnusedPrivateField  Avoid unused private fields such as '$errors'.
/home/rubenlinde/memcap-work/lq-lanes/or-primitives/lib/Event/ObjectCreatingEvent.php:63                                     UnusedPrivateField  Avoid unused private fields such as '$modifiedData'.
/home/rubenlinde/memcap-work/lq-lanes/or-primitives/lib/Event/ObjectDeletedEvent.php:39                                      UnusedPrivateField  Avoid unused private fields such as '$object'.
/home/rubenlinde/memcap-work/lq-lanes/or-primitives/lib/Event/ObjectDeletingEvent.php:42                                     UnusedPrivateField  Avoid unused private fields such as '$object'.
/home/rubenlinde/memcap-work/lq-lanes/or-primitives/lib/Event/ObjectDeletingEvent.php:49                                     UnusedPrivateField  Avoid unused private fields such as '$propagationStopped'.
/home/rubenlinde/memcap-work/lq-lanes/or-primitives/lib/Event/ObjectDeletingEvent.php:56                                     UnusedPrivateField  Avoid unused private fields such as '$errors'.
/home/rubenlinde/memcap-work/lq-lanes/or-primitives/lib/Event/ObjectDeletingEvent.php:63                                     UnusedPrivateField  Avoid unused private fields such as '$modifiedData'.
/home/rubenlinde/memcap-work/lq-lanes/or-primitives/lib/Event/ObjectEventSubscription.php:100                                UnusedPrivateField  Avoid unused private fields such as '$subscriptions'.
/home/rubenlinde/memcap-work/lq-lanes/or-primitives/lib/Event/ObjectEventSubscription.php:107                                UnusedPrivateField  Avoid unused private fields such as '$proxied'.
/home/rubenlinde/memcap-work/lq-lanes/or-primitives/lib/Event/ObjectEventSubscription.php:114                                UnusedPrivateField  Avoid unused private fields such as '$requestToken'.
/home/rubenlinde/memcap-work/lq-lanes/or-primitives/lib/Event/ObjectLockedEvent.php:39                                       UnusedPrivateField  Avoid unused private fields such as '$object'.
/home/rubenlinde/memcap-work/lq-lanes/or-primitives/lib/Event/ObjectRevertedEvent.php:40                                     UnusedPrivateField  Avoid unused private fields such as '$object'.
/home/rubenlinde/memcap-work/lq-lanes/or-primitives/lib/Event/ObjectRevertedEvent.php:47                                     UnusedPrivateField  Avoid unused private fields such as '$until'.
/home/rubenlinde/memcap-work/lq-lanes/or-primitives/lib/Event/ObjectTransitionedEvent.php:47                                 UnusedPrivateField  Avoid unused private fields such as '$object'.
/home/rubenlinde/memcap-work/lq-lanes/or-primitives/lib/Event/ObjectTransitionedEvent.php:54                                 UnusedPrivateField  Avoid unused private fields such as '$action'.
/home/rubenlinde/memcap-work/lq-lanes/or-primitives/lib/Event/ObjectTransitionedEvent.php:61                                 UnusedPrivateField  Avoid unused private fields such as '$from'.
/home/rubenlinde/memcap-work/lq-lanes/or-primitives/lib/Event/ObjectTransitionedEvent.php:68                                 UnusedPrivateField  Avoid unused private fields such as '$to'.
/home/rubenlinde/memcap-work/lq-lanes/or-primitives/lib/Event/ObjectTransitionedEvent.php:75                                 UnusedPrivateField  Avoid unused private fields such as '$userId'.
/home/rubenlinde/memcap-work/lq-lanes/or-primitives/lib/Event/ObjectTransitionedEvent.php:82                                 UnusedPrivateField  Avoid unused private fields such as '$register'.
/home/rubenlinde/memcap-work/lq-lanes/or-primitives/lib/Event/ObjectTransitionedEvent.php:89                                 UnusedPrivateField  Avoid unused private fields such as '$schema'.
/home/rubenlinde/memcap-work/lq-lanes/or-primitives/lib/Event/ObjectTransitionedEvent.php:96                                 UnusedPrivateField  Avoid unused private fields such as '$automatic'.
/home/rubenlinde/memcap-work/lq-lanes/or-primitives/lib/Event/ObjectUnlockedEvent.php:39                                     UnusedPrivateField  Avoid unused private fields such as '$object'.
/home/rubenlinde/memcap-work/lq-lanes/or-primitives/lib/Event/ObjectUpdatedEvent.php:39                                      UnusedPrivateField  Avoid unused private fields such as '$newObject'.
/home/rubenlinde/memcap-work/lq-lanes/or-primitives/lib/Event/ObjectUpdatedEvent.php:46                                      UnusedPrivateField  Avoid unused private fields such as '$oldObject'.
/home/rubenlinde/memcap-work/lq-lanes/or-primitives/lib/Event/ObjectUpdatingEvent.php:42                                     UnusedPrivateField  Avoid unused private fields such as '$newObject'.
/home/rubenlinde/memcap-work/lq-lanes/or-primitives/lib/Event/ObjectUpdatingEvent.php:49                                     UnusedPrivateField  Avoid unused private fields such as '$oldObject'.
/home/rubenlinde/memcap-work/lq-lanes/or-primitives/lib/Event/ObjectUpdatingEvent.php:56                                     UnusedPrivateField  Avoid unused private fields such as '$propagationStopped'.
/home/rubenlinde/memcap-work/lq-lanes/or-primitives/lib/Event/ObjectUpdatingEvent.php:63                                     UnusedPrivateField  Avoid unused private fields such as '$errors'.
/home/rubenlinde/memcap-work/lq-lanes/or-primitives/lib/Event/ObjectUpdatingEvent.php:70                                     UnusedPrivateField  Avoid unused private fields such as '$modifiedData'.
/home/rubenlinde/memcap-work/lq-lanes/or-primitives/lib/Event/OrganisationCreatedEvent.php:47                                UnusedPrivateField  Avoid unused private fields such as '$organisation'.
/home/rubenlinde/memcap-work/lq-lanes/or-primitives/lib/Event/OrganisationDeletedEvent.php:39                                UnusedPrivateField  Avoid unused private fields such as '$organisation'.
/home/rubenlinde/memcap-work/lq-lanes/or-primitives/lib/Event/OrganisationUpdatedEvent.php:39                                UnusedPrivateField  Avoid unused private fields such as '$newOrganisation'.
/home/rubenlinde/memcap-work/lq-lanes/or-primitives/lib/Event/OrganisationUpdatedEvent.php:46                                UnusedPrivateField  Avoid unused private fields such as '$oldOrganisation'.
/home/rubenlinde/memcap-work/lq-lanes/or-primitives/lib/Event/RegisterCreatedEvent.php:39                                    UnusedPrivateField  Avoid unused private fields such as '$register'.
/home/rubenlinde/memcap-work/lq-lanes/or-primitives/lib/Event/RegisterDeletedEvent.php:39                                    UnusedPrivateField  Avoid unused private fields such as '$register'.
/home/rubenlinde/memcap-work/lq-lanes/or-primitives/lib/Event/RegisterLeafProvidersEvent.php:70                              UnusedPrivateField  Avoid unused private fields such as '$leaves'.
/home/rubenlinde/memcap-work/lq-lanes/or-primitives/lib/Event/RegisterUpdatedEvent.php:39                                    UnusedPrivateField  Avoid unused private fields such as '$newRegister'.
/home/rubenlinde/memcap-work/lq-lanes/or-primitives/lib/Event/RegisterUpdatedEvent.php:46                                    UnusedPrivateField  Avoid unused private fields such as '$oldRegister'.
/home/rubenlinde/memcap-work/lq-lanes/or-primitives/lib/Event/SchemaCreatedEvent.php:39                                      UnusedPrivateField  Avoid unused private fields such as '$schema'.
/home/rubenlinde/memcap-work/lq-lanes/or-primitives/lib/Event/SchemaDeletedEvent.php:39                                      UnusedPrivateField  Avoid unused private fields such as '$schema'.
/home/rubenlinde/memcap-work/lq-lanes/or-primitives/lib/Event/SchemaUpdatedEvent.php:39                                      UnusedPrivateField  Avoid unused private fields such as '$newSchema'.
/home/rubenlinde/memcap-work/lq-lanes/or-primitives/lib/Event/SchemaUpdatedEvent.php:46                                      UnusedPrivateField  Avoid unused private fields such as '$oldSchema'.
/home/rubenlinde/memcap-work/lq-lanes/or-primitives/lib/Event/SourceCreatedEvent.php:39                                      UnusedPrivateField  Avoid unused private fields such as '$source'.
/home/rubenlinde/memcap-work/lq-lanes/or-primitives/lib/Event/SourceDeletedEvent.php:39                                      UnusedPrivateField  Avoid unused private fields such as '$source'.
/home/rubenlinde/memcap-work/lq-lanes/or-primitives/lib/Event/SourceUpdatedEvent.php:39                                      UnusedPrivateField  Avoid unused private fields such as '$newSource'.
/home/rubenlinde/memcap-work/lq-lanes/or-primitives/lib/Event/SourceUpdatedEvent.php:46                                      UnusedPrivateField  Avoid unused private fields such as '$oldSource'.
/home/rubenlinde/memcap-work/lq-lanes/or-primitives/lib/Event/ToolRegistrationEvent.php:71                                   UnusedPrivateField  Avoid unused private fields such as '$registry'.
/home/rubenlinde/memcap-work/lq-lanes/or-primitives/lib/Event/ViewCreatedEvent.php:39                                        UnusedPrivateField  Avoid unused private fields such as '$view'.
/home/rubenlinde/memcap-work/lq-lanes/or-primitives/lib/Event/ViewDeletedEvent.php:39                                        UnusedPrivateField  Avoid unused private fields such as '$view'.
/home/rubenlinde/memcap-work/lq-lanes/or-primitives/lib/Event/ViewUpdatedEvent.php:39                                        UnusedPrivateField  Avoid unused private fields such as '$newView'.
/home/rubenlinde/memcap-work/lq-lanes/or-primitives/lib/Event/ViewUpdatedEvent.php:46                                        UnusedPrivateField  Avoid unused private fields such as '$oldView'.
/home/rubenlinde/memcap-work/lq-lanes/or-primitives/lib/Exception/AppendOnlyException.php:58                                 UnusedPrivateField  Avoid unused private fields such as '$schemaIdentifier'.
/home/rubenlinde/memcap-work/lq-lanes/or-primitives/lib/Exception/AppendOnlyException.php:65                                 UnusedPrivateField  Avoid unused private fields such as '$operation'.
/home/rubenlinde/memcap-work/lq-lanes/or-primitives/lib/Exception/ArchivalImmutableException.php:65                          UnusedPrivateField  Avoid unused private fields such as '$schemaIdentifier'.
/home/rubenlinde/memcap-work/lq-lanes/or-primitives/lib/Exception/ArchivalImmutableException.php:72                          UnusedPrivateField  Avoid unused private fields such as '$operation'.
/home/rubenlinde/memcap-work/lq-lanes/or-primitives/lib/Exception/AuthenticationException.php:35                             UnusedPrivateField  Avoid unused private fields such as '$details'.
/home/rubenlinde/memcap-work/lq-lanes/or-primitives/lib/Exception/BreakingSchemaChangeException.php:43                       UnusedPrivateField  Avoid unused private fields such as '$changes'.
/home/rubenlinde/memcap-work/lq-lanes/or-primitives/lib/Exception/BreakingSchemaChangeException.php:50                       UnusedPrivateField  Avoid unused private fields such as '$invalidCount'.
/home/rubenlinde/memcap-work/lq-lanes/or-primitives/lib/Exception/ConsistencyCheckWouldWriteException.php:49                 UnusedPrivateField  Avoid unused private fields such as '$probe'.
/home/rubenlinde/memcap-work/lq-lanes/or-primitives/lib/Exception/CustomValidationException.php:56                           UnusedPrivateField  Avoid unused private fields such as '$errors'.
/home/rubenlinde/memcap-work/lq-lanes/or-primitives/lib/Exception/DatabaseConstraintException.php:56                         UnusedPrivateField  Avoid unused private fields such as '$httpStatusCode'.
/home/rubenlinde/memcap-work/lq-lanes/or-primitives/lib/Exception/DuplicateBlockedException.php:62                           UnusedPrivateField  Avoid unused private fields such as '$matches'.
/home/rubenlinde/memcap-work/lq-lanes/or-primitives/lib/Exception/ExportTooLargeException.php:65                             UnusedPrivateField  Avoid unused private fields such as '$rowCount'.
/home/rubenlinde/memcap-work/lq-lanes/or-primitives/lib/Exception/ExportTooLargeException.php:72                             UnusedPrivateField  Avoid unused private fields such as '$maxRows'.
/home/rubenlinde/memcap-work/lq-lanes/or-primitives/lib/Exception/FolderAccessDeniedException.php:84                         UnusedPrivateField  Avoid unused private fields such as '$attemptedFolderId'.
/home/rubenlinde/memcap-work/lq-lanes/or-primitives/lib/Exception/HandoffException.php:62                                    UnusedPrivateField  Avoid unused private fields such as '$errorCode'.
/home/rubenlinde/memcap-work/lq-lanes/or-primitives/lib/Exception/HookStoppedException.php:40                                UnusedPrivateField  Avoid unused private fields such as '$errors'.
/home/rubenlinde/memcap-work/lq-lanes/or-primitives/lib/Exception/InvalidTransitionInputException.php:44                     UnusedPrivateField  Avoid unused private fields such as '$fields'.
/home/rubenlinde/memcap-work/lq-lanes/or-primitives/lib/Exception/JobRunRefusedException.php:47                              UnusedPrivateField  Avoid unused private fields such as '$reason'.
/home/rubenlinde/memcap-work/lq-lanes/or-primitives/lib/Exception/JobRunRefusedException.php:54                              UnusedPrivateField  Avoid unused private fields such as '$details'.
/home/rubenlinde/memcap-work/lq-lanes/or-primitives/lib/Exception/LockedException.php:67                                     UnusedPrivateField  Avoid unused private fields such as '$lockedBy'.
/home/rubenlinde/memcap-work/lq-lanes/or-primitives/lib/Exception/LockedException.php:74                                     UnusedPrivateField  Avoid unused private fields such as '$lockedByRun'.
/home/rubenlinde/memcap-work/lq-lanes/or-primitives/lib/Exception/LockedException.php:81                                     UnusedPrivateField  Avoid unused private fields such as '$holder'.
/home/rubenlinde/memcap-work/lq-lanes/or-primitives/lib/Exception/MergeDecisionException.php:61                              UnusedPrivateField  Avoid unused private fields such as '$properties'.
/home/rubenlinde/memcap-work/lq-lanes/or-primitives/lib/Exception/MergeNotFullyReadableException.php:66                      UnusedPrivateField  Avoid unused private fields such as '$properties'.
/home/rubenlinde/memcap-work/lq-lanes/or-primitives/lib/Exception/ObjectExistsException.php:76                               UnusedPrivateField  Avoid unused private fields such as '$uuid'.
/home/rubenlinde/memcap-work/lq-lanes/or-primitives/lib/Exception/ObjectStateWriteException.php:80                           UnusedPrivateField  Avoid unused private fields such as '$state'.
/home/rubenlinde/memcap-work/lq-lanes/or-primitives/lib/Exception/ObjectStateWriteException.php:87                           UnusedPrivateField  Avoid unused private fields such as '$actor'.
/home/rubenlinde/memcap-work/lq-lanes/or-primitives/lib/Exception/ObjectStateWriteException.php:94                           UnusedPrivateField  Avoid unused private fields such as '$occurredAt'.
/home/rubenlinde/memcap-work/lq-lanes/or-primitives/lib/Exception/PdfAnonymisationException.php:117                          UnusedPrivateField  Avoid unused private fields such as '$reason'.
/home/rubenlinde/memcap-work/lq-lanes/or-primitives/lib/Exception/PdfAnonymisationException.php:126                          UnusedPrivateField  Avoid unused private fields such as '$diagnostic'.
/home/rubenlinde/memcap-work/lq-lanes/or-primitives/lib/Exception/ProviderUnavailableException.php:50                        UnusedPrivateField  Avoid unused private fields such as '$cause'.
/home/rubenlinde/memcap-work/lq-lanes/or-primitives/lib/Exception/ReferentialIntegrityException.php:44                       UnusedPrivateField  Avoid unused private fields such as '$analysis'.
/home/rubenlinde/memcap-work/lq-lanes/or-primitives/lib/Exception/RepairRefusedException.php:47                              UnusedPrivateField  Avoid unused private fields such as '$reason'.
/home/rubenlinde/memcap-work/lq-lanes/or-primitives/lib/Exception/SchemaNotInRegisterException.php:63                        UnusedPrivateField  Avoid unused private fields such as '$registerId'.
/home/rubenlinde/memcap-work/lq-lanes/or-primitives/lib/Exception/SchemaNotInRegisterException.php:70                        UnusedPrivateField  Avoid unused private fields such as '$registerSlug'.
/home/rubenlinde/memcap-work/lq-lanes/or-primitives/lib/Exception/SchemaNotInRegisterException.php:77                        UnusedPrivateField  Avoid unused private fields such as '$schemaSlug'.
/home/rubenlinde/memcap-work/lq-lanes/or-primitives/lib/Exception/SchemaNotInRegisterException.php:84                        UnusedPrivateField  Avoid unused private fields such as '$candidatesElsewhere'.
/home/rubenlinde/memcap-work/lq-lanes/or-primitives/lib/Exception/SchemaNotInRegisterException.php:91                        UnusedPrivateField  Avoid unused private fields such as '$registerSchemaCount'.
/home/rubenlinde/memcap-work/lq-lanes/or-primitives/lib/Exception/SharedMasterDataWriteException.php:66                      UnusedPrivateField  Avoid unused private fields such as '$holderUuid'.
/home/rubenlinde/memcap-work/lq-lanes/or-primitives/lib/Exception/SharedMasterDataWriteException.php:73                      UnusedPrivateField  Avoid unused private fields such as '$holderName'.
/home/rubenlinde/memcap-work/lq-lanes/or-primitives/lib/Exception/SharedMasterDataWriteException.php:80                      UnusedPrivateField  Avoid unused private fields such as '$resourceType'.
/home/rubenlinde/memcap-work/lq-lanes/or-primitives/lib/Exception/TranslationTargetConflictException.php:63                  UnusedPrivateField  Avoid unused private fields such as '$property'.
/home/rubenlinde/memcap-work/lq-lanes/or-primitives/lib/Exception/TranslationTargetConflictException.php:70                  UnusedPrivateField  Avoid unused private fields such as '$targetLanguage'.
/home/rubenlinde/memcap-work/lq-lanes/or-primitives/lib/Exception/UniqueHintException.php:63                                 UnusedPrivateField  Avoid unused private fields such as '$errors'.
/home/rubenlinde/memcap-work/lq-lanes/or-primitives/lib/Exception/ValidationException.php:56                                 UnusedPrivateField  Avoid unused private fields such as '$errors'.
/home/rubenlinde/memcap-work/lq-lanes/or-primitives/lib/Lifecycle/GuardResult.php:38                                         UnusedPrivateField  Avoid unused private fields such as '$allowed'.
/home/rubenlinde/memcap-work/lq-lanes/or-primitives/lib/Lifecycle/GuardResult.php:45                                         UnusedPrivateField  Avoid unused private fields such as '$message'.
/home/rubenlinde/memcap-work/lq-lanes/or-primitives/lib/Listener/CommentsEntityListener.php:52                               UnusedPrivateField  Avoid unused private fields such as '$objectEntityMapper'.
/home/rubenlinde/memcap-work/lq-lanes/or-primitives/lib/Listener/CommentsEntityListener.php:59                               UnusedPrivateField  Avoid unused private fields such as '$logger'.
/home/rubenlinde/memcap-work/lq-lanes/or-primitives/lib/Listener/ContextChatSubmissionListener.php:85                        UnusedPrivateField  Avoid unused private fields such as '$seenUserIdsCache'.
/home/rubenlinde/memcap-work/lq-lanes/or-primitives/lib/Listener/FileChangeListener.php:58                                   UnusedPrivateField  Avoid unused private fields such as '$cachedExtractScope'.
/home/rubenlinde/memcap-work/lq-lanes/or-primitives/lib/Listener/FileChangeListener.php:65                                   UnusedPrivateField  Avoid unused private fields such as '$cachedExtractionMode'.
/home/rubenlinde/memcap-work/lq-lanes/or-primitives/lib/Listener/NotifyPushListener.php:93                                   UnusedPrivateField  Avoid unused private fields such as '$batchMode'.
/home/rubenlinde/memcap-work/lq-lanes/or-primitives/lib/Listener/NotifyPushListener.php:102                                  UnusedPrivateField  Avoid unused private fields such as '$batchedCollections'.
/home/rubenlinde/memcap-work/lq-lanes/or-primitives/lib/Listener/NotifyPushListener.php:112                                  UnusedPrivateField  Avoid unused private fields such as '$seen'.
/home/rubenlinde/memcap-work/lq-lanes/or-primitives/lib/Listener/NotifyPushListener.php:121                                  UnusedPrivateField  Avoid unused private fields such as '$queueUnavailable'.
/home/rubenlinde/memcap-work/lq-lanes/or-primitives/lib/Listener/ObjectEventProxyListener.php:94                             UnusedPrivateField  Avoid unused private fields such as '$resolved'.
/home/rubenlinde/memcap-work/lq-lanes/or-primitives/lib/Listener/ObjectEventProxyListener.php:101                            UnusedPrivateField  Avoid unused private fields such as '$registerIds'.
/home/rubenlinde/memcap-work/lq-lanes/or-primitives/lib/Listener/ObjectEventProxyListener.php:108                            UnusedPrivateField  Avoid unused private fields such as '$schemaIds'.
/home/rubenlinde/memcap-work/lq-lanes/or-primitives/lib/Listener/ObjectEventProxyListener.php:115                            UnusedPrivateField  Avoid unused private fields such as '$filterOn'.
/home/rubenlinde/memcap-work/lq-lanes/or-primitives/lib/Listener/ObjectEventProxyListener.php:122                            UnusedPrivateField  Avoid unused private fields such as '$traceOn'.
/home/rubenlinde/memcap-work/lq-lanes/or-primitives/lib/Listener/ObjectEventProxyListener.php:129                            UnusedPrivateField  Avoid unused private fields such as '$traceArmed'.
/home/rubenlinde/memcap-work/lq-lanes/or-primitives/lib/Listener/ObjectEventProxyListener.php:137                            UnusedPrivateField  Avoid unused private fields such as '$trace'.
/home/rubenlinde/memcap-work/lq-lanes/or-primitives/lib/Listener/SourceRecordChangeListener.php:121                          UnusedPrivateField  Avoid unused private fields such as '$reverseIndex'.
/home/rubenlinde/memcap-work/lq-lanes/or-primitives/lib/Listener/SourceRecordChangeListener.php:128                          UnusedPrivateField  Avoid unused private fields such as '$indexCache'.
/home/rubenlinde/memcap-work/lq-lanes/or-primitives/lib/Listener/ToolRegistrationListener.php:54                             UnusedPrivateField  Avoid unused private fields such as '$registerTool'.
/home/rubenlinde/memcap-work/lq-lanes/or-primitives/lib/Listener/ToolRegistrationListener.php:61                             UnusedPrivateField  Avoid unused private fields such as '$schemaTool'.
/home/rubenlinde/memcap-work/lq-lanes/or-primitives/lib/Listener/ToolRegistrationListener.php:68                             UnusedPrivateField  Avoid unused private fields such as '$objectsTool'.
/home/rubenlinde/memcap-work/lq-lanes/or-primitives/lib/Listener/ToolRegistrationListener.php:75                             UnusedPrivateField  Avoid unused private fields such as '$applicationTool'.
/home/rubenlinde/memcap-work/lq-lanes/or-primitives/lib/Listener/ToolRegistrationListener.php:82                             UnusedPrivateField  Avoid unused private fields such as '$agentTool'.
/home/rubenlinde/memcap-work/lq-lanes/or-primitives/lib/Listener/WebhookEventListener.php:85                                 UnusedPrivateField  Avoid unused private fields such as '$webhookService'.
/home/rubenlinde/memcap-work/lq-lanes/or-primitives/lib/Listener/WebhookEventListener.php:92                                 UnusedPrivateField  Avoid unused private fields such as '$logger'.
/home/rubenlinde/memcap-work/lq-lanes/or-primitives/lib/Mcp/RegisterMcpToolProvidersEvent.php:59                             UnusedPrivateField  Avoid unused private fields such as '$providers'.
/home/rubenlinde/memcap-work/lq-lanes/or-primitives/lib/Middleware/ApiCallerMiddleware.php:84                                UnusedPrivateField  Avoid unused private fields such as '$servedVersion'.
/home/rubenlinde/memcap-work/lq-lanes/or-primitives/lib/Middleware/Exception/ApiVersionRefusedException.php:54               UnusedPrivateField  Avoid unused private fields such as '$statusCode'.
/home/rubenlinde/memcap-work/lq-lanes/or-primitives/lib/Middleware/Exception/ApiVersionRefusedException.php:61               UnusedPrivateField  Avoid unused private fields such as '$requestedId'.
/home/rubenlinde/memcap-work/lq-lanes/or-primitives/lib/Middleware/Exception/ApiVersionRefusedException.php:68               UnusedPrivateField  Avoid unused private fields such as '$successor'.
/home/rubenlinde/memcap-work/lq-lanes/or-primitives/lib/Middleware/Exception/ApiVersionRefusedException.php:75               UnusedPrivateField  Avoid unused private fields such as '$acceptable'.
/home/rubenlinde/memcap-work/lq-lanes/or-primitives/lib/Middleware/Exception/CallerRefusedException.php:52                   UnusedPrivateField  Avoid unused private fields such as '$statusCode'.
/home/rubenlinde/memcap-work/lq-lanes/or-primitives/lib/Middleware/Exception/CallerRefusedException.php:59                   UnusedPrivateField  Avoid unused private fields such as '$details'.
/home/rubenlinde/memcap-work/lq-lanes/or-primitives/lib/Middleware/Exception/ChatProxiedResponseException.php:60             UnusedPrivateField  Avoid unused private fields such as '$response'.
/home/rubenlinde/memcap-work/lq-lanes/or-primitives/lib/Migration/Version1Date20250102000000.php:43                          UnusedPrivateField  Avoid unused private fields such as '$connection'.
/home/rubenlinde/memcap-work/lq-lanes/or-primitives/lib/Migration/Version1Date20250102000001.php:43                          UnusedPrivateField  Avoid unused private fields such as '$connection'.
/home/rubenlinde/memcap-work/lq-lanes/or-primitives/lib/Migration/Version1Date20250123120000.php:40                          UnusedPrivateField  Avoid unused private fields such as '$connection'.
/home/rubenlinde/memcap-work/lq-lanes/or-primitives/lib/Migration/Version1Date20250723110323.php:40                          UnusedPrivateField  Avoid unused private fields such as '$connection'.
/home/rubenlinde/memcap-work/lq-lanes/or-primitives/lib/Migration/Version1Date20250801000000.php:42                          UnusedPrivateField  Avoid unused private fields such as '$connection'.
/home/rubenlinde/memcap-work/lq-lanes/or-primitives/lib/Migration/Version1Date20250829120000.php:44                          UnusedPrivateField  Avoid unused private fields such as '$connection'.
/home/rubenlinde/memcap-work/lq-lanes/or-primitives/lib/Migration/Version1Date20251114130000.php:49                          UnusedPrivateField  Avoid unused private fields such as '$connection'.
/home/rubenlinde/memcap-work/lq-lanes/or-primitives/lib/Migration/Version1Date20251222000000.php:56                          UnusedPrivateField  Avoid unused private fields such as '$connection'.
/home/rubenlinde/memcap-work/lq-lanes/or-primitives/lib/Migration/Version1Date20260521120000.php:61                          UnusedPrivateField  Avoid unused private fields such as '$connection'.
/home/rubenlinde/memcap-work/lq-lanes/or-primitives/lib/Migration/Version1Date20260803000200.php:87                          UnusedPrivateField  Avoid unused private fields such as '$db'.
/home/rubenlinde/memcap-work/lq-lanes/or-primitives/lib/Migration/Version1Date20260803000200.php:94                          UnusedPrivateField  Avoid unused private fields such as '$config'.
/home/rubenlinde/memcap-work/lq-lanes/or-primitives/lib/Migration/Version1Date20260804000000.php:68                          UnusedPrivateField  Avoid unused private fields such as '$db'.
/home/rubenlinde/memcap-work/lq-lanes/or-primitives/lib/Reference/ObjectReferenceProvider.php:60                             UnusedPrivateField  Avoid unused private fields such as '$urlGenerator'.
/home/rubenlinde/memcap-work/lq-lanes/or-primitives/lib/Reference/ObjectReferenceProvider.php:67                             UnusedPrivateField  Avoid unused private fields such as '$l10n'.
/home/rubenlinde/memcap-work/lq-lanes/or-primitives/lib/Reference/ObjectReferenceProvider.php:74                             UnusedPrivateField  Avoid unused private fields such as '$formatter'.
/home/rubenlinde/memcap-work/lq-lanes/or-primitives/lib/Reference/ObjectReferenceProvider.php:81                             UnusedPrivateField  Avoid unused private fields such as '$userId'.
/home/rubenlinde/memcap-work/lq-lanes/or-primitives/lib/Search/ObjectsProvider.php:117                                       UnusedPrivateField  Avoid unused private fields such as '$nonSearchableIds'.
/home/rubenlinde/memcap-work/lq-lanes/or-primitives/lib/Search/ObjectsProvider.php:124                                       UnusedPrivateField  Avoid unused private fields such as '$l10n'.
/home/rubenlinde/memcap-work/lq-lanes/or-primitives/lib/Search/ObjectsProvider.php:131                                       UnusedPrivateField  Avoid unused private fields such as '$objectService'.
/home/rubenlinde/memcap-work/lq-lanes/or-primitives/lib/Search/ObjectsProvider.php:138                                       UnusedPrivateField  Avoid unused private fields such as '$logger'.
/home/rubenlinde/memcap-work/lq-lanes/or-primitives/lib/Search/ObjectsProvider.php:145                                       UnusedPrivateField  Avoid unused private fields such as '$schemaMapper'.
/home/rubenlinde/memcap-work/lq-lanes/or-primitives/lib/Search/ObjectsProvider.php:153                                       UnusedPrivateField  Avoid unused private fields such as '$resultFormatter'.
/home/rubenlinde/memcap-work/lq-lanes/or-primitives/lib/Search/ObjectsProvider.php:160                                       UnusedPrivateField  Avoid unused private fields such as '$registerMapper'.
/home/rubenlinde/memcap-work/lq-lanes/or-primitives/lib/Sections/OpenRegisterAdmin.php:42                                    UnusedPrivateField  Avoid unused private fields such as '$l'.
/home/rubenlinde/memcap-work/lq-lanes/or-primitives/lib/Sections/OpenRegisterAdmin.php:49                                    UnusedPrivateField  Avoid unused private fields such as '$urlGenerator'.
/home/rubenlinde/memcap-work/lq-lanes/or-primitives/lib/Service/Aggregation/AggregationAnnotationValidator.php:74            UnusedPrivateField  Avoid unused private fields such as '$joinValidator'.
/home/rubenlinde/memcap-work/lq-lanes/or-primitives/lib/Service/Aggregation/AggregationAnnotationValidator.php:85            UnusedPrivateField  Avoid unused private fields such as '$metricsValidator'.
/home/rubenlinde/memcap-work/lq-lanes/or-primitives/lib/Service/Aggregation/AggregationCache.php:64                          UnusedPrivateField  Avoid unused private fields such as '$cache'.
/home/rubenlinde/memcap-work/lq-lanes/or-primitives/lib/Service/Aggregation/AggregationRunner.php:121                        UnusedPrivateField  Avoid unused private fields such as '$scopedResolver'.
/home/rubenlinde/memcap-work/lq-lanes/or-primitives/lib/Service/Aggregation/AggregationRunner.php:133                        UnusedPrivateField  Avoid unused private fields such as '$expressions'.
/home/rubenlinde/memcap-work/lq-lanes/or-primitives/lib/Service/Aggregation/MetricExpressionEvaluator.php:79                 UnusedPrivateField  Avoid unused private fields such as '$tokens'.
/home/rubenlinde/memcap-work/lq-lanes/or-primitives/lib/Service/Aggregation/MetricExpressionEvaluator.php:86                 UnusedPrivateField  Avoid unused private fields such as '$pos'.
/home/rubenlinde/memcap-work/lq-lanes/or-primitives/lib/Service/Aggregation/MetricExpressionEvaluator.php:93                 UnusedPrivateField  Avoid unused private fields such as '$count'.
/home/rubenlinde/memcap-work/lq-lanes/or-primitives/lib/Service/Aggregation/MetricExpressionEvaluator.php:100                UnusedPrivateField  Avoid unused private fields such as '$scope'.
/home/rubenlinde/memcap-work/lq-lanes/or-primitives/lib/Service/Aggregation/MetricExpressionEvaluator.php:109                UnusedPrivateField  Avoid unused private fields such as '$lexer'.
/home/rubenlinde/memcap-work/lq-lanes/or-primitives/lib/Service/Aggregation/ThresholdEvaluationService.php:61                UnusedPrivateField  Avoid unused private fields such as '$stateCache'.
/home/rubenlinde/memcap-work/lq-lanes/or-primitives/lib/Service/Anonymisation/AnonymisationBackendService.php:88             UnusedPrivateField  Avoid unused private fields such as '$cache'.
/home/rubenlinde/memcap-work/lq-lanes/or-primitives/lib/Service/AnonymousEvaluationContext.php:75                            UnusedPrivateField  Avoid unused private fields such as '$depth'.
/home/rubenlinde/memcap-work/lq-lanes/or-primitives/lib/Service/ApiCaller/CallerRateLimiter.php:79                           UnusedPrivateField  Avoid unused private fields such as '$cache'.
/home/rubenlinde/memcap-work/lq-lanes/or-primitives/lib/Service/ApiVersion/ApiVersionCatalogue.php:121                       UnusedPrivateField  Avoid unused private fields such as '$resolved'.
/home/rubenlinde/memcap-work/lq-lanes/or-primitives/lib/Service/ApiVersion/ApiVersionCatalogue.php:128                       UnusedPrivateField  Avoid unused private fields such as '$rejected'.
/home/rubenlinde/memcap-work/lq-lanes/or-primitives/lib/Service/ApplicationService.php:56                                    UnusedPrivateField  Avoid unused private fields such as '$applicationMapper'.
/home/rubenlinde/memcap-work/lq-lanes/or-primitives/lib/Service/ApplicationService.php:65                                    UnusedPrivateField  Avoid unused private fields such as '$logger'.
/home/rubenlinde/memcap-work/lq-lanes/or-primitives/lib/Service/Archival/ArchivalRetentionGuard.php:159                      UnusedPrivateField  Avoid unused private fields such as '$schemaMemo'.
/home/rubenlinde/memcap-work/lq-lanes/or-primitives/lib/Service/Archival/DestructionService.php:98                           UnusedPrivateField  Avoid unused private fields such as '$objectMapper'.
/home/rubenlinde/memcap-work/lq-lanes/or-primitives/lib/Service/Archival/DestructionService.php:105                          UnusedPrivateField  Avoid unused private fields such as '$appConfig'.
/home/rubenlinde/memcap-work/lq-lanes/or-primitives/lib/Service/Archival/DestructionService.php:112                          UnusedPrivateField  Avoid unused private fields such as '$jobList'.
/home/rubenlinde/memcap-work/lq-lanes/or-primitives/lib/Service/Archival/DestructionService.php:119                          UnusedPrivateField  Avoid unused private fields such as '$userSession'.
/home/rubenlinde/memcap-work/lq-lanes/or-primitives/lib/Service/Archival/DestructionService.php:126                          UnusedPrivateField  Avoid unused private fields such as '$logger'.
/home/rubenlinde/memcap-work/lq-lanes/or-primitives/lib/Service/Archival/LegalHoldService.php:55                             UnusedPrivateField  Avoid unused private fields such as '$objectMapper'.
/home/rubenlinde/memcap-work/lq-lanes/or-primitives/lib/Service/Archival/LegalHoldService.php:62                             UnusedPrivateField  Avoid unused private fields such as '$auditTrailMapper'.
/home/rubenlinde/memcap-work/lq-lanes/or-primitives/lib/Service/Archival/LegalHoldService.php:69                             UnusedPrivateField  Avoid unused private fields such as '$userSession'.
/home/rubenlinde/memcap-work/lq-lanes/or-primitives/lib/Service/Archival/LegalHoldService.php:76                             UnusedPrivateField  Avoid unused private fields such as '$jobList'.
/home/rubenlinde/memcap-work/lq-lanes/or-primitives/lib/Service/Archival/LegalHoldService.php:83                             UnusedPrivateField  Avoid unused private fields such as '$logger'.
/home/rubenlinde/memcap-work/lq-lanes/or-primitives/lib/Service/Archival/MdtoElementCatalogue.php:78                         UnusedPrivateField  Avoid unused private fields such as '$catalogue'.
/home/rubenlinde/memcap-work/lq-lanes/or-primitives/lib/Service/Archival/ObjectArchivalAnnotation.php:66                     UnusedPrivateField  Avoid unused private fields such as '$memoUuid'.
/home/rubenlinde/memcap-work/lq-lanes/or-primitives/lib/Service/Archival/ObjectArchivalAnnotation.php:73                     UnusedPrivateField  Avoid unused private fields such as '$memo'.
/home/rubenlinde/memcap-work/lq-lanes/or-primitives/lib/Service/Archival/RetentionEvaluator.php:62                           UnusedPrivateField  Avoid unused private fields such as '$conditionEvaluator'.
/home/rubenlinde/memcap-work/lq-lanes/or-primitives/lib/Service/Archival/RetentionEvaluator.php:69                           UnusedPrivateField  Avoid unused private fields such as '$logger'.
/home/rubenlinde/memcap-work/lq-lanes/or-primitives/lib/Service/Audit/AuditSink.php:143                                      UnusedPrivateField  Avoid unused private fields such as '$recordingFailure'.
/home/rubenlinde/memcap-work/lq-lanes/or-primitives/lib/Service/Audit/AuditSink.php:155                                      UnusedPrivateField  Avoid unused private fields such as '$failureRecorder'.
/home/rubenlinde/memcap-work/lq-lanes/or-primitives/lib/Service/Audit/PurposeContext.php:68                                  UnusedPrivateField  Avoid unused private fields such as '$declared'.
/home/rubenlinde/memcap-work/lq-lanes/or-primitives/lib/Service/Audit/PurposeContext.php:75                                  UnusedPrivateField  Avoid unused private fields such as '$accepted'.
/home/rubenlinde/memcap-work/lq-lanes/or-primitives/lib/Service/Audit/PurposeContext.php:87                                  UnusedPrivateField  Avoid unused private fields such as '$activity'.
/home/rubenlinde/memcap-work/lq-lanes/or-primitives/lib/Service/Audit/ReadableAuditTrailLister.php:101                       UnusedPrivateField  Avoid unused private fields such as '$schemaCache'.
/home/rubenlinde/memcap-work/lq-lanes/or-primitives/lib/Service/Audit/TokenContext.php:51                                    UnusedPrivateField  Avoid unused private fields such as '$claimed'.
/home/rubenlinde/memcap-work/lq-lanes/or-primitives/lib/Service/Audit/TokenContext.php:58                                    UnusedPrivateField  Avoid unused private fields such as '$resolved'.
/home/rubenlinde/memcap-work/lq-lanes/or-primitives/lib/Service/Audit/TokenContext.php:67                                    UnusedPrivateField  Avoid unused private fields such as '$hasResolved'.
/home/rubenlinde/memcap-work/lq-lanes/or-primitives/lib/Service/AuditHashService.php:183                                     UnusedPrivateField  Avoid unused private fields such as '$holdsSealLock'.
/home/rubenlinde/memcap-work/lq-lanes/or-primitives/lib/Service/AuditRetentionResolver.php:130                               UnusedPrivateField  Avoid unused private fields such as '$container'.
/home/rubenlinde/memcap-work/lq-lanes/or-primitives/lib/Service/AuditRetentionResolver.php:137                               UnusedPrivateField  Avoid unused private fields such as '$logger'.
/home/rubenlinde/memcap-work/lq-lanes/or-primitives/lib/Service/AuthenticationService.php:88                                 UnusedPrivateField  Avoid unused private fields such as '$twig'.
/home/rubenlinde/memcap-work/lq-lanes/or-primitives/lib/Service/Authorization/GrantableRightsIndex.php:100                   UnusedPrivateField  Avoid unused private fields such as '$memo'.
/home/rubenlinde/memcap-work/lq-lanes/or-primitives/lib/Service/BulkActionRegistry.php:47                                    UnusedPrivateField  Avoid unused private fields such as '$actions'.
/home/rubenlinde/memcap-work/lq-lanes/or-primitives/lib/Service/BulkActionRegistry.php:54                                    UnusedPrivateField  Avoid unused private fields such as '$loaded'.
/home/rubenlinde/memcap-work/lq-lanes/or-primitives/lib/Service/Calculation/CalculationEvaluator.php:334                     UnusedPrivateField  Avoid unused private fields such as '$sequenceContext'.
/home/rubenlinde/memcap-work/lq-lanes/or-primitives/lib/Service/Calendar/ObjectCalendarFeedService.php:73                    UnusedPrivateField  Avoid unused private fields such as '$declarationCache'.
/home/rubenlinde/memcap-work/lq-lanes/or-primitives/lib/Service/CalendarEventService.php:72                                  UnusedPrivateField  Avoid unused private fields such as '$calDavBackend'.
/home/rubenlinde/memcap-work/lq-lanes/or-primitives/lib/Service/CalendarEventService.php:79                                  UnusedPrivateField  Avoid unused private fields such as '$userSession'.
/home/rubenlinde/memcap-work/lq-lanes/or-primitives/lib/Service/CalendarEventService.php:86                                  UnusedPrivateField  Avoid unused private fields such as '$config'.
/home/rubenlinde/memcap-work/lq-lanes/or-primitives/lib/Service/CalendarEventService.php:93                                  UnusedPrivateField  Avoid unused private fields such as '$logger'.
/home/rubenlinde/memcap-work/lq-lanes/or-primitives/lib/Service/CalendarEventService.php:100                                 UnusedPrivateField  Avoid unused private fields such as '$urlGenerator'.
/home/rubenlinde/memcap-work/lq-lanes/or-primitives/lib/Service/Capability/ToolGrantResolutionException.php:68               UnusedPrivateField  Avoid unused private fields such as '$grants'.
/home/rubenlinde/memcap-work/lq-lanes/or-primitives/lib/Service/Capability/ToolGrantSet.php:123                              UnusedPrivateField  Avoid unused private fields such as '$grants'.
/home/rubenlinde/memcap-work/lq-lanes/or-primitives/lib/Service/Case/CasePlanCascade.php:76                                  UnusedPrivateField  Avoid unused private fields such as '$evaluating'.
/home/rubenlinde/memcap-work/lq-lanes/or-primitives/lib/Service/Case/CasePlanStateMachine.php:68                             UnusedPrivateField  Avoid unused private fields such as '$pending'.
/home/rubenlinde/memcap-work/lq-lanes/or-primitives/lib/Service/Case/CasePlanTree.php:49                                     UnusedPrivateField  Avoid unused private fields such as '$byId'.
/home/rubenlinde/memcap-work/lq-lanes/or-primitives/lib/Service/Case/CasePlanTree.php:56                                     UnusedPrivateField  Avoid unused private fields such as '$childIds'.
/home/rubenlinde/memcap-work/lq-lanes/or-primitives/lib/Service/Case/CasePlanTree.php:63                                     UnusedPrivateField  Avoid unused private fields such as '$keyRows'.
/home/rubenlinde/memcap-work/lq-lanes/or-primitives/lib/Service/Chat/ContextRetrievalHandler.php:56                          UnusedPrivateField  Avoid unused private fields such as '$vectorService'.
/home/rubenlinde/memcap-work/lq-lanes/or-primitives/lib/Service/Chat/ContextRetrievalHandler.php:63                          UnusedPrivateField  Avoid unused private fields such as '$objectService'.
/home/rubenlinde/memcap-work/lq-lanes/or-primitives/lib/Service/Chat/ContextRetrievalHandler.php:70                          UnusedPrivateField  Avoid unused private fields such as '$logger'.
/home/rubenlinde/memcap-work/lq-lanes/or-primitives/lib/Service/Chat/ConversationManagementHandler.php:77                    UnusedPrivateField  Avoid unused private fields such as '$conversationMapper'.
/home/rubenlinde/memcap-work/lq-lanes/or-primitives/lib/Service/Chat/ConversationManagementHandler.php:84                    UnusedPrivateField  Avoid unused private fields such as '$messageMapper'.
/home/rubenlinde/memcap-work/lq-lanes/or-primitives/lib/Service/Chat/ConversationManagementHandler.php:91                    UnusedPrivateField  Avoid unused private fields such as '$settingsService'.
/home/rubenlinde/memcap-work/lq-lanes/or-primitives/lib/Service/Chat/ConversationManagementHandler.php:98                    UnusedPrivateField  Avoid unused private fields such as '$responseHandler'.
/home/rubenlinde/memcap-work/lq-lanes/or-primitives/lib/Service/Chat/ConversationManagementHandler.php:105                   UnusedPrivateField  Avoid unused private fields such as '$logger'.
/home/rubenlinde/memcap-work/lq-lanes/or-primitives/lib/Service/Chat/MessageHistoryHandler.php:60                            UnusedPrivateField  Avoid unused private fields such as '$messageMapper'.
/home/rubenlinde/memcap-work/lq-lanes/or-primitives/lib/Service/Chat/MessageHistoryHandler.php:67                            UnusedPrivateField  Avoid unused private fields such as '$conversationMapper'.
/home/rubenlinde/memcap-work/lq-lanes/or-primitives/lib/Service/Chat/MessageHistoryHandler.php:74                            UnusedPrivateField  Avoid unused private fields such as '$logger'.
/home/rubenlinde/memcap-work/lq-lanes/or-primitives/lib/Service/Chat/ResponseGenerationHandler.php:79                        UnusedPrivateField  Avoid unused private fields such as '$settingsService'.
/home/rubenlinde/memcap-work/lq-lanes/or-primitives/lib/Service/Chat/ResponseGenerationHandler.php:86                        UnusedPrivateField  Avoid unused private fields such as '$toolHandler'.
/home/rubenlinde/memcap-work/lq-lanes/or-primitives/lib/Service/Chat/ResponseGenerationHandler.php:93                        UnusedPrivateField  Avoid unused private fields such as '$logger'.
/home/rubenlinde/memcap-work/lq-lanes/or-primitives/lib/Service/Chat/StreamYieldChannel.php:59                               UnusedPrivateField  Avoid unused private fields such as '$tokenCallbacks'.
/home/rubenlinde/memcap-work/lq-lanes/or-primitives/lib/Service/Chat/StreamYieldChannel.php:68                               UnusedPrivateField  Avoid unused private fields such as '$toolCallCallbacks'.
/home/rubenlinde/memcap-work/lq-lanes/or-primitives/lib/Service/Chat/StreamYieldChannel.php:77                               UnusedPrivateField  Avoid unused private fields such as '$toolResultCallbacks'.
/home/rubenlinde/memcap-work/lq-lanes/or-primitives/lib/Service/Chat/ToolManagementHandler.php:55                            UnusedPrivateField  Avoid unused private fields such as '$agentMapper'.
/home/rubenlinde/memcap-work/lq-lanes/or-primitives/lib/Service/Chat/ToolManagementHandler.php:62                            UnusedPrivateField  Avoid unused private fields such as '$toolRegistry'.
/home/rubenlinde/memcap-work/lq-lanes/or-primitives/lib/Service/Chat/ToolManagementHandler.php:69                            UnusedPrivateField  Avoid unused private fields such as '$logger'.
/home/rubenlinde/memcap-work/lq-lanes/or-primitives/lib/Service/ChatService.php:85                                           UnusedPrivateField  Avoid unused private fields such as '$conversationMapper'.
/home/rubenlinde/memcap-work/lq-lanes/or-primitives/lib/Service/ChatService.php:92                                           UnusedPrivateField  Avoid unused private fields such as '$messageMapper'.
/home/rubenlinde/memcap-work/lq-lanes/or-primitives/lib/Service/ChatService.php:99                                           UnusedPrivateField  Avoid unused private fields such as '$agentMapper'.
/home/rubenlinde/memcap-work/lq-lanes/or-primitives/lib/Service/ChatService.php:106                                          UnusedPrivateField  Avoid unused private fields such as '$contextHandler'.
/home/rubenlinde/memcap-work/lq-lanes/or-primitives/lib/Service/ChatService.php:113                                          UnusedPrivateField  Avoid unused private fields such as '$responseHandler'.
/home/rubenlinde/memcap-work/lq-lanes/or-primitives/lib/Service/ChatService.php:120                                          UnusedPrivateField  Avoid unused private fields such as '$conversationHandler'.
/home/rubenlinde/memcap-work/lq-lanes/or-primitives/lib/Service/ChatService.php:127                                          UnusedPrivateField  Avoid unused private fields such as '$historyHandler'.
/home/rubenlinde/memcap-work/lq-lanes/or-primitives/lib/Service/ChatService.php:134                                          UnusedPrivateField  Avoid unused private fields such as '$toolHandler'.
/home/rubenlinde/memcap-work/lq-lanes/or-primitives/lib/Service/ChatService.php:141                                          UnusedPrivateField  Avoid unused private fields such as '$logger'.
/home/rubenlinde/memcap-work/lq-lanes/or-primitives/lib/Service/ConditionMatcher.php:56                                      UnusedPrivateField  Avoid unused private fields such as '$cachedActiveOrg'.
/home/rubenlinde/memcap-work/lq-lanes/or-primitives/lib/Service/Config/ShareableConfigTypeRegistry.php:43                    UnusedPrivateField  Avoid unused private fields such as '$types'.
/home/rubenlinde/memcap-work/lq-lanes/or-primitives/lib/Service/Config/ShareableConfigTypeRegistry.php:50                    UnusedPrivateField  Avoid unused private fields such as '$loaded'.
/home/rubenlinde/memcap-work/lq-lanes/or-primitives/lib/Service/Configuration/CacheHandler.php:66                            UnusedPrivateField  Avoid unused private fields such as '$session'.
/home/rubenlinde/memcap-work/lq-lanes/or-primitives/lib/Service/Configuration/CacheHandler.php:75                            UnusedPrivateField  Avoid unused private fields such as '$configurationMapper'.
/home/rubenlinde/memcap-work/lq-lanes/or-primitives/lib/Service/Configuration/CacheHandler.php:84                            UnusedPrivateField  Avoid unused private fields such as '$organisationService'.
/home/rubenlinde/memcap-work/lq-lanes/or-primitives/lib/Service/Configuration/ExportHandler.php:58                           UnusedPrivateField  Avoid unused private fields such as '$schemaMapper'.
/home/rubenlinde/memcap-work/lq-lanes/or-primitives/lib/Service/Configuration/ExportHandler.php:65                           UnusedPrivateField  Avoid unused private fields such as '$registerMapper'.
/home/rubenlinde/memcap-work/lq-lanes/or-primitives/lib/Service/Configuration/ExportHandler.php:72                           UnusedPrivateField  Avoid unused private fields such as '$objectEntityMapper'.
/home/rubenlinde/memcap-work/lq-lanes/or-primitives/lib/Service/Configuration/ExportHandler.php:79                           UnusedPrivateField  Avoid unused private fields such as '$configurationMapper'.
/home/rubenlinde/memcap-work/lq-lanes/or-primitives/lib/Service/Configuration/ExportHandler.php:86                           UnusedPrivateField  Avoid unused private fields such as '$logger'.
/home/rubenlinde/memcap-work/lq-lanes/or-primitives/lib/Service/Configuration/ExportHandler.php:93                           UnusedPrivateField  Avoid unused private fields such as '$registersMap'.
/home/rubenlinde/memcap-work/lq-lanes/or-primitives/lib/Service/Configuration/ExportHandler.php:100                          UnusedPrivateField  Avoid unused private fields such as '$schemasMap'.
/home/rubenlinde/memcap-work/lq-lanes/or-primitives/lib/Service/Configuration/ExportHandler.php:108                          UnusedPrivateField  Avoid unused private fields such as '$mappingMapper'.
/home/rubenlinde/memcap-work/lq-lanes/or-primitives/lib/Service/Configuration/FetchHandler.php:64                            UnusedPrivateField  Avoid unused private fields such as '$client'.
/home/rubenlinde/memcap-work/lq-lanes/or-primitives/lib/Service/Configuration/FetchHandler.php:71                            UnusedPrivateField  Avoid unused private fields such as '$logger'.
/home/rubenlinde/memcap-work/lq-lanes/or-primitives/lib/Service/Configuration/GitHubHandler.php:67                           UnusedPrivateField  Avoid unused private fields such as '$client'.
/home/rubenlinde/memcap-work/lq-lanes/or-primitives/lib/Service/Configuration/GitHubHandler.php:74                           UnusedPrivateField  Avoid unused private fields such as '$appConfig'.
/home/rubenlinde/memcap-work/lq-lanes/or-primitives/lib/Service/Configuration/GitHubHandler.php:81                           UnusedPrivateField  Avoid unused private fields such as '$logger'.
/home/rubenlinde/memcap-work/lq-lanes/or-primitives/lib/Service/Configuration/GitHubHandler.php:88                           UnusedPrivateField  Avoid unused private fields such as '$cache'.
/home/rubenlinde/memcap-work/lq-lanes/or-primitives/lib/Service/Configuration/GitHubHandler.php:95                           UnusedPrivateField  Avoid unused private fields such as '$config'.
/home/rubenlinde/memcap-work/lq-lanes/or-primitives/lib/Service/Configuration/GitHubHandler.php:102                          UnusedPrivateField  Avoid unused private fields such as '$attributionFormatter'.
/home/rubenlinde/memcap-work/lq-lanes/or-primitives/lib/Service/Configuration/GitLabHandler.php:54                           UnusedPrivateField  Avoid unused private fields such as '$apiBase'.
/home/rubenlinde/memcap-work/lq-lanes/or-primitives/lib/Service/Configuration/GitLabHandler.php:61                           UnusedPrivateField  Avoid unused private fields such as '$client'.
/home/rubenlinde/memcap-work/lq-lanes/or-primitives/lib/Service/Configuration/GitLabHandler.php:68                           UnusedPrivateField  Avoid unused private fields such as '$appConfig'.
/home/rubenlinde/memcap-work/lq-lanes/or-primitives/lib/Service/Configuration/GitLabHandler.php:75                           UnusedPrivateField  Avoid unused private fields such as '$config'.
/home/rubenlinde/memcap-work/lq-lanes/or-primitives/lib/Service/Configuration/GitLabHandler.php:82                           UnusedPrivateField  Avoid unused private fields such as '$logger'.
/home/rubenlinde/memcap-work/lq-lanes/or-primitives/lib/Service/Configuration/PreviewHandler.php:58                          UnusedPrivateField  Avoid unused private fields such as '$registerMapper'.
/home/rubenlinde/memcap-work/lq-lanes/or-primitives/lib/Service/Configuration/PreviewHandler.php:65                          UnusedPrivateField  Avoid unused private fields such as '$schemaMapper'.
/home/rubenlinde/memcap-work/lq-lanes/or-primitives/lib/Service/Configuration/PreviewHandler.php:72                          UnusedPrivateField  Avoid unused private fields such as '$logger'.
/home/rubenlinde/memcap-work/lq-lanes/or-primitives/lib/Service/Configuration/PreviewHandler.php:79                          UnusedPrivateField  Avoid unused private fields such as '$fetchHandler'.
/home/rubenlinde/memcap-work/lq-lanes/or-primitives/lib/Service/Configuration/RateLimiterService.php:64                      UnusedPrivateField  Avoid unused private fields such as '$cache'.
/home/rubenlinde/memcap-work/lq-lanes/or-primitives/lib/Service/Configuration/UploadHandler.php:47                           UnusedPrivateField  Avoid unused private fields such as '$client'.
/home/rubenlinde/memcap-work/lq-lanes/or-primitives/lib/Service/Configuration/UploadHandler.php:54                           UnusedPrivateField  Avoid unused private fields such as '$logger'.
/home/rubenlinde/memcap-work/lq-lanes/or-primitives/lib/Service/ConfigurationService.php:77                                  UnusedPrivateField  Avoid unused private fields such as '$schemaMapper'.
/home/rubenlinde/memcap-work/lq-lanes/or-primitives/lib/Service/ConfigurationService.php:84                                  UnusedPrivateField  Avoid unused private fields such as '$registerMapper'.
/home/rubenlinde/memcap-work/lq-lanes/or-primitives/lib/Service/ConfigurationService.php:91                                  UnusedPrivateField  Avoid unused private fields such as '$configurationMapper'.
/home/rubenlinde/memcap-work/lq-lanes/or-primitives/lib/Service/ConfigurationService.php:100                                 UnusedPrivateField  Avoid unused private fields such as '$appManager'.
/home/rubenlinde/memcap-work/lq-lanes/or-primitives/lib/Service/ConfigurationService.php:109                                 UnusedPrivateField  Avoid unused private fields such as '$container'.
/home/rubenlinde/memcap-work/lq-lanes/or-primitives/lib/Service/ConfigurationService.php:118                                 UnusedPrivateField  Avoid unused private fields such as '$appConfig'.
/home/rubenlinde/memcap-work/lq-lanes/or-primitives/lib/Service/ConfigurationService.php:125                                 UnusedPrivateField  Avoid unused private fields such as '$logger'.
/home/rubenlinde/memcap-work/lq-lanes/or-primitives/lib/Service/ConfigurationService.php:132                                 UnusedPrivateField  Avoid unused private fields such as '$exportHandler'.
/home/rubenlinde/memcap-work/lq-lanes/or-primitives/lib/Service/ConfigurationService.php:139                                 UnusedPrivateField  Avoid unused private fields such as '$uploadHandler'.
/home/rubenlinde/memcap-work/lq-lanes/or-primitives/lib/Service/ConfigurationService.php:146                                 UnusedPrivateField  Avoid unused private fields such as '$client'.
/home/rubenlinde/memcap-work/lq-lanes/or-primitives/lib/Service/ConfigurationService.php:153                                 UnusedPrivateField  Avoid unused private fields such as '$objectService'.
/home/rubenlinde/memcap-work/lq-lanes/or-primitives/lib/Service/ConfigurationService.php:160                                 UnusedPrivateField  Avoid unused private fields such as '$appDataPath'.
/home/rubenlinde/memcap-work/lq-lanes/or-primitives/lib/Service/ConfigurationService.php:167                                 UnusedPrivateField  Avoid unused private fields such as '$githubHandler'.
/home/rubenlinde/memcap-work/lq-lanes/or-primitives/lib/Service/ConfigurationService.php:174                                 UnusedPrivateField  Avoid unused private fields such as '$gitlabHandler'.
/home/rubenlinde/memcap-work/lq-lanes/or-primitives/lib/Service/ConfigurationService.php:181                                 UnusedPrivateField  Avoid unused private fields such as '$cacheHandler'.
/home/rubenlinde/memcap-work/lq-lanes/or-primitives/lib/Service/ConfigurationService.php:188                                 UnusedPrivateField  Avoid unused private fields such as '$previewHandler'.
/home/rubenlinde/memcap-work/lq-lanes/or-primitives/lib/Service/ConfigurationService.php:195                                 UnusedPrivateField  Avoid unused private fields such as '$openConnectorConfigurationService'.
/home/rubenlinde/memcap-work/lq-lanes/or-primitives/lib/Service/ContactMatchingService.php:116                               UnusedPrivateField  Avoid unused private fields such as '$objectService'.
/home/rubenlinde/memcap-work/lq-lanes/or-primitives/lib/Service/ContactMatchingService.php:123                               UnusedPrivateField  Avoid unused private fields such as '$schemaMapper'.
/home/rubenlinde/memcap-work/lq-lanes/or-primitives/lib/Service/ContactMatchingService.php:130                               UnusedPrivateField  Avoid unused private fields such as '$registerMapper'.
/home/rubenlinde/memcap-work/lq-lanes/or-primitives/lib/Service/ContactMatchingService.php:137                               UnusedPrivateField  Avoid unused private fields such as '$cache'.
/home/rubenlinde/memcap-work/lq-lanes/or-primitives/lib/Service/ContactMatchingService.php:144                               UnusedPrivateField  Avoid unused private fields such as '$logger'.
/home/rubenlinde/memcap-work/lq-lanes/or-primitives/lib/Service/ContactMatchingService.php:530                               UnusedPrivateField  Avoid unused private fields such as '$hasContactLinkedSchemasCache'.
/home/rubenlinde/memcap-work/lq-lanes/or-primitives/lib/Service/ContactService.php:58                                        UnusedPrivateField  Avoid unused private fields such as '$contactLinkMapper'.
/home/rubenlinde/memcap-work/lq-lanes/or-primitives/lib/Service/ContactService.php:65                                        UnusedPrivateField  Avoid unused private fields such as '$cardDavBackend'.
/home/rubenlinde/memcap-work/lq-lanes/or-primitives/lib/Service/ContactService.php:72                                        UnusedPrivateField  Avoid unused private fields such as '$userSession'.
/home/rubenlinde/memcap-work/lq-lanes/or-primitives/lib/Service/ContactService.php:79                                        UnusedPrivateField  Avoid unused private fields such as '$logger'.
/home/rubenlinde/memcap-work/lq-lanes/or-primitives/lib/Service/ContactService.php:86                                        UnusedPrivateField  Avoid unused private fields such as '$urlGenerator'.
/home/rubenlinde/memcap-work/lq-lanes/or-primitives/lib/Service/Credential/ProviderCatalogue.php:52                          UnusedPrivateField  Avoid unused private fields such as '$cache'.
/home/rubenlinde/memcap-work/lq-lanes/or-primitives/lib/Service/DashboardService.php:66                                      UnusedPrivateField  Avoid unused private fields such as '$objectMapper'.
/home/rubenlinde/memcap-work/lq-lanes/or-primitives/lib/Service/DashboardService.php:75                                      UnusedPrivateField  Avoid unused private fields such as '$auditTrailMapper'.
/home/rubenlinde/memcap-work/lq-lanes/or-primitives/lib/Service/DashboardService.php:84                                      UnusedPrivateField  Avoid unused private fields such as '$webhookLogMapper'.
/home/rubenlinde/memcap-work/lq-lanes/or-primitives/lib/Service/DashboardService.php:93                                      UnusedPrivateField  Avoid unused private fields such as '$registerMapper'.
/home/rubenlinde/memcap-work/lq-lanes/or-primitives/lib/Service/DashboardService.php:102                                     UnusedPrivateField  Avoid unused private fields such as '$logger'.
/home/rubenlinde/memcap-work/lq-lanes/or-primitives/lib/Service/DashboardService.php:111                                     UnusedPrivateField  Avoid unused private fields such as '$schemaMapper'.
/home/rubenlinde/memcap-work/lq-lanes/or-primitives/lib/Service/Dbal/DbalConnectionFactory.php:62                            UnusedPrivateField  Avoid unused private fields such as '$connections'.
/home/rubenlinde/memcap-work/lq-lanes/or-primitives/lib/Service/DeckCardService.php:58                                       UnusedPrivateField  Avoid unused private fields such as '$deckLinkMapper'.
/home/rubenlinde/memcap-work/lq-lanes/or-primitives/lib/Service/DeckCardService.php:65                                       UnusedPrivateField  Avoid unused private fields such as '$appManager'.
/home/rubenlinde/memcap-work/lq-lanes/or-primitives/lib/Service/DeckCardService.php:72                                       UnusedPrivateField  Avoid unused private fields such as '$userSession'.
/home/rubenlinde/memcap-work/lq-lanes/or-primitives/lib/Service/DeckCardService.php:79                                       UnusedPrivateField  Avoid unused private fields such as '$logger'.
/home/rubenlinde/memcap-work/lq-lanes/or-primitives/lib/Service/DeckCardService.php:86                                       UnusedPrivateField  Avoid unused private fields such as '$urlGenerator'.
/home/rubenlinde/memcap-work/lq-lanes/or-primitives/lib/Service/DeckCardService.php:93                                       UnusedPrivateField  Avoid unused private fields such as '$userManager'.
/home/rubenlinde/memcap-work/lq-lanes/or-primitives/lib/Service/DeckCardService.php:100                                      UnusedPrivateField  Avoid unused private fields such as '$container'.
/home/rubenlinde/memcap-work/lq-lanes/or-primitives/lib/Service/DeepLinkRegistryService.php:58                               UnusedPrivateField  Avoid unused private fields such as '$registrations'.
/home/rubenlinde/memcap-work/lq-lanes/or-primitives/lib/Service/DeepLinkRegistryService.php:72                               UnusedPrivateField  Avoid unused private fields such as '$registerIdMap'.
/home/rubenlinde/memcap-work/lq-lanes/or-primitives/lib/Service/DeepLinkRegistryService.php:79                               UnusedPrivateField  Avoid unused private fields such as '$schemaIdMap'.
/home/rubenlinde/memcap-work/lq-lanes/or-primitives/lib/Service/DeepLinkRegistryService.php:86                               UnusedPrivateField  Avoid unused private fields such as '$container'.
/home/rubenlinde/memcap-work/lq-lanes/or-primitives/lib/Service/DeepLinkRegistryService.php:93                               UnusedPrivateField  Avoid unused private fields such as '$logger'.
/home/rubenlinde/memcap-work/lq-lanes/or-primitives/lib/Service/Deferral/ListenerDeferralService.php:94                      UnusedPrivateField  Avoid unused private fields such as '$buffers'.
/home/rubenlinde/memcap-work/lq-lanes/or-primitives/lib/Service/Deferral/ListenerDeferralService.php:101                     UnusedPrivateField  Avoid unused private fields such as '$shutdownHooked'.
/home/rubenlinde/memcap-work/lq-lanes/or-primitives/lib/Service/Deferral/ListenerDeferralService.php:108                     UnusedPrivateField  Avoid unused private fields such as '$actorCaptured'.
/home/rubenlinde/memcap-work/lq-lanes/or-primitives/lib/Service/Deferral/ListenerDeferralService.php:115                     UnusedPrivateField  Avoid unused private fields such as '$capturedUserId'.
/home/rubenlinde/memcap-work/lq-lanes/or-primitives/lib/Service/Deferral/ListenerDeferralService.php:122                     UnusedPrivateField  Avoid unused private fields such as '$capturedOrgUuid'.
/home/rubenlinde/memcap-work/lq-lanes/or-primitives/lib/Service/Edepot/Transport/TransportResult.php:42                      UnusedPrivateField  Avoid unused private fields such as '$success'.
/home/rubenlinde/memcap-work/lq-lanes/or-primitives/lib/Service/Edepot/Transport/TransportResult.php:49                      UnusedPrivateField  Avoid unused private fields such as '$objectResults'.
/home/rubenlinde/memcap-work/lq-lanes/or-primitives/lib/Service/Edepot/Transport/TransportResult.php:56                      UnusedPrivateField  Avoid unused private fields such as '$errorMessage'.
/home/rubenlinde/memcap-work/lq-lanes/or-primitives/lib/Service/Edepot/Transport/TransportResult.php:63                      UnusedPrivateField  Avoid unused private fields such as '$transferReference'.
/home/rubenlinde/memcap-work/lq-lanes/or-primitives/lib/Service/EmailService.php:56                                          UnusedPrivateField  Avoid unused private fields such as '$emailLinkMapper'.
/home/rubenlinde/memcap-work/lq-lanes/or-primitives/lib/Service/EmailService.php:63                                          UnusedPrivateField  Avoid unused private fields such as '$appManager'.
/home/rubenlinde/memcap-work/lq-lanes/or-primitives/lib/Service/EmailService.php:70                                          UnusedPrivateField  Avoid unused private fields such as '$db'.
/home/rubenlinde/memcap-work/lq-lanes/or-primitives/lib/Service/EmailService.php:77                                          UnusedPrivateField  Avoid unused private fields such as '$userSession'.
/home/rubenlinde/memcap-work/lq-lanes/or-primitives/lib/Service/EmailService.php:84                                          UnusedPrivateField  Avoid unused private fields such as '$logger'.
/home/rubenlinde/memcap-work/lq-lanes/or-primitives/lib/Service/EmailService.php:91                                          UnusedPrivateField  Avoid unused private fields such as '$schemaMapper'.
/home/rubenlinde/memcap-work/lq-lanes/or-primitives/lib/Service/EmailService.php:98                                          UnusedPrivateField  Avoid unused private fields such as '$magicMapper'.
/home/rubenlinde/memcap-work/lq-lanes/or-primitives/lib/Service/EndpointService.php:65                                       UnusedPrivateField  Avoid unused private fields such as '$endpointLogMapper'.
/home/rubenlinde/memcap-work/lq-lanes/or-primitives/lib/Service/EndpointService.php:74                                       UnusedPrivateField  Avoid unused private fields such as '$logger'.
/home/rubenlinde/memcap-work/lq-lanes/or-primitives/lib/Service/EndpointService.php:83                                       UnusedPrivateField  Avoid unused private fields such as '$userSession'.
/home/rubenlinde/memcap-work/lq-lanes/or-primitives/lib/Service/EndpointService.php:92                                       UnusedPrivateField  Avoid unused private fields such as '$groupManager'.
/home/rubenlinde/memcap-work/lq-lanes/or-primitives/lib/Service/ExportService.php:81                                         UnusedPrivateField  Avoid unused private fields such as '$registerMapper'.
/home/rubenlinde/memcap-work/lq-lanes/or-primitives/lib/Service/ExportService.php:88                                         UnusedPrivateField  Avoid unused private fields such as '$groupManager'.
/home/rubenlinde/memcap-work/lq-lanes/or-primitives/lib/Service/ExportService.php:95                                         UnusedPrivateField  Avoid unused private fields such as '$objectService'.
/home/rubenlinde/memcap-work/lq-lanes/or-primitives/lib/Service/ExportService.php:102                                        UnusedPrivateField  Avoid unused private fields such as '$cacheHandler'.
/home/rubenlinde/memcap-work/lq-lanes/or-primitives/lib/Service/ExportService.php:109                                        UnusedPrivateField  Avoid unused private fields such as '$propertyRbacHandler'.
/home/rubenlinde/memcap-work/lq-lanes/or-primitives/lib/Service/ExportService.php:116                                        UnusedPrivateField  Avoid unused private fields such as '$translationHandler'.
/home/rubenlinde/memcap-work/lq-lanes/or-primitives/lib/Service/ExportService.php:123                                        UnusedPrivateField  Avoid unused private fields such as '$contextRegister'.
/home/rubenlinde/memcap-work/lq-lanes/or-primitives/lib/Service/File/CreateFileHandler.php:72                                UnusedPrivateField  Avoid unused private fields such as '$fileService'.
/home/rubenlinde/memcap-work/lq-lanes/or-primitives/lib/Service/File/DocumentProcessingHandler.php:95                        UnusedPrivateField  Avoid unused private fields such as '$fileService'.
/home/rubenlinde/memcap-work/lq-lanes/or-primitives/lib/Service/File/DocumentProcessingHandler.php:107                       UnusedPrivateField  Avoid unused private fields such as '$lastSanitizationReport'.
/home/rubenlinde/memcap-work/lq-lanes/or-primitives/lib/Service/File/DocumentProcessingHandler.php:120                       UnusedPrivateField  Avoid unused private fields such as '$lastResidualEntities'.
/home/rubenlinde/memcap-work/lq-lanes/or-primitives/lib/Service/File/DocumentProcessingHandler.php:132                       UnusedPrivateField  Avoid unused private fields such as '$lastStructurePreservation'.
/home/rubenlinde/memcap-work/lq-lanes/or-primitives/lib/Service/File/DocumentProcessingHandler.php:150                       UnusedPrivateField  Avoid unused private fields such as '$lastPlaceholderMap'.
/home/rubenlinde/memcap-work/lq-lanes/or-primitives/lib/Service/File/FileBatchHandler.php:62                                 UnusedPrivateField  Avoid unused private fields such as '$fileService'.
/home/rubenlinde/memcap-work/lq-lanes/or-primitives/lib/Service/File/FileFormattingHandler.php:63                            UnusedPrivateField  Avoid unused private fields such as '$fileService'.
/home/rubenlinde/memcap-work/lq-lanes/or-primitives/lib/Service/File/FileLockHandler.php:75                                  UnusedPrivateField  Avoid unused private fields such as '$cache'.
/home/rubenlinde/memcap-work/lq-lanes/or-primitives/lib/Service/File/FileLockHandler.php:82                                  UnusedPrivateField  Avoid unused private fields such as '$localFallback'.
/home/rubenlinde/memcap-work/lq-lanes/or-primitives/lib/Service/File/FilePublishingHandler.php:57                            UnusedPrivateField  Avoid unused private fields such as '$fileService'.
/home/rubenlinde/memcap-work/lq-lanes/or-primitives/lib/Service/File/OfficeDocumentSanitizer.php:79                          UnusedPrivateField  Avoid unused private fields such as '$strategies'.
/home/rubenlinde/memcap-work/lq-lanes/or-primitives/lib/Service/File/Pdf/PdfTextReplacer.php:83                              UnusedPrivateField  Avoid unused private fields such as '$structureInspector'.
/home/rubenlinde/memcap-work/lq-lanes/or-primitives/lib/Service/File/PlaceholderIdTranslator.php:57                          UnusedPrivateField  Avoid unused private fields such as '$map'.
/home/rubenlinde/memcap-work/lq-lanes/or-primitives/lib/Service/File/PlaceholderIdTranslator.php:64                          UnusedPrivateField  Avoid unused private fields such as '$next'.
/home/rubenlinde/memcap-work/lq-lanes/or-primitives/lib/Service/File/ReadFileHandler.php:59                                  UnusedPrivateField  Avoid unused private fields such as '$fileService'.
/home/rubenlinde/memcap-work/lq-lanes/or-primitives/lib/Service/File/UpdateFileHandler.php:71                                UnusedPrivateField  Avoid unused private fields such as '$fileService'.
/home/rubenlinde/memcap-work/lq-lanes/or-primitives/lib/Service/FileService.php:123                                          UnusedPrivateField  Avoid unused private fields such as '$config'.
/home/rubenlinde/memcap-work/lq-lanes/or-primitives/lib/Service/FileService.php:130                                          UnusedPrivateField  Avoid unused private fields such as '$fileMapper'.
/home/rubenlinde/memcap-work/lq-lanes/or-primitives/lib/Service/FileService.php:137                                          UnusedPrivateField  Avoid unused private fields such as '$groupManager'.
/home/rubenlinde/memcap-work/lq-lanes/or-primitives/lib/Service/FileService.php:144                                          UnusedPrivateField  Avoid unused private fields such as '$logger'.
/home/rubenlinde/memcap-work/lq-lanes/or-primitives/lib/Service/FileService.php:158                                          UnusedPrivateField  Avoid unused private fields such as '$rootFolder'.
/home/rubenlinde/memcap-work/lq-lanes/or-primitives/lib/Service/FileService.php:165                                          UnusedPrivateField  Avoid unused private fields such as '$shareManager'.
/home/rubenlinde/memcap-work/lq-lanes/or-primitives/lib/Service/FileService.php:172                                          UnusedPrivateField  Avoid unused private fields such as '$systemTagManager'.
/home/rubenlinde/memcap-work/lq-lanes/or-primitives/lib/Service/FileService.php:179                                          UnusedPrivateField  Avoid unused private fields such as '$systemTagMapper'.
/home/rubenlinde/memcap-work/lq-lanes/or-primitives/lib/Service/FileService.php:186                                          UnusedPrivateField  Avoid unused private fields such as '$urlGenerator'.
/home/rubenlinde/memcap-work/lq-lanes/or-primitives/lib/Service/FileService.php:193                                          UnusedPrivateField  Avoid unused private fields such as '$userManager'.
/home/rubenlinde/memcap-work/lq-lanes/or-primitives/lib/Service/FileService.php:200                                          UnusedPrivateField  Avoid unused private fields such as '$userSession'.
/home/rubenlinde/memcap-work/lq-lanes/or-primitives/lib/Service/FileService.php:207                                          UnusedPrivateField  Avoid unused private fields such as '$fileValidationHandler'.
/home/rubenlinde/memcap-work/lq-lanes/or-primitives/lib/Service/FileService.php:214                                          UnusedPrivateField  Avoid unused private fields such as '$folderManagementHandler'.
/home/rubenlinde/memcap-work/lq-lanes/or-primitives/lib/Service/FileService.php:221                                          UnusedPrivateField  Avoid unused private fields such as '$fileOwnershipHandler'.
/home/rubenlinde/memcap-work/lq-lanes/or-primitives/lib/Service/FileService.php:228                                          UnusedPrivateField  Avoid unused private fields such as '$fileSharingHandler'.
/home/rubenlinde/memcap-work/lq-lanes/or-primitives/lib/Service/FileService.php:235                                          UnusedPrivateField  Avoid unused private fields such as '$createFileHandler'.
/home/rubenlinde/memcap-work/lq-lanes/or-primitives/lib/Service/FileService.php:242                                          UnusedPrivateField  Avoid unused private fields such as '$readFileHandler'.
/home/rubenlinde/memcap-work/lq-lanes/or-primitives/lib/Service/FileService.php:249                                          UnusedPrivateField  Avoid unused private fields such as '$updateFileHandler'.
/home/rubenlinde/memcap-work/lq-lanes/or-primitives/lib/Service/FileService.php:256                                          UnusedPrivateField  Avoid unused private fields such as '$deleteFileHandler'.
/home/rubenlinde/memcap-work/lq-lanes/or-primitives/lib/Service/FileService.php:263                                          UnusedPrivateField  Avoid unused private fields such as '$taggingHandler'.
/home/rubenlinde/memcap-work/lq-lanes/or-primitives/lib/Service/FileService.php:270                                          UnusedPrivateField  Avoid unused private fields such as '$fileFormattingHandler'.
/home/rubenlinde/memcap-work/lq-lanes/or-primitives/lib/Service/FileService.php:277                                          UnusedPrivateField  Avoid unused private fields such as '$documentProcessingHandler'.
/home/rubenlinde/memcap-work/lq-lanes/or-primitives/lib/Service/FileService.php:284                                          UnusedPrivateField  Avoid unused private fields such as '$filePublishingHandler'.
/home/rubenlinde/memcap-work/lq-lanes/or-primitives/lib/Service/FileService.php:291                                          UnusedPrivateField  Avoid unused private fields such as '$fileVersioningHandler'.
/home/rubenlinde/memcap-work/lq-lanes/or-primitives/lib/Service/FileService.php:298                                          UnusedPrivateField  Avoid unused private fields such as '$fileLockHandler'.
/home/rubenlinde/memcap-work/lq-lanes/or-primitives/lib/Service/FileService.php:305                                          UnusedPrivateField  Avoid unused private fields such as '$fileBatchHandler'.
/home/rubenlinde/memcap-work/lq-lanes/or-primitives/lib/Service/FileService.php:312                                          UnusedPrivateField  Avoid unused private fields such as '$filePreviewHandler'.
/home/rubenlinde/memcap-work/lq-lanes/or-primitives/lib/Service/FileService.php:319                                          UnusedPrivateField  Avoid unused private fields such as '$fileAuditHandler'.
/home/rubenlinde/memcap-work/lq-lanes/or-primitives/lib/Service/FileService.php:338                                          UnusedPrivateField  Avoid unused private fields such as '$folderAccessRevalidationCache'.
/home/rubenlinde/memcap-work/lq-lanes/or-primitives/lib/Service/Flow/Bpmn/BpmnMappingReport.php:91                           UnusedPrivateField  Avoid unused private fields such as '$entries'.
/home/rubenlinde/memcap-work/lq-lanes/or-primitives/lib/Service/Flow/Bpmn/FlowBpmnImporter.php:86                            UnusedPrivateField  Avoid unused private fields such as '$layout'.
/home/rubenlinde/memcap-work/lq-lanes/or-primitives/lib/Service/Flow/FlowConnectivity.php:57                                 UnusedPrivateField  Avoid unused private fields such as '$graph'.
/home/rubenlinde/memcap-work/lq-lanes/or-primitives/lib/Service/Flow/FlowDefinitionBuilder.php:98                            UnusedPrivateField  Avoid unused private fields such as '$graphHelper'.
/home/rubenlinde/memcap-work/lq-lanes/or-primitives/lib/Service/Flow/FlowExpression.php:67                                   UnusedPrivateField  Avoid unused private fields such as '$operatorsRegistered'.
/home/rubenlinde/memcap-work/lq-lanes/or-primitives/lib/Service/Flow/FlowLocator.php:61                                      UnusedPrivateField  Avoid unused private fields such as '$flowMemo'.
/home/rubenlinde/memcap-work/lq-lanes/or-primitives/lib/Service/Flow/FlowNodeRegistry.php:50                                 UnusedPrivateField  Avoid unused private fields such as '$nodes'.
/home/rubenlinde/memcap-work/lq-lanes/or-primitives/lib/Service/Flow/FlowNodeRegistry.php:105                                UnusedPrivateField  Avoid unused private fields such as '$loaded'.
/home/rubenlinde/memcap-work/lq-lanes/or-primitives/lib/Service/Flow/FlowOversightRegistry.php:47                            UnusedPrivateField  Avoid unused private fields such as '$checks'.
/home/rubenlinde/memcap-work/lq-lanes/or-primitives/lib/Service/Flow/FlowOversightRegistry.php:54                            UnusedPrivateField  Avoid unused private fields such as '$discovered'.
/home/rubenlinde/memcap-work/lq-lanes/or-primitives/lib/Service/Flow/FlowResumeState.php:68                                  UnusedPrivateField  Avoid unused private fields such as '$byNode'.
/home/rubenlinde/memcap-work/lq-lanes/or-primitives/lib/Service/Flow/FlowRunContext.php:92                                   UnusedPrivateField  Avoid unused private fields such as '$frames'.
/home/rubenlinde/memcap-work/lq-lanes/or-primitives/lib/Service/Flow/FlowRunGuard.php:79                                     UnusedPrivateField  Avoid unused private fields such as '$lastBeat'.
/home/rubenlinde/memcap-work/lq-lanes/or-primitives/lib/Service/Flow/FlowRunMarkingStore.php:49                              UnusedPrivateField  Avoid unused private fields such as '$lastDelta'.
/home/rubenlinde/memcap-work/lq-lanes/or-primitives/lib/Service/Flow/FlowRunService.php:131                                  UnusedPrivateField  Avoid unused private fields such as '$runAsScope'.
/home/rubenlinde/memcap-work/lq-lanes/or-primitives/lib/Service/Flow/FlowRunService.php:142                                  UnusedPrivateField  Avoid unused private fields such as '$runAsScopeResolved'.
/home/rubenlinde/memcap-work/lq-lanes/or-primitives/lib/Service/Flow/FlowRunService.php:153                                  UnusedPrivateField  Avoid unused private fields such as '$flowState'.
/home/rubenlinde/memcap-work/lq-lanes/or-primitives/lib/Service/Flow/FlowService.php:78                                      UnusedPrivateField  Avoid unused private fields such as '$caller'.
/home/rubenlinde/memcap-work/lq-lanes/or-primitives/lib/Service/Flow/FlowStateHandle.php:76                                  UnusedPrivateField  Avoid unused private fields such as '$values'.
/home/rubenlinde/memcap-work/lq-lanes/or-primitives/lib/Service/Flow/FlowStateHandle.php:87                                  UnusedPrivateField  Avoid unused private fields such as '$dirty'.
/home/rubenlinde/memcap-work/lq-lanes/or-primitives/lib/Service/Flow/FlowStepReport.php:50                                   UnusedPrivateField  Avoid unused private fields such as '$detail'.
/home/rubenlinde/memcap-work/lq-lanes/or-primitives/lib/Service/Flow/FlowStreamWalk.php:63                                   UnusedPrivateField  Avoid unused private fields such as '$streams'.
/home/rubenlinde/memcap-work/lq-lanes/or-primitives/lib/Service/Flow/FlowStreamWalk.php:70                                   UnusedPrivateField  Avoid unused private fields such as '$parked'.
/home/rubenlinde/memcap-work/lq-lanes/or-primitives/lib/Service/Flow/FlowStreamWalk.php:79                                   UnusedPrivateField  Avoid unused private fields such as '$exhausted'.
/home/rubenlinde/memcap-work/lq-lanes/or-primitives/lib/Service/Flow/FlowStreamWalk.php:87                                   UnusedPrivateField  Avoid unused private fields such as '$refused'.
/home/rubenlinde/memcap-work/lq-lanes/or-primitives/lib/Service/Flow/FlowStreamWalk.php:94                                   UnusedPrivateField  Avoid unused private fields such as '$cursor'.
/home/rubenlinde/memcap-work/lq-lanes/or-primitives/lib/Service/Flow/FlowStreamWalk.php:101                                  UnusedPrivateField  Avoid unused private fields such as '$fired'.
/home/rubenlinde/memcap-work/lq-lanes/or-primitives/lib/Service/Flow/FlowToken.php:65                                        UnusedPrivateField  Avoid unused private fields such as '$values'.
/home/rubenlinde/memcap-work/lq-lanes/or-primitives/lib/Service/Flow/FlowTokenRouter.php:54                                  UnusedPrivateField  Avoid unused private fields such as '$graph'.
/home/rubenlinde/memcap-work/lq-lanes/or-primitives/lib/Service/Flow/Nodes/PortalTaskNode.php:112                            UnusedPrivateField  Avoid unused private fields such as '$config'.
/home/rubenlinde/memcap-work/lq-lanes/or-primitives/lib/Service/Flow/Nodes/UserTaskNode.php:104                              UnusedPrivateField  Avoid unused private fields such as '$config'.
/home/rubenlinde/memcap-work/lq-lanes/or-primitives/lib/Service/Flow/Nodes/UserTaskNode.php:111                              UnusedPrivateField  Avoid unused private fields such as '$performers'.
/home/rubenlinde/memcap-work/lq-lanes/or-primitives/lib/Service/Flow/Principal/PrincipalResolverRegistry.php:48              UnusedPrivateField  Avoid unused private fields such as '$resolvers'.
/home/rubenlinde/memcap-work/lq-lanes/or-primitives/lib/Service/Flow/Principal/PrincipalResolverRegistry.php:55              UnusedPrivateField  Avoid unused private fields such as '$loaded'.
/home/rubenlinde/memcap-work/lq-lanes/or-primitives/lib/Service/Flow/Timer/FlowTimerDefinitionStore.php:65                   UnusedPrivateField  Avoid unused private fields such as '$cache'.
/home/rubenlinde/memcap-work/lq-lanes/or-primitives/lib/Service/Flow/Timer/SlaCalculator.php:129                             UnusedPrivateField  Avoid unused private fields such as '$hoursClock'.
/home/rubenlinde/memcap-work/lq-lanes/or-primitives/lib/Service/Flow/Timer/SlaCalculator.php:136                             UnusedPrivateField  Avoid unused private fields such as '$declarations'.
/home/rubenlinde/memcap-work/lq-lanes/or-primitives/lib/Service/Flow/Timer/SlaCalculator.php:143                             UnusedPrivateField  Avoid unused private fields such as '$workingDayRoll'.
/home/rubenlinde/memcap-work/lq-lanes/or-primitives/lib/Service/Flow/Timer/WalkCollector.php:79                              UnusedPrivateField  Avoid unused private fields such as '$rows'.
/home/rubenlinde/memcap-work/lq-lanes/or-primitives/lib/Service/Flow/Timer/WalkCollector.php:86                              UnusedPrivateField  Avoid unused private fields such as '$examined'.
/home/rubenlinde/memcap-work/lq-lanes/or-primitives/lib/Service/Flow/Timer/WorkingCalendar.php:91                            UnusedPrivateField  Avoid unused private fields such as '$yearCache'.
/home/rubenlinde/memcap-work/lq-lanes/or-primitives/lib/Service/Flow/Timer/WorkingCalendarService.php:48                     UnusedPrivateField  Avoid unused private fields such as '$resolved'.
/home/rubenlinde/memcap-work/lq-lanes/or-primitives/lib/Service/FormLinkService.php:68                                       UnusedPrivateField  Avoid unused private fields such as '$formLinkMapper'.
/home/rubenlinde/memcap-work/lq-lanes/or-primitives/lib/Service/FormLinkService.php:76                                       UnusedPrivateField  Avoid unused private fields such as '$container'.
/home/rubenlinde/memcap-work/lq-lanes/or-primitives/lib/Service/FormLinkService.php:83                                       UnusedPrivateField  Avoid unused private fields such as '$appManager'.
/home/rubenlinde/memcap-work/lq-lanes/or-primitives/lib/Service/FormLinkService.php:91                                       UnusedPrivateField  Avoid unused private fields such as '$db'.
/home/rubenlinde/memcap-work/lq-lanes/or-primitives/lib/Service/FormLinkService.php:98                                       UnusedPrivateField  Avoid unused private fields such as '$userSession'.
/home/rubenlinde/memcap-work/lq-lanes/or-primitives/lib/Service/FormLinkService.php:105                                      UnusedPrivateField  Avoid unused private fields such as '$logger'.
/home/rubenlinde/memcap-work/lq-lanes/or-primitives/lib/Service/Gdpr/Evidence/EvidenceSourceRegistry.php:46                  UnusedPrivateField  Avoid unused private fields such as '$providers'.
/home/rubenlinde/memcap-work/lq-lanes/or-primitives/lib/Service/Gdpr/Identity/IdentityVerifyRegistry.php:50                  UnusedPrivateField  Avoid unused private fields such as '$providers'.
/home/rubenlinde/memcap-work/lq-lanes/or-primitives/lib/Service/Gdpr/Regulator/RegulatorEscalateRegistry.php:50              UnusedPrivateField  Avoid unused private fields such as '$providers'.
/home/rubenlinde/memcap-work/lq-lanes/or-primitives/lib/Service/Geo/PdokGeocoder.php:65                                      UnusedPrivateField  Avoid unused private fields such as '$transport'.
/home/rubenlinde/memcap-work/lq-lanes/or-primitives/lib/Service/GraphQL/GraphQLResolver.php:69                               UnusedPrivateField  Avoid unused private fields such as '$relationBuffer'.
/home/rubenlinde/memcap-work/lq-lanes/or-primitives/lib/Service/GraphQL/GraphQLResolver.php:76                               UnusedPrivateField  Avoid unused private fields such as '$relationCache'.
/home/rubenlinde/memcap-work/lq-lanes/or-primitives/lib/Service/GraphQL/GraphQLResolver.php:83                               UnusedPrivateField  Avoid unused private fields such as '$partialErrors'.
/home/rubenlinde/memcap-work/lq-lanes/or-primitives/lib/Service/GraphQL/QueryComplexityAnalyzer.php:51                       UnusedPrivateField  Avoid unused private fields such as '$schemaCosts'.
/home/rubenlinde/memcap-work/lq-lanes/or-primitives/lib/Service/GraphQL/SchemaGenerator.php:70                               UnusedPrivateField  Avoid unused private fields such as '$objectTypes'.
/home/rubenlinde/memcap-work/lq-lanes/or-primitives/lib/Service/GraphQL/SchemaGenerator.php:77                               UnusedPrivateField  Avoid unused private fields such as '$scalars'.
/home/rubenlinde/memcap-work/lq-lanes/or-primitives/lib/Service/GraphQL/SchemaGenerator.php:84                               UnusedPrivateField  Avoid unused private fields such as '$schemasById'.
/home/rubenlinde/memcap-work/lq-lanes/or-primitives/lib/Service/GraphQL/SchemaGenerator.php:91                               UnusedPrivateField  Avoid unused private fields such as '$registersById'.
/home/rubenlinde/memcap-work/lq-lanes/or-primitives/lib/Service/GraphQL/SchemaGenerator.php:98                               UnusedPrivateField  Avoid unused private fields such as '$usedTypeNames'.
/home/rubenlinde/memcap-work/lq-lanes/or-primitives/lib/Service/GraphQL/SchemaGenerator.php:105                              UnusedPrivateField  Avoid unused private fields such as '$resolver'.
/home/rubenlinde/memcap-work/lq-lanes/or-primitives/lib/Service/GraphQL/SchemaGenerator.php:112                              UnusedPrivateField  Avoid unused private fields such as '$typeMapper'.
/home/rubenlinde/memcap-work/lq-lanes/or-primitives/lib/Service/GraphQL/SchemaGenerator.php:119                              UnusedPrivateField  Avoid unused private fields such as '$compositionHandler'.
/home/rubenlinde/memcap-work/lq-lanes/or-primitives/lib/Service/GraphQL/SchemaGenerator/AggregationTypes.php:65              UnusedPrivateField  Avoid unused private fields such as '$groupByInputType'.
/home/rubenlinde/memcap-work/lq-lanes/or-primitives/lib/Service/GraphQL/SchemaGenerator/AggregationTypes.php:72              UnusedPrivateField  Avoid unused private fields such as '$timeIntervalType'.
/home/rubenlinde/memcap-work/lq-lanes/or-primitives/lib/Service/GraphQL/SchemaGenerator/AggregationTypes.php:80              UnusedPrivateField  Avoid unused private fields such as '$aggMetricType'.
/home/rubenlinde/memcap-work/lq-lanes/or-primitives/lib/Service/GraphQL/SchemaGenerator/AggregationTypes.php:88              UnusedPrivateField  Avoid unused private fields such as '$groupBucketType'.
/home/rubenlinde/memcap-work/lq-lanes/or-primitives/lib/Service/GraphQL/SchemaGenerator/AggregationTypes.php:95              UnusedPrivateField  Avoid unused private fields such as '$metricInputType'.
/home/rubenlinde/memcap-work/lq-lanes/or-primitives/lib/Service/GraphQL/SchemaGenerator/AggregationTypes.php:102             UnusedPrivateField  Avoid unused private fields such as '$scalars'.
/home/rubenlinde/memcap-work/lq-lanes/or-primitives/lib/Service/GraphQL/SchemaGenerator/CompositionHandler.php:42            UnusedPrivateField  Avoid unused private fields such as '$refResolver'.
/home/rubenlinde/memcap-work/lq-lanes/or-primitives/lib/Service/GraphQL/SchemaGenerator/CompositionHandler.php:49            UnusedPrivateField  Avoid unused private fields such as '$objectTypeFactory'.
/home/rubenlinde/memcap-work/lq-lanes/or-primitives/lib/Service/GraphQL/SchemaGenerator/CompositionHandler.php:56            UnusedPrivateField  Avoid unused private fields such as '$fieldBuilder'.
/home/rubenlinde/memcap-work/lq-lanes/or-primitives/lib/Service/GraphQL/SchemaGenerator/CompositionHandler.php:63            UnusedPrivateField  Avoid unused private fields such as '$typeNameConverter'.
/home/rubenlinde/memcap-work/lq-lanes/or-primitives/lib/Service/GraphQL/SchemaGenerator/TypeMapperHandler.php:54             UnusedPrivateField  Avoid unused private fields such as '$inputTypes'.
/home/rubenlinde/memcap-work/lq-lanes/or-primitives/lib/Service/GraphQL/SchemaGenerator/TypeMapperHandler.php:61             UnusedPrivateField  Avoid unused private fields such as '$connectionTypes'.
/home/rubenlinde/memcap-work/lq-lanes/or-primitives/lib/Service/GraphQL/SchemaGenerator/TypeMapperHandler.php:68             UnusedPrivateField  Avoid unused private fields such as '$scalars'.
/home/rubenlinde/memcap-work/lq-lanes/or-primitives/lib/Service/GraphQL/SchemaGenerator/TypeMapperHandler.php:75             UnusedPrivateField  Avoid unused private fields such as '$pageInfoType'.
/home/rubenlinde/memcap-work/lq-lanes/or-primitives/lib/Service/GraphQL/SchemaGenerator/TypeMapperHandler.php:82             UnusedPrivateField  Avoid unused private fields such as '$sortInputType'.
/home/rubenlinde/memcap-work/lq-lanes/or-primitives/lib/Service/GraphQL/SchemaGenerator/TypeMapperHandler.php:89             UnusedPrivateField  Avoid unused private fields such as '$selfFilterType'.
/home/rubenlinde/memcap-work/lq-lanes/or-primitives/lib/Service/GraphQL/SchemaGenerator/TypeMapperHandler.php:96             UnusedPrivateField  Avoid unused private fields such as '$auditTrailType'.
/home/rubenlinde/memcap-work/lq-lanes/or-primitives/lib/Service/GraphQL/SchemaGenerator/TypeMapperHandler.php:103            UnusedPrivateField  Avoid unused private fields such as '$aggregationTypes'.
/home/rubenlinde/memcap-work/lq-lanes/or-primitives/lib/Service/GraphQL/SchemaGenerator/TypeMapperHandler.php:110            UnusedPrivateField  Avoid unused private fields such as '$refResolver'.
/home/rubenlinde/memcap-work/lq-lanes/or-primitives/lib/Service/GraphQL/SchemaGenerator/TypeMapperHandler.php:117            UnusedPrivateField  Avoid unused private fields such as '$objectTypeFactory'.
/home/rubenlinde/memcap-work/lq-lanes/or-primitives/lib/Service/GraphQL/SchemaGenerator/TypeMapperHandler.php:124            UnusedPrivateField  Avoid unused private fields such as '$fieldNameConverter'.
/home/rubenlinde/memcap-work/lq-lanes/or-primitives/lib/Service/GraphQL/SchemaGenerator/TypeMapperHandler.php:131            UnusedPrivateField  Avoid unused private fields such as '$typeNameConverter'.
/home/rubenlinde/memcap-work/lq-lanes/or-primitives/lib/Service/ImportService.php:90                                         UnusedPrivateField  Avoid unused private fields such as '$schemaMapper'.
/home/rubenlinde/memcap-work/lq-lanes/or-primitives/lib/Service/ImportService.php:97                                         UnusedPrivateField  Avoid unused private fields such as '$objectService'.
/home/rubenlinde/memcap-work/lq-lanes/or-primitives/lib/Service/ImportService.php:132                                        UnusedPrivateField  Avoid unused private fields such as '$schemaPropertiesCache'.
/home/rubenlinde/memcap-work/lq-lanes/or-primitives/lib/Service/ImportService.php:139                                        UnusedPrivateField  Avoid unused private fields such as '$logger'.
/home/rubenlinde/memcap-work/lq-lanes/or-primitives/lib/Service/ImportService.php:146                                        UnusedPrivateField  Avoid unused private fields such as '$groupManager'.
/home/rubenlinde/memcap-work/lq-lanes/or-primitives/lib/Service/ImportService.php:153                                        UnusedPrivateField  Avoid unused private fields such as '$translationCsvCodec'.
/home/rubenlinde/memcap-work/lq-lanes/or-primitives/lib/Service/Integration/ExternalIntegrationRouter.php:74                 UnusedPrivateField  Avoid unused private fields such as '$connectorAvailable'.
/home/rubenlinde/memcap-work/lq-lanes/or-primitives/lib/Service/Integration/IntegrationRegistry.php:62                       UnusedPrivateField  Avoid unused private fields such as '$providers'.
/home/rubenlinde/memcap-work/lq-lanes/or-primitives/lib/Service/Integration/IntegrationRegistry.php:77                       UnusedPrivateField  Avoid unused private fields such as '$pageWidgets'.
/home/rubenlinde/memcap-work/lq-lanes/or-primitives/lib/Service/Integration/IntegrationRegistry.php:90                       UnusedPrivateField  Avoid unused private fields such as '$leafLoader'.
/home/rubenlinde/memcap-work/lq-lanes/or-primitives/lib/Service/Integration/IntegrationRegistry.php:97                       UnusedPrivateField  Avoid unused private fields such as '$leavesLoaded'.
/home/rubenlinde/memcap-work/lq-lanes/or-primitives/lib/Service/Integration/LeafRegistry.php:62                              UnusedPrivateField  Avoid unused private fields such as '$loaded'.
/home/rubenlinde/memcap-work/lq-lanes/or-primitives/lib/Service/Integration/LeafRegistry.php:69                              UnusedPrivateField  Avoid unused private fields such as '$descriptors'.
/home/rubenlinde/memcap-work/lq-lanes/or-primitives/lib/Service/Integration/LeafRegistry.php:76                              UnusedPrivateField  Avoid unused private fields such as '$leafBundle'.
/home/rubenlinde/memcap-work/lq-lanes/or-primitives/lib/Service/Integration/Providers/CospendProvider.php:87                 UnusedPrivateField  Avoid unused private fields such as '$container'.
/home/rubenlinde/memcap-work/lq-lanes/or-primitives/lib/Service/Integration/Providers/MessageDispatchProvider.php:118        UnusedPrivateField  Avoid unused private fields such as '$targetSource'.
/home/rubenlinde/memcap-work/lq-lanes/or-primitives/lib/Service/Integration/Providers/SharesProvider.php:114                 UnusedPrivateField  Avoid unused private fields such as '$container'.
/home/rubenlinde/memcap-work/lq-lanes/or-primitives/lib/Service/Integration/TimeProvider.php:56                              UnusedPrivateField  Avoid unused private fields such as '$appConfig'.
/home/rubenlinde/memcap-work/lq-lanes/or-primitives/lib/Service/Interaction/FavouriteService.php:51                          UnusedPrivateField  Avoid unused private fields such as '$starredByCallerMemo'.
/home/rubenlinde/memcap-work/lq-lanes/or-primitives/lib/Service/Interaction/ReadStateService.php:70                          UnusedPrivateField  Avoid unused private fields such as '$seenByCallerMemo'.
/home/rubenlinde/memcap-work/lq-lanes/or-primitives/lib/Service/Interaction/SubstantiveChangeEvaluator.php:77                UnusedPrivateField  Avoid unused private fields such as '$annotationMemo'.
/home/rubenlinde/memcap-work/lq-lanes/or-primitives/lib/Service/Interaction/WatcherService.php:85                            UnusedPrivateField  Avoid unused private fields such as '$watchedByCallerMemo'.
/home/rubenlinde/memcap-work/lq-lanes/or-primitives/lib/Service/Interaction/WatcherService.php:92                            UnusedPrivateField  Avoid unused private fields such as '$countsMemo'.
/home/rubenlinde/memcap-work/lq-lanes/or-primitives/lib/Service/Interaction/WatcherService.php:99                            UnusedPrivateField  Avoid unused private fields such as '$countsComplete'.
/home/rubenlinde/memcap-work/lq-lanes/or-primitives/lib/Service/JsonLd/JsonLdContextService.php:64                           UnusedPrivateField  Avoid unused private fields such as '$contextCache'.
/home/rubenlinde/memcap-work/lq-lanes/or-primitives/lib/Service/LanguageService.php:47                                       UnusedPrivateField  Avoid unused private fields such as '$preferredLanguage'.
/home/rubenlinde/memcap-work/lq-lanes/or-primitives/lib/Service/LanguageService.php:54                                       UnusedPrivateField  Avoid unused private fields such as '$acceptedLanguages'.
/home/rubenlinde/memcap-work/lq-lanes/or-primitives/lib/Service/LanguageService.php:61                                       UnusedPrivateField  Avoid unused private fields such as '$returnAll'.
/home/rubenlinde/memcap-work/lq-lanes/or-primitives/lib/Service/LanguageService.php:68                                       UnusedPrivateField  Avoid unused private fields such as '$fallbackUsed'.
/home/rubenlinde/memcap-work/lq-lanes/or-primitives/lib/Service/LanguageService.php:81                                       UnusedPrivateField  Avoid unused private fields such as '$requestedLanguageSource'.
/home/rubenlinde/memcap-work/lq-lanes/or-primitives/lib/Service/LanguageService.php:95                                       UnusedPrivateField  Avoid unused private fields such as '$targetLanguage'.
/home/rubenlinde/memcap-work/lq-lanes/or-primitives/lib/Service/Lifecycle/AutoTransitionPass.php:86                          UnusedPrivateField  Avoid unused private fields such as '$depth'.
/home/rubenlinde/memcap-work/lq-lanes/or-primitives/lib/Service/Lifecycle/AutoTransitionPass.php:93                          UnusedPrivateField  Avoid unused private fields such as '$draining'.
/home/rubenlinde/memcap-work/lq-lanes/or-primitives/lib/Service/Lifecycle/AutoTransitionPass.php:100                         UnusedPrivateField  Avoid unused private fields such as '$pending'.
/home/rubenlinde/memcap-work/lq-lanes/or-primitives/lib/Service/Lifecycle/AutoTransitionPass.php:111                         UnusedPrivateField  Avoid unused private fields such as '$previous'.
/home/rubenlinde/memcap-work/lq-lanes/or-primitives/lib/Service/Lifecycle/AutoTransitionPass.php:118                         UnusedPrivateField  Avoid unused private fields such as '$lineage'.
/home/rubenlinde/memcap-work/lq-lanes/or-primitives/lib/Service/Lifecycle/AutoTransitionPass.php:128                         UnusedPrivateField  Avoid unused private fields such as '$applying'.
/home/rubenlinde/memcap-work/lq-lanes/or-primitives/lib/Service/Lifecycle/AutoTransitionPass.php:135                         UnusedPrivateField  Avoid unused private fields such as '$flushHooked'.
/home/rubenlinde/memcap-work/lq-lanes/or-primitives/lib/Service/Lifecycle/LifecycleActionContext.php:61                      UnusedPrivateField  Avoid unused private fields such as '$declared'.
/home/rubenlinde/memcap-work/lq-lanes/or-primitives/lib/Service/Lifecycle/LifecycleActionProviderRegistry.php:58             UnusedPrivateField  Avoid unused private fields such as '$cache'.
/home/rubenlinde/memcap-work/lq-lanes/or-primitives/lib/Service/Lifecycle/LifecycleActionRegistry.php:79                     UnusedPrivateField  Avoid unused private fields such as '$cache'.
/home/rubenlinde/memcap-work/lq-lanes/or-primitives/lib/Service/Lifecycle/LifecycleFinalStateResolver.php:61                 UnusedPrivateField  Avoid unused private fields such as '$memo'.
/home/rubenlinde/memcap-work/lq-lanes/or-primitives/lib/Service/Lifecycle/LifecycleGuardRegistry.php:53                      UnusedPrivateField  Avoid unused private fields such as '$cache'.
/home/rubenlinde/memcap-work/lq-lanes/or-primitives/lib/Service/Lifecycle/StateFieldRuleResolver.php:73                      UnusedPrivateField  Avoid unused private fields such as '$memo'.
/home/rubenlinde/memcap-work/lq-lanes/or-primitives/lib/Service/LogService.php:60                                            UnusedPrivateField  Avoid unused private fields such as '$auditTrailMapper'.
/home/rubenlinde/memcap-work/lq-lanes/or-primitives/lib/Service/LogService.php:69                                            UnusedPrivateField  Avoid unused private fields such as '$unifiedObjectMapper'.
/home/rubenlinde/memcap-work/lq-lanes/or-primitives/lib/Service/LogService.php:78                                            UnusedPrivateField  Avoid unused private fields such as '$registerMapper'.
/home/rubenlinde/memcap-work/lq-lanes/or-primitives/lib/Service/LogService.php:87                                            UnusedPrivateField  Avoid unused private fields such as '$schemaMapper'.
/home/rubenlinde/memcap-work/lq-lanes/or-primitives/lib/Service/MappingService.php:70                                        UnusedPrivateField  Avoid unused private fields such as '$twig'.
/home/rubenlinde/memcap-work/lq-lanes/or-primitives/lib/Service/MappingService.php:77                                        UnusedPrivateField  Avoid unused private fields such as '$templateCache'.
/home/rubenlinde/memcap-work/lq-lanes/or-primitives/lib/Service/MappingService.php:84                                        UnusedPrivateField  Avoid unused private fields such as '$mappingCache'.
/home/rubenlinde/memcap-work/lq-lanes/or-primitives/lib/Service/Mcp/McpProtocolService.php:78                                UnusedPrivateField  Avoid unused private fields such as '$sessionCache'.
/home/rubenlinde/memcap-work/lq-lanes/or-primitives/lib/Service/Mcp/McpToolsService.php:59                                   UnusedPrivateField  Avoid unused private fields such as '$providers'.
/home/rubenlinde/memcap-work/lq-lanes/or-primitives/lib/Service/McpDiscoveryService.php:68                                   UnusedPrivateField  Avoid unused private fields such as '$registerMapper'.
/home/rubenlinde/memcap-work/lq-lanes/or-primitives/lib/Service/McpDiscoveryService.php:75                                   UnusedPrivateField  Avoid unused private fields such as '$schemaMapper'.
/home/rubenlinde/memcap-work/lq-lanes/or-primitives/lib/Service/McpDiscoveryService.php:82                                   UnusedPrivateField  Avoid unused private fields such as '$urlGenerator'.
/home/rubenlinde/memcap-work/lq-lanes/or-primitives/lib/Service/MetricsService.php:52                                        UnusedPrivateField  Avoid unused private fields such as '$db'.
/home/rubenlinde/memcap-work/lq-lanes/or-primitives/lib/Service/MetricsService.php:59                                        UnusedPrivateField  Avoid unused private fields such as '$logger'.
/home/rubenlinde/memcap-work/lq-lanes/or-primitives/lib/Service/MigrationService.php:50                                      UnusedPrivateField  Avoid unused private fields such as '$scopedSchemaResolver'.
/home/rubenlinde/memcap-work/lq-lanes/or-primitives/lib/Service/NoteService.php:52                                           UnusedPrivateField  Avoid unused private fields such as '$commentsManager'.
/home/rubenlinde/memcap-work/lq-lanes/or-primitives/lib/Service/NoteService.php:59                                           UnusedPrivateField  Avoid unused private fields such as '$userSession'.
/home/rubenlinde/memcap-work/lq-lanes/or-primitives/lib/Service/NoteService.php:66                                           UnusedPrivateField  Avoid unused private fields such as '$userManager'.
/home/rubenlinde/memcap-work/lq-lanes/or-primitives/lib/Service/NoteService.php:73                                           UnusedPrivateField  Avoid unused private fields such as '$logger'.
/home/rubenlinde/memcap-work/lq-lanes/or-primitives/lib/Service/Notification/AnnotationNotificationDispatcher.php:89         UnusedPrivateField  Avoid unused private fields such as '$lazyNcSender'.
/home/rubenlinde/memcap-work/lq-lanes/or-primitives/lib/Service/Notification/AnnotationNotificationDispatcher.php:96         UnusedPrivateField  Avoid unused private fields such as '$lazyEmailSender'.
/home/rubenlinde/memcap-work/lq-lanes/or-primitives/lib/Service/Notification/AnnotationNotificationDispatcher.php:103        UnusedPrivateField  Avoid unused private fields such as '$lazyTalkSender'.
/home/rubenlinde/memcap-work/lq-lanes/or-primitives/lib/Service/Notification/AnnotationNotificationDispatcher.php:110        UnusedPrivateField  Avoid unused private fields such as '$lazyRecipientResolver'.
/home/rubenlinde/memcap-work/lq-lanes/or-primitives/lib/Service/Notification/AnnotationNotificationDispatcher.php:117        UnusedPrivateField  Avoid unused private fields such as '$lazyTemplating'.
/home/rubenlinde/memcap-work/lq-lanes/or-primitives/lib/Service/Notification/AnnotationNotificationDispatcher.php:124        UnusedPrivateField  Avoid unused private fields such as '$reachRecorder'.
/home/rubenlinde/memcap-work/lq-lanes/or-primitives/lib/Service/Notification/NotificationAnnotationValidator.php:91          UnusedPrivateField  Avoid unused private fields such as '$filterParser'.
/home/rubenlinde/memcap-work/lq-lanes/or-primitives/lib/Service/Notification/NotificationAnnotationValidator.php:98          UnusedPrivateField  Avoid unused private fields such as '$forcedChannels'.
/home/rubenlinde/memcap-work/lq-lanes/or-primitives/lib/Service/Notification/NotificationCoalescer.php:76                    UnusedPrivateField  Avoid unused private fields such as '$cache'.
/home/rubenlinde/memcap-work/lq-lanes/or-primitives/lib/Service/Notification/NotificationCoalescer.php:85                    UnusedPrivateField  Avoid unused private fields such as '$timeProvider'.
/home/rubenlinde/memcap-work/lq-lanes/or-primitives/lib/Service/Notification/NotificationPreferenceService.php:116           UnusedPrivateField  Avoid unused private fields such as '$groupCache'.
/home/rubenlinde/memcap-work/lq-lanes/or-primitives/lib/Service/Notification/NotificationRecipientResolver.php:58            UnusedPrivateField  Avoid unused private fields such as '$userExistsCache'.
/home/rubenlinde/memcap-work/lq-lanes/or-primitives/lib/Service/Notification/NotificationTemplateRegistry.php:310            UnusedPrivateField  Avoid unused private fields such as '$events'.
/home/rubenlinde/memcap-work/lq-lanes/or-primitives/lib/Service/Notification/NotificationTemplateRegistry.php:317            UnusedPrivateField  Avoid unused private fields such as '$shipped'.
/home/rubenlinde/memcap-work/lq-lanes/or-primitives/lib/Service/Notification/NotificationTemplating.php:45                   UnusedPrivateField  Avoid unused private fields such as '$relationDisplayCache'.
/home/rubenlinde/memcap-work/lq-lanes/or-primitives/lib/Service/Notification/RateLimiter.php:73                              UnusedPrivateField  Avoid unused private fields such as '$cache'.
/home/rubenlinde/memcap-work/lq-lanes/or-primitives/lib/Service/Notification/RateLimiter.php:82                              UnusedPrivateField  Avoid unused private fields such as '$timeProvider'.
/home/rubenlinde/memcap-work/lq-lanes/or-primitives/lib/Service/Notification/RuleReachRecorder.php:67                        UnusedPrivateField  Avoid unused private fields such as '$reachedNobody'.
/home/rubenlinde/memcap-work/lq-lanes/or-primitives/lib/Service/Notification/ScheduledFilterEvaluator.php:74                 UnusedPrivateField  Avoid unused private fields such as '$logger'.
/home/rubenlinde/memcap-work/lq-lanes/or-primitives/lib/Service/Notification/ScheduledFilterEvaluator.php:81                 UnusedPrivateField  Avoid unused private fields such as '$parser'.
/home/rubenlinde/memcap-work/lq-lanes/or-primitives/lib/Service/Oas/OasRbacAnnotator.php:61                                  UnusedPrivateField  Avoid unused private fields such as '$authorization'.
/home/rubenlinde/memcap-work/lq-lanes/or-primitives/lib/Service/Oas/OasValidationReport.php:72                               UnusedPrivateField  Avoid unused private fields such as '$issues'.
/home/rubenlinde/memcap-work/lq-lanes/or-primitives/lib/Service/OasService.php:77                                            UnusedPrivateField  Avoid unused private fields such as '$oas'.
/home/rubenlinde/memcap-work/lq-lanes/or-primitives/lib/Service/OasService.php:86                                            UnusedPrivateField  Avoid unused private fields such as '$registerMapper'.
/home/rubenlinde/memcap-work/lq-lanes/or-primitives/lib/Service/OasService.php:95                                            UnusedPrivateField  Avoid unused private fields such as '$schemaMapper'.
/home/rubenlinde/memcap-work/lq-lanes/or-primitives/lib/Service/OasService.php:104                                           UnusedPrivateField  Avoid unused private fields such as '$urlGenerator'.
/home/rubenlinde/memcap-work/lq-lanes/or-primitives/lib/Service/OasService.php:111                                           UnusedPrivateField  Avoid unused private fields such as '$logger'.
/home/rubenlinde/memcap-work/lq-lanes/or-primitives/lib/Service/OasService.php:118                                           UnusedPrivateField  Avoid unused private fields such as '$report'.
/home/rubenlinde/memcap-work/lq-lanes/or-primitives/lib/Service/OasService.php:137                                           UnusedPrivateField  Avoid unused private fields such as '$rbacAnnotator'.
/home/rubenlinde/memcap-work/lq-lanes/or-primitives/lib/Service/Object/BatchOperationStatus.php:58                           UnusedPrivateField  Avoid unused private fields such as '$startedAt'.
/home/rubenlinde/memcap-work/lq-lanes/or-primitives/lib/Service/Object/BatchOperationStatus.php:65                           UnusedPrivateField  Avoid unused private fields such as '$completedAt'.
/home/rubenlinde/memcap-work/lq-lanes/or-primitives/lib/Service/Object/BatchOperationStatus.php:72                           UnusedPrivateField  Avoid unused private fields such as '$created'.
/home/rubenlinde/memcap-work/lq-lanes/or-primitives/lib/Service/Object/BatchOperationStatus.php:79                           UnusedPrivateField  Avoid unused private fields such as '$updated'.
/home/rubenlinde/memcap-work/lq-lanes/or-primitives/lib/Service/Object/BatchOperationStatus.php:86                           UnusedPrivateField  Avoid unused private fields such as '$unchanged'.
/home/rubenlinde/memcap-work/lq-lanes/or-primitives/lib/Service/Object/BatchOperationStatus.php:93                           UnusedPrivateField  Avoid unused private fields such as '$failed'.
/home/rubenlinde/memcap-work/lq-lanes/or-primitives/lib/Service/Object/BatchOperationStatus.php:100                          UnusedPrivateField  Avoid unused private fields such as '$referenceCacheHits'.
/home/rubenlinde/memcap-work/lq-lanes/or-primitives/lib/Service/Object/BatchOperationStatus.php:107                          UnusedPrivateField  Avoid unused private fields such as '$referenceCacheMisses'.
/home/rubenlinde/memcap-work/lq-lanes/or-primitives/lib/Service/Object/CacheHandler.php:73                                   UnusedPrivateField  Avoid unused private fields such as '$objectCache'.
/home/rubenlinde/memcap-work/lq-lanes/or-primitives/lib/Service/Object/CacheHandler.php:80                                   UnusedPrivateField  Avoid unused private fields such as '$maxCacheSize'.
/home/rubenlinde/memcap-work/lq-lanes/or-primitives/lib/Service/Object/CacheHandler.php:103                                  UnusedPrivateField  Avoid unused private fields such as '$nameCache'.
/home/rubenlinde/memcap-work/lq-lanes/or-primitives/lib/Service/Object/CacheHandler.php:116                                  UnusedPrivateField  Avoid unused private fields such as '$nameOrganisations'.
/home/rubenlinde/memcap-work/lq-lanes/or-primitives/lib/Service/Object/CacheHandler.php:128                                  UnusedPrivateField  Avoid unused private fields such as '$nameScope'.
/home/rubenlinde/memcap-work/lq-lanes/or-primitives/lib/Service/Object/CacheHandler.php:135                                  UnusedPrivateField  Avoid unused private fields such as '$nameScopeResolved'.
/home/rubenlinde/memcap-work/lq-lanes/or-primitives/lib/Service/Object/CacheHandler.php:142                                  UnusedPrivateField  Avoid unused private fields such as '$nameDistributedCache'.
/home/rubenlinde/memcap-work/lq-lanes/or-primitives/lib/Service/Object/CacheHandler.php:158                                  UnusedPrivateField  Avoid unused private fields such as '$stats'.
/home/rubenlinde/memcap-work/lq-lanes/or-primitives/lib/Service/Object/CacheHandler.php:174                                  UnusedPrivateField  Avoid unused private fields such as '$queryCache'.
/home/rubenlinde/memcap-work/lq-lanes/or-primitives/lib/Service/Object/CacheHandler.php:181                                  UnusedPrivateField  Avoid unused private fields such as '$inMemoryQueryCache'.
/home/rubenlinde/memcap-work/lq-lanes/or-primitives/lib/Service/Object/CacheHandler.php:188                                  UnusedPrivateField  Avoid unused private fields such as '$userSession'.
/home/rubenlinde/memcap-work/lq-lanes/or-primitives/lib/Service/Object/CacheHandler.php:195                                  UnusedPrivateField  Avoid unused private fields such as '$container'.
/home/rubenlinde/memcap-work/lq-lanes/or-primitives/lib/Service/Object/CacheHandler.php:202                                  UnusedPrivateField  Avoid unused private fields such as '$objectMapper'.
/home/rubenlinde/memcap-work/lq-lanes/or-primitives/lib/Service/Object/ContentSearchHandler.php:97                           UnusedPrivateField  Avoid unused private fields such as '$candidateCache'.
/home/rubenlinde/memcap-work/lq-lanes/or-primitives/lib/Service/Object/DeleteObject.php:84                                   UnusedPrivateField  Avoid unused private fields such as '$lastCascadeCount'.
/home/rubenlinde/memcap-work/lq-lanes/or-primitives/lib/Service/Object/DeleteObject.php:94                                   UnusedPrivateField  Avoid unused private fields such as '$lastRetainedTargets'.
/home/rubenlinde/memcap-work/lq-lanes/or-primitives/lib/Service/Object/DeleteObject.php:101                                  UnusedPrivateField  Avoid unused private fields such as '$auditTrailMapper'.
/home/rubenlinde/memcap-work/lq-lanes/or-primitives/lib/Service/Object/DeleteObject.php:108                                  UnusedPrivateField  Avoid unused private fields such as '$settingsService'.
/home/rubenlinde/memcap-work/lq-lanes/or-primitives/lib/Service/Object/DeleteObject.php:115                                  UnusedPrivateField  Avoid unused private fields such as '$logger'.
/home/rubenlinde/memcap-work/lq-lanes/or-primitives/lib/Service/Object/DeleteObject.php:122                                  UnusedPrivateField  Avoid unused private fields such as '$integrityService'.
/home/rubenlinde/memcap-work/lq-lanes/or-primitives/lib/Service/Object/DeleteObject.php:129                                  UnusedPrivateField  Avoid unused private fields such as '$db'.
/home/rubenlinde/memcap-work/lq-lanes/or-primitives/lib/Service/Object/FacetCacheVersion.php:114                             UnusedPrivateField  Avoid unused private fields such as '$cache'.
/home/rubenlinde/memcap-work/lq-lanes/or-primitives/lib/Service/Object/FacetCacheVersion.php:128                             UnusedPrivateField  Avoid unused private fields such as '$bumpedThisRequest'.
/home/rubenlinde/memcap-work/lq-lanes/or-primitives/lib/Service/Object/FacetResponseCache.php:81                             UnusedPrivateField  Avoid unused private fields such as '$facetCache'.
/home/rubenlinde/memcap-work/lq-lanes/or-primitives/lib/Service/Object/PermissionHandler.php:110                             UnusedPrivateField  Avoid unused private fields such as '$cachedRegisterAuth'.
/home/rubenlinde/memcap-work/lq-lanes/or-primitives/lib/Service/Object/PermissionHandler.php:117                             UnusedPrivateField  Avoid unused private fields such as '$cachedInheritFromPublic'.
/home/rubenlinde/memcap-work/lq-lanes/or-primitives/lib/Service/Object/PermissionHandler.php:126                             UnusedPrivateField  Avoid unused private fields such as '$cachedRegisterConfig'.
/home/rubenlinde/memcap-work/lq-lanes/or-primitives/lib/Service/Object/PermissionHandler.php:145                             UnusedPrivateField  Avoid unused private fields such as '$permissionCache'.
/home/rubenlinde/memcap-work/lq-lanes/or-primitives/lib/Service/Object/PermissionHandler.php:2309                            UnusedPrivateField  Avoid unused private fields such as '$deprecationWarnedActions'.
/home/rubenlinde/memcap-work/lq-lanes/or-primitives/lib/Service/Object/ReferentialIntegrityService.php:126                   UnusedPrivateField  Avoid unused private fields such as '$relationIndex'.
/home/rubenlinde/memcap-work/lq-lanes/or-primitives/lib/Service/Object/ReferentialIntegrityService.php:133                   UnusedPrivateField  Avoid unused private fields such as '$schemaCache'.
/home/rubenlinde/memcap-work/lq-lanes/or-primitives/lib/Service/Object/ReferentialIntegrityService.php:140                   UnusedPrivateField  Avoid unused private fields such as '$schemaRegisterMap'.
/home/rubenlinde/memcap-work/lq-lanes/or-primitives/lib/Service/Object/RenderObject.php:101                                  UnusedPrivateField  Avoid unused private fields such as '$registersCache'.
/home/rubenlinde/memcap-work/lq-lanes/or-primitives/lib/Service/Object/RenderObject.php:108                                  UnusedPrivateField  Avoid unused private fields such as '$schemasCache'.
/home/rubenlinde/memcap-work/lq-lanes/or-primitives/lib/Service/Object/RenderObject.php:115                                  UnusedPrivateField  Avoid unused private fields such as '$objectsCache'.
/home/rubenlinde/memcap-work/lq-lanes/or-primitives/lib/Service/Object/RenderObject.php:125                                  UnusedPrivateField  Avoid unused private fields such as '$ultraPreloadCache'.
/home/rubenlinde/memcap-work/lq-lanes/or-primitives/lib/Service/Object/RenderObject.php:133                                  UnusedPrivateField  Avoid unused private fields such as '$inverseRelationCache'.
/home/rubenlinde/memcap-work/lq-lanes/or-primitives/lib/Service/Object/RenderObject.php:145                                  UnusedPrivateField  Avoid unused private fields such as '$batchFileIdsCache'.
/home/rubenlinde/memcap-work/lq-lanes/or-primitives/lib/Service/Object/RenderObject.php:157                                  UnusedPrivateField  Avoid unused private fields such as '$fileObjectCache'.
/home/rubenlinde/memcap-work/lq-lanes/or-primitives/lib/Service/Object/RenderObject.php:164                                  UnusedPrivateField  Avoid unused private fields such as '$fileTagsCache'.
/home/rubenlinde/memcap-work/lq-lanes/or-primitives/lib/Service/Object/RenderObject.php:176                                  UnusedPrivateField  Avoid unused private fields such as '$pageRenderActive'.
/home/rubenlinde/memcap-work/lq-lanes/or-primitives/lib/Service/Object/RenderObject.php:189                                  UnusedPrivateField  Avoid unused private fields such as '$relationTypes'.
/home/rubenlinde/memcap-work/lq-lanes/or-primitives/lib/Service/Object/RenderObject.php:196                                  UnusedPrivateField  Avoid unused private fields such as '$linkExposure'.
/home/rubenlinde/memcap-work/lq-lanes/or-primitives/lib/Service/Object/RevertHandler.php:54                                  UnusedPrivateField  Avoid unused private fields such as '$auditTrailMapper'.
/home/rubenlinde/memcap-work/lq-lanes/or-primitives/lib/Service/Object/RevertHandler.php:61                                  UnusedPrivateField  Avoid unused private fields such as '$container'.
/home/rubenlinde/memcap-work/lq-lanes/or-primitives/lib/Service/Object/RevertHandler.php:68                                  UnusedPrivateField  Avoid unused private fields such as '$eventDispatcher'.
/home/rubenlinde/memcap-work/lq-lanes/or-primitives/lib/Service/Object/RevertHandler.php:75                                  UnusedPrivateField  Avoid unused private fields such as '$objectEntityMapper'.
/home/rubenlinde/memcap-work/lq-lanes/or-primitives/lib/Service/Object/RevertHandler.php:82                                  UnusedPrivateField  Avoid unused private fields such as '$permissionHandler'.
/home/rubenlinde/memcap-work/lq-lanes/or-primitives/lib/Service/Object/SaveObject.php:180                                    UnusedPrivateField  Avoid unused private fields such as '$twig'.
/home/rubenlinde/memcap-work/lq-lanes/or-primitives/lib/Service/Object/SaveObject.php:192                                    UnusedPrivateField  Avoid unused private fields such as '$versionHandler'.
/home/rubenlinde/memcap-work/lq-lanes/or-primitives/lib/Service/Object/SaveObject.php:202                                    UnusedPrivateField  Avoid unused private fields such as '$createdSubObjects'.
/home/rubenlinde/memcap-work/lq-lanes/or-primitives/lib/Service/Object/SaveObject.php:213                                    UnusedPrivateField  Avoid unused private fields such as '$schemaCache'.
/home/rubenlinde/memcap-work/lq-lanes/or-primitives/lib/Service/Object/SaveObject.php:223                                    UnusedPrivateField  Avoid unused private fields such as '$registerCache'.
/home/rubenlinde/memcap-work/lq-lanes/or-primitives/lib/Service/Object/SaveObject.php:233                                    UnusedPrivateField  Avoid unused private fields such as '$schemaReferenceCache'.
/home/rubenlinde/memcap-work/lq-lanes/or-primitives/lib/Service/Object/SaveObject.php:254                                    UnusedPrivateField  Avoid unused private fields such as '$referenceValidationCache'.
/home/rubenlinde/memcap-work/lq-lanes/or-primitives/lib/Service/Object/SaveObject.php:279                                    UnusedPrivateField  Avoid unused private fields such as '$lastSaveOutcome'.
/home/rubenlinde/memcap-work/lq-lanes/or-primitives/lib/Service/Object/SaveObject.php:298                                    UnusedPrivateField  Avoid unused private fields such as '$saveCallStack'.
/home/rubenlinde/memcap-work/lq-lanes/or-primitives/lib/Service/Object/SaveObject.php:308                                    UnusedPrivateField  Avoid unused private fields such as '$saveCallStackIndex'.
/home/rubenlinde/memcap-work/lq-lanes/or-primitives/lib/Service/Object/SaveObject/ComputedFieldHandler.php:71                UnusedPrivateField  Avoid unused private fields such as '$twig'.
/home/rubenlinde/memcap-work/lq-lanes/or-primitives/lib/Service/Object/SaveObjects.php:158                                   UnusedPrivateField  Avoid unused private fields such as '$schemaCache'.
/home/rubenlinde/memcap-work/lq-lanes/or-primitives/lib/Service/Object/SaveObjects.php:165                                   UnusedPrivateField  Avoid unused private fields such as '$schemaAnalysisCache'.
/home/rubenlinde/memcap-work/lq-lanes/or-primitives/lib/Service/Object/SaveObjects.php:172                                   UnusedPrivateField  Avoid unused private fields such as '$registerCache'.
/home/rubenlinde/memcap-work/lq-lanes/or-primitives/lib/Service/Object/SaveObjects/PreparationHandler.php:53                 UnusedPrivateField  Avoid unused private fields such as '$schemaCache'.
/home/rubenlinde/memcap-work/lq-lanes/or-primitives/lib/Service/Object/SearchQueryHandler.php:111                            UnusedPrivateField  Avoid unused private fields such as '$recordingModeMemo'.
/home/rubenlinde/memcap-work/lq-lanes/or-primitives/lib/Service/Object/SearchQueryHandler.php:124                            UnusedPrivateField  Avoid unused private fields such as '$searchTrailBuffer'.
/home/rubenlinde/memcap-work/lq-lanes/or-primitives/lib/Service/Object/SearchQueryHandler.php:131                            UnusedPrivateField  Avoid unused private fields such as '$trailFlushRegistered'.
/home/rubenlinde/memcap-work/lq-lanes/or-primitives/lib/Service/Object/ValidateObject.php:103                                UnusedPrivateField  Avoid unused private fields such as '$validator'.
/home/rubenlinde/memcap-work/lq-lanes/or-primitives/lib/Service/Object/ValidateObject.php:119                                UnusedPrivateField  Avoid unused private fields such as '$preparedSchemaCache'.
/home/rubenlinde/memcap-work/lq-lanes/or-primitives/lib/Service/ObjectService.php:188                                        UnusedPrivateField  Avoid unused private fields such as '$currentRegister'.
/home/rubenlinde/memcap-work/lq-lanes/or-primitives/lib/Service/ObjectService.php:195                                        UnusedPrivateField  Avoid unused private fields such as '$currentSchema'.
/home/rubenlinde/memcap-work/lq-lanes/or-primitives/lib/Service/ObjectService.php:207                                        UnusedPrivateField  Avoid unused private fields such as '$currentSchemaRef'.
/home/rubenlinde/memcap-work/lq-lanes/or-primitives/lib/Service/ObjectService.php:220                                        UnusedPrivateField  Avoid unused private fields such as '$scopedSchemaResolver'.
/home/rubenlinde/memcap-work/lq-lanes/or-primitives/lib/Service/ObjectService.php:227                                        UnusedPrivateField  Avoid unused private fields such as '$currentObject'.
/home/rubenlinde/memcap-work/lq-lanes/or-primitives/lib/Service/ObjectService.php:244                                        UnusedPrivateField  Avoid unused private fields such as '$uuidScopeCache'.
/home/rubenlinde/memcap-work/lq-lanes/or-primitives/lib/Service/ObjectService.php:258                                        UnusedPrivateField  Avoid unused private fields such as '$repeatingGroupValidator'.
/home/rubenlinde/memcap-work/lq-lanes/or-primitives/lib/Service/ObjectService.php:265                                        UnusedPrivateField  Avoid unused private fields such as '$notSuppliedHandler'.
/home/rubenlinde/memcap-work/lq-lanes/or-primitives/lib/Service/ObjectSource/DbalObjectSourceException.php:41                UnusedPrivateField  Avoid unused private fields such as '$statusCode'.
/home/rubenlinde/memcap-work/lq-lanes/or-primitives/lib/Service/ObjectSource/DbalWriteException.php:45                       UnusedPrivateField  Avoid unused private fields such as '$statusCode'.
/home/rubenlinde/memcap-work/lq-lanes/or-primitives/lib/Service/ObjectSource/ObjectSourceRegistry.php:48                     UnusedPrivateField  Avoid unused private fields such as '$providers'.
/home/rubenlinde/memcap-work/lq-lanes/or-primitives/lib/Service/Operations/ConsistencyCheckService.php:67                    UnusedPrivateField  Avoid unused private fields such as '$probes'.
/home/rubenlinde/memcap-work/lq-lanes/or-primitives/lib/Service/Operations/JobRunRecorder.php:71                             UnusedPrivateField  Avoid unused private fields such as '$depth'.
/home/rubenlinde/memcap-work/lq-lanes/or-primitives/lib/Service/OrganisationService.php:117                                  UnusedPrivateField  Avoid unused private fields such as '$defaultOrgCache'.
/home/rubenlinde/memcap-work/lq-lanes/or-primitives/lib/Service/OrganisationService.php:124                                  UnusedPrivateField  Avoid unused private fields such as '$defaultOrgCacheTs'.
/home/rubenlinde/memcap-work/lq-lanes/or-primitives/lib/Service/OrganisationService.php:131                                  UnusedPrivateField  Avoid unused private fields such as '$userOrgsCache'.
/home/rubenlinde/memcap-work/lq-lanes/or-primitives/lib/Service/OrganisationService.php:138                                  UnusedPrivateField  Avoid unused private fields such as '$organisationMapper'.
/home/rubenlinde/memcap-work/lq-lanes/or-primitives/lib/Service/OrganisationService.php:145                                  UnusedPrivateField  Avoid unused private fields such as '$appConfig'.
/home/rubenlinde/memcap-work/lq-lanes/or-primitives/lib/Service/OrganisationService.php:152                                  UnusedPrivateField  Avoid unused private fields such as '$userSession'.
/home/rubenlinde/memcap-work/lq-lanes/or-primitives/lib/Service/OrganisationService.php:159                                  UnusedPrivateField  Avoid unused private fields such as '$session'.
/home/rubenlinde/memcap-work/lq-lanes/or-primitives/lib/Service/OrganisationService.php:166                                  UnusedPrivateField  Avoid unused private fields such as '$config'.
/home/rubenlinde/memcap-work/lq-lanes/or-primitives/lib/Service/OrganisationService.php:173                                  UnusedPrivateField  Avoid unused private fields such as '$groupManager'.
/home/rubenlinde/memcap-work/lq-lanes/or-primitives/lib/Service/OrganisationService.php:180                                  UnusedPrivateField  Avoid unused private fields such as '$userManager'.
/home/rubenlinde/memcap-work/lq-lanes/or-primitives/lib/Service/OrganisationService.php:187                                  UnusedPrivateField  Avoid unused private fields such as '$logger'.
/home/rubenlinde/memcap-work/lq-lanes/or-primitives/lib/Service/OrganisationService.php:194                                  UnusedPrivateField  Avoid unused private fields such as '$settingsService'.
/home/rubenlinde/memcap-work/lq-lanes/or-primitives/lib/Service/Party/PartyService.php:64                                    UnusedPrivateField  Avoid unused private fields such as '$definitions'.
/home/rubenlinde/memcap-work/lq-lanes/or-primitives/lib/Service/ProcessingLogService.php:94                                  UnusedPrivateField  Avoid unused private fields such as '$buffer'.
/home/rubenlinde/memcap-work/lq-lanes/or-primitives/lib/Service/Quality/DuplicateDetectionService.php:102                    UnusedPrivateField  Avoid unused private fields such as '$scopedSchemaResolver'.
/home/rubenlinde/memcap-work/lq-lanes/or-primitives/lib/Service/Quality/QualityStatisticsService.php:107                     UnusedPrivateField  Avoid unused private fields such as '$scopedSchemaResolver'.
/home/rubenlinde/memcap-work/lq-lanes/or-primitives/lib/Service/Quality/UniqueHintWarnings.php:51                            UnusedPrivateField  Avoid unused private fields such as '$warnings'.
/home/rubenlinde/memcap-work/lq-lanes/or-primitives/lib/Service/Rbac/HierarchyDescender.php:78                               UnusedPrivateField  Avoid unused private fields such as '$memoised'.
/home/rubenlinde/memcap-work/lq-lanes/or-primitives/lib/Service/Rbac/HierarchyDescender.php:85                               UnusedPrivateField  Avoid unused private fields such as '$columns'.
/home/rubenlinde/memcap-work/lq-lanes/or-primitives/lib/Service/Rbac/HierarchyDescender.php:93                               UnusedPrivateField  Avoid unused private fields such as '$tables'.
/home/rubenlinde/memcap-work/lq-lanes/or-primitives/lib/Service/Rbac/ObjectGrantResolver.php:107                             UnusedPrivateField  Avoid unused private fields such as '$memoised'.
/home/rubenlinde/memcap-work/lq-lanes/or-primitives/lib/Service/Rbac/ObjectGrantResolver.php:118                             UnusedPrivateField  Avoid unused private fields such as '$verbs'.
/home/rubenlinde/memcap-work/lq-lanes/or-primitives/lib/Service/Rbac/ObjectGrantResolver.php:130                             UnusedPrivateField  Avoid unused private fields such as '$inheritedFrom'.
/home/rubenlinde/memcap-work/lq-lanes/or-primitives/lib/Service/Rbac/ObjectGrantResolver.php:141                             UnusedPrivateField  Avoid unused private fields such as '$notInheritable'.
/home/rubenlinde/memcap-work/lq-lanes/or-primitives/lib/Service/Rbac/ObjectGrantResolver.php:148                             UnusedPrivateField  Avoid unused private fields such as '$shareAttributes'.
/home/rubenlinde/memcap-work/lq-lanes/or-primitives/lib/Service/Rbac/RevealCollector.php:91                                  UnusedPrivateField  Avoid unused private fields such as '$pending'.
/home/rubenlinde/memcap-work/lq-lanes/or-primitives/lib/Service/Rbac/RevealCollector.php:98                                  UnusedPrivateField  Avoid unused private fields such as '$overflowed'.
/home/rubenlinde/memcap-work/lq-lanes/or-primitives/lib/Service/Rbac/TokenGrantSource.php:51                                 UnusedPrivateField  Avoid unused private fields such as '$grant'.
/home/rubenlinde/memcap-work/lq-lanes/or-primitives/lib/Service/Rbac/TokenGrantSource.php:58                                 UnusedPrivateField  Avoid unused private fields such as '$bound'.
/home/rubenlinde/memcap-work/lq-lanes/or-primitives/lib/Service/Rbac/ViewerReachResolver.php:53                              UnusedPrivateField  Avoid unused private fields such as '$shares'.
/home/rubenlinde/memcap-work/lq-lanes/or-primitives/lib/Service/Reference/ObjectPreviewFormatter.php:130                     UnusedPrivateField  Avoid unused private fields such as '$urlGenerator'.
/home/rubenlinde/memcap-work/lq-lanes/or-primitives/lib/Service/Reference/ObjectPreviewFormatter.php:137                     UnusedPrivateField  Avoid unused private fields such as '$l10n'.
/home/rubenlinde/memcap-work/lq-lanes/or-primitives/lib/Service/Reference/ObjectPreviewFormatter.php:144                     UnusedPrivateField  Avoid unused private fields such as '$objectService'.
/home/rubenlinde/memcap-work/lq-lanes/or-primitives/lib/Service/Reference/ObjectPreviewFormatter.php:151                     UnusedPrivateField  Avoid unused private fields such as '$deepLinkRegistry'.
/home/rubenlinde/memcap-work/lq-lanes/or-primitives/lib/Service/Reference/ObjectPreviewFormatter.php:158                     UnusedPrivateField  Avoid unused private fields such as '$schemaMapper'.
/home/rubenlinde/memcap-work/lq-lanes/or-primitives/lib/Service/Reference/ObjectPreviewFormatter.php:165                     UnusedPrivateField  Avoid unused private fields such as '$registerMapper'.
/home/rubenlinde/memcap-work/lq-lanes/or-primitives/lib/Service/Reference/ObjectPreviewFormatter.php:172                     UnusedPrivateField  Avoid unused private fields such as '$logger'.
/home/rubenlinde/memcap-work/lq-lanes/or-primitives/lib/Service/RegisterMappingFunctionsEvent.php:55                         UnusedPrivateField  Avoid unused private fields such as '$functions'.
/home/rubenlinde/memcap-work/lq-lanes/or-primitives/lib/Service/RegisterMappingFunctionsEvent.php:62                         UnusedPrivateField  Avoid unused private fields such as '$allowedNames'.
/home/rubenlinde/memcap-work/lq-lanes/or-primitives/lib/Service/RegisterResolverService.php:74                               UnusedPrivateField  Avoid unused private fields such as '$registerCache'.
/home/rubenlinde/memcap-work/lq-lanes/or-primitives/lib/Service/RegisterResolverService.php:84                               UnusedPrivateField  Avoid unused private fields such as '$schemaCache'.
/home/rubenlinde/memcap-work/lq-lanes/or-primitives/lib/Service/RegisterResolverService.php:91                               UnusedPrivateField  Avoid unused private fields such as '$lastTenantUuid'.
/home/rubenlinde/memcap-work/lq-lanes/or-primitives/lib/Service/RegisterService.php:68                                       UnusedPrivateField  Avoid unused private fields such as '$registerMapper'.
/home/rubenlinde/memcap-work/lq-lanes/or-primitives/lib/Service/RegisterService.php:77                                       UnusedPrivateField  Avoid unused private fields such as '$schemaMapper'.
/home/rubenlinde/memcap-work/lq-lanes/or-primitives/lib/Service/RegisterService.php:86                                       UnusedPrivateField  Avoid unused private fields such as '$db'.
/home/rubenlinde/memcap-work/lq-lanes/or-primitives/lib/Service/RegisterService.php:96                                       UnusedPrivateField  Avoid unused private fields such as '$magicTableNames'.
/home/rubenlinde/memcap-work/lq-lanes/or-primitives/lib/Service/RegisterService.php:105                                      UnusedPrivateField  Avoid unused private fields such as '$fileService'.
/home/rubenlinde/memcap-work/lq-lanes/or-primitives/lib/Service/RegisterService.php:114                                      UnusedPrivateField  Avoid unused private fields such as '$organisationService'.
/home/rubenlinde/memcap-work/lq-lanes/or-primitives/lib/Service/RegisterService.php:123                                      UnusedPrivateField  Avoid unused private fields such as '$logger'.
/home/rubenlinde/memcap-work/lq-lanes/or-primitives/lib/Service/RegisterService.php:134                                      UnusedPrivateField  Avoid unused private fields such as '$registerSerializer'.
/home/rubenlinde/memcap-work/lq-lanes/or-primitives/lib/Service/RegisterSlugResolver.php:58                                  UnusedPrivateField  Avoid unused private fields such as '$memo'.
/home/rubenlinde/memcap-work/lq-lanes/or-primitives/lib/Service/Registers/RegisterCacheHandler.php:59                        UnusedPrivateField  Avoid unused private fields such as '$registerMapper'.
/home/rubenlinde/memcap-work/lq-lanes/or-primitives/lib/Service/Registers/RegisterCacheHandler.php:66                        UnusedPrivateField  Avoid unused private fields such as '$logger'.
/home/rubenlinde/memcap-work/lq-lanes/or-primitives/lib/Service/Relation/RelationTypeResolver.php:86                         UnusedPrivateField  Avoid unused private fields such as '$memo'.
/home/rubenlinde/memcap-work/lq-lanes/or-primitives/lib/Service/Resolver/Exception/MissingConfigException.php:43             UnusedPrivateField  Avoid unused private fields such as '$appId'.
/home/rubenlinde/memcap-work/lq-lanes/or-primitives/lib/Service/Resolver/Exception/MissingConfigException.php:50             UnusedPrivateField  Avoid unused private fields such as '$configKey'.
/home/rubenlinde/memcap-work/lq-lanes/or-primitives/lib/Service/Resolver/Exception/PropertyNotFoundException.php:44          UnusedPrivateField  Avoid unused private fields such as '$appId'.
/home/rubenlinde/memcap-work/lq-lanes/or-primitives/lib/Service/Resolver/Exception/PropertyNotFoundException.php:51          UnusedPrivateField  Avoid unused private fields such as '$configKey'.
/home/rubenlinde/memcap-work/lq-lanes/or-primitives/lib/Service/Resolver/Exception/PropertyNotFoundException.php:58          UnusedPrivateField  Avoid unused private fields such as '$resolvedValue'.
/home/rubenlinde/memcap-work/lq-lanes/or-primitives/lib/Service/Resolver/Exception/PropertyNotFoundException.php:65          UnusedPrivateField  Avoid unused private fields such as '$schemaIdentifier'.
/home/rubenlinde/memcap-work/lq-lanes/or-primitives/lib/Service/Resolver/Exception/RegisterNotFoundException.php:43          UnusedPrivateField  Avoid unused private fields such as '$appId'.
/home/rubenlinde/memcap-work/lq-lanes/or-primitives/lib/Service/Resolver/Exception/RegisterNotFoundException.php:50          UnusedPrivateField  Avoid unused private fields such as '$configKey'.
/home/rubenlinde/memcap-work/lq-lanes/or-primitives/lib/Service/Resolver/Exception/RegisterNotFoundException.php:57          UnusedPrivateField  Avoid unused private fields such as '$resolvedValue'.
/home/rubenlinde/memcap-work/lq-lanes/or-primitives/lib/Service/Resolver/Exception/SchemaNotFoundException.php:43            UnusedPrivateField  Avoid unused private fields such as '$appId'.
/home/rubenlinde/memcap-work/lq-lanes/or-primitives/lib/Service/Resolver/Exception/SchemaNotFoundException.php:50            UnusedPrivateField  Avoid unused private fields such as '$configKey'.
/home/rubenlinde/memcap-work/lq-lanes/or-primitives/lib/Service/Resolver/Exception/SchemaNotFoundException.php:57            UnusedPrivateField  Avoid unused private fields such as '$resolvedValue'.
/home/rubenlinde/memcap-work/lq-lanes/or-primitives/lib/Service/Schema/MigrationPlanResult.php:41                            UnusedPrivateField  Avoid unused private fields such as '$data'.
/home/rubenlinde/memcap-work/lq-lanes/or-primitives/lib/Service/Schema/MigrationPlanResult.php:48                            UnusedPrivateField  Avoid unused private fields such as '$changed'.
/home/rubenlinde/memcap-work/lq-lanes/or-primitives/lib/Service/Schema/MigrationPlanResult.php:55                            UnusedPrivateField  Avoid unused private fields such as '$failure'.
/home/rubenlinde/memcap-work/lq-lanes/or-primitives/lib/Service/Schema/MigrationPlanResult.php:62                            UnusedPrivateField  Avoid unused private fields such as '$applied'.
/home/rubenlinde/memcap-work/lq-lanes/or-primitives/lib/Service/Schema/SchemaChangeSet.php:69                                UnusedPrivateField  Avoid unused private fields such as '$changes'.
/home/rubenlinde/memcap-work/lq-lanes/or-primitives/lib/Service/Schema/SchemaChangeSet.php:76                                UnusedPrivateField  Avoid unused private fields such as '$classification'.
/home/rubenlinde/memcap-work/lq-lanes/or-primitives/lib/Service/Schema/SchemaChangeSet.php:83                                UnusedPrivateField  Avoid unused private fields such as '$bump'.
/home/rubenlinde/memcap-work/lq-lanes/or-primitives/lib/Service/Schema/SchemaMigrationPlanner.php:68                         UnusedPrivateField  Avoid unused private fields such as '$templateRenderer'.
/home/rubenlinde/memcap-work/lq-lanes/or-primitives/lib/Service/SchemaImport/GgmSnapshot.php:45                              UnusedPrivateField  Avoid unused private fields such as '$objecttypes'.
/home/rubenlinde/memcap-work/lq-lanes/or-primitives/lib/Service/SchemaImport/GgmSnapshot.php:52                              UnusedPrivateField  Avoid unused private fields such as '$loadedVersion'.
/home/rubenlinde/memcap-work/lq-lanes/or-primitives/lib/Service/SchemaImport/SchemaImportService.php:50                      UnusedPrivateField  Avoid unused private fields such as '$importers'.
/home/rubenlinde/memcap-work/lq-lanes/or-primitives/lib/Service/SchemaImport/SchemaOrgSnapshot.php:52                        UnusedPrivateField  Avoid unused private fields such as '$classes'.
/home/rubenlinde/memcap-work/lq-lanes/or-primitives/lib/Service/SchemaImport/SchemaOrgSnapshot.php:59                        UnusedPrivateField  Avoid unused private fields such as '$properties'.
/home/rubenlinde/memcap-work/lq-lanes/or-primitives/lib/Service/SchemaService.php:63                                         UnusedPrivateField  Avoid unused private fields such as '$schemaMapper'.
/home/rubenlinde/memcap-work/lq-lanes/or-primitives/lib/Service/SchemaService.php:70                                         UnusedPrivateField  Avoid unused private fields such as '$objectEntityMapper'.
/home/rubenlinde/memcap-work/lq-lanes/or-primitives/lib/Service/SchemaService.php:77                                         UnusedPrivateField  Avoid unused private fields such as '$logger'.
/home/rubenlinde/memcap-work/lq-lanes/or-primitives/lib/Service/Schemas/FacetCacheHandler.php:137                            UnusedPrivateField  Avoid unused private fields such as '$facetConfigCache'.
/home/rubenlinde/memcap-work/lq-lanes/or-primitives/lib/Service/Schemas/FacetCacheHandler.php:146                            UnusedPrivateField  Avoid unused private fields such as '$db'.
/home/rubenlinde/memcap-work/lq-lanes/or-primitives/lib/Service/Schemas/FacetCacheHandler.php:155                            UnusedPrivateField  Avoid unused private fields such as '$schemaMapper'.
/home/rubenlinde/memcap-work/lq-lanes/or-primitives/lib/Service/Schemas/FacetCacheHandler.php:164                            UnusedPrivateField  Avoid unused private fields such as '$cacheFactory'.
/home/rubenlinde/memcap-work/lq-lanes/or-primitives/lib/Service/Schemas/FacetCacheHandler.php:173                            UnusedPrivateField  Avoid unused private fields such as '$logger'.
/home/rubenlinde/memcap-work/lq-lanes/or-primitives/lib/Service/Schemas/PropertyValidatorHandler.php:593                     UnusedPrivateField  Avoid unused private fields such as '$validTypes'.
/home/rubenlinde/memcap-work/lq-lanes/or-primitives/lib/Service/Schemas/PropertyValidatorHandler.php:602                     UnusedPrivateField  Avoid unused private fields such as '$validStringFormats'.
/home/rubenlinde/memcap-work/lq-lanes/or-primitives/lib/Service/Schemas/PropertyValidatorHandler.php:612                     UnusedPrivateField  Avoid unused private fields such as '$repeatingGroups'.
/home/rubenlinde/memcap-work/lq-lanes/or-primitives/lib/Service/Schemas/SchemaCacheHandler.php:136                           UnusedPrivateField  Avoid unused private fields such as '$memoryCache'.
/home/rubenlinde/memcap-work/lq-lanes/or-primitives/lib/Service/Schemas/SchemaCacheHandler.php:145                           UnusedPrivateField  Avoid unused private fields such as '$db'.
/home/rubenlinde/memcap-work/lq-lanes/or-primitives/lib/Service/Schemas/SchemaCacheHandler.php:154                           UnusedPrivateField  Avoid unused private fields such as '$schemaMapper'.
/home/rubenlinde/memcap-work/lq-lanes/or-primitives/lib/Service/Schemas/SchemaCacheHandler.php:163                           UnusedPrivateField  Avoid unused private fields such as '$logger'.
/home/rubenlinde/memcap-work/lq-lanes/or-primitives/lib/Service/ScriptManifestLoader.php:57                                  UnusedPrivateField  Avoid unused private fields such as '$manifestCache'.
/home/rubenlinde/memcap-work/lq-lanes/or-primitives/lib/Service/Search/ObjectSearchResultFormatter.php:58                    UnusedPrivateField  Avoid unused private fields such as '$urlGenerator'.
/home/rubenlinde/memcap-work/lq-lanes/or-primitives/lib/Service/Search/ObjectSearchResultFormatter.php:65                    UnusedPrivateField  Avoid unused private fields such as '$deepLinkRegistry'.
/home/rubenlinde/memcap-work/lq-lanes/or-primitives/lib/Service/Search/ObjectSearchResultFormatter.php:72                    UnusedPrivateField  Avoid unused private fields such as '$formatter'.
/home/rubenlinde/memcap-work/lq-lanes/or-primitives/lib/Service/Search/SearchDictionaryProvider.php:118                      UnusedPrivateField  Avoid unused private fields such as '$memo'.
/home/rubenlinde/memcap-work/lq-lanes/or-primitives/lib/Service/Search/SearchDictionaryProvider.php:125                      UnusedPrivateField  Avoid unused private fields such as '$loading'.
/home/rubenlinde/memcap-work/lq-lanes/or-primitives/lib/Service/SearchTrailService.php:55                                    UnusedPrivateField  Avoid unused private fields such as '$selfClearingEnabled'.
/home/rubenlinde/memcap-work/lq-lanes/or-primitives/lib/Service/SearchTrailService.php:62                                    UnusedPrivateField  Avoid unused private fields such as '$retentionDays'.
/home/rubenlinde/memcap-work/lq-lanes/or-primitives/lib/Service/SecurityService.php:62                                       UnusedPrivateField  Avoid unused private fields such as '$cache'.
/home/rubenlinde/memcap-work/lq-lanes/or-primitives/lib/Service/SecurityService.php:69                                       UnusedPrivateField  Avoid unused private fields such as '$logger'.
/home/rubenlinde/memcap-work/lq-lanes/or-primitives/lib/Service/SemanticTypeResolver.php:79                                  UnusedPrivateField  Avoid unused private fields such as '$resolveCache'.
/home/rubenlinde/memcap-work/lq-lanes/or-primitives/lib/Service/Serializer/RegisterSerializer.php:65                         UnusedPrivateField  Avoid unused private fields such as '$schemaCache'.
/home/rubenlinde/memcap-work/lq-lanes/or-primitives/lib/Service/Settings/CacheSettingsHandler.php:63                         UnusedPrivateField  Avoid unused private fields such as '$cacheFactory'.
/home/rubenlinde/memcap-work/lq-lanes/or-primitives/lib/Service/Settings/CacheSettingsHandler.php:70                         UnusedPrivateField  Avoid unused private fields such as '$schemaCacheService'.
/home/rubenlinde/memcap-work/lq-lanes/or-primitives/lib/Service/Settings/CacheSettingsHandler.php:77                         UnusedPrivateField  Avoid unused private fields such as '$schemaFacetCacheService'.
/home/rubenlinde/memcap-work/lq-lanes/or-primitives/lib/Service/Settings/CacheSettingsHandler.php:84                         UnusedPrivateField  Avoid unused private fields such as '$objectCacheService'.
/home/rubenlinde/memcap-work/lq-lanes/or-primitives/lib/Service/Settings/CacheSettingsHandler.php:91                         UnusedPrivateField  Avoid unused private fields such as '$container'.
/home/rubenlinde/memcap-work/lq-lanes/or-primitives/lib/Service/Settings/CacheSettingsHandler.php:100                        UnusedPrivateField  Avoid unused private fields such as '$objectStatsCache'.
/home/rubenlinde/memcap-work/lq-lanes/or-primitives/lib/Service/Settings/CacheSettingsHandler.php:107                        UnusedPrivateField  Avoid unused private fields such as '$objectStatsCacheTimestamp'.
/home/rubenlinde/memcap-work/lq-lanes/or-primitives/lib/Service/Settings/ConfigurationSettingsHandler.php:69                 UnusedPrivateField  Avoid unused private fields such as '$appConfig'.
/home/rubenlinde/memcap-work/lq-lanes/or-primitives/lib/Service/Settings/ConfigurationSettingsHandler.php:76                 UnusedPrivateField  Avoid unused private fields such as '$groupManager'.
/home/rubenlinde/memcap-work/lq-lanes/or-primitives/lib/Service/Settings/ConfigurationSettingsHandler.php:83                 UnusedPrivateField  Avoid unused private fields such as '$userManager'.
/home/rubenlinde/memcap-work/lq-lanes/or-primitives/lib/Service/Settings/ConfigurationSettingsHandler.php:90                 UnusedPrivateField  Avoid unused private fields such as '$organisationMapper'.
/home/rubenlinde/memcap-work/lq-lanes/or-primitives/lib/Service/Settings/ConfigurationSettingsHandler.php:97                 UnusedPrivateField  Avoid unused private fields such as '$logger'.
/home/rubenlinde/memcap-work/lq-lanes/or-primitives/lib/Service/Settings/ConfigurationSettingsHandler.php:104                UnusedPrivateField  Avoid unused private fields such as '$appName'.
/home/rubenlinde/memcap-work/lq-lanes/or-primitives/lib/Service/Settings/FileSettingsHandler.php:53                          UnusedPrivateField  Avoid unused private fields such as '$appConfig'.
/home/rubenlinde/memcap-work/lq-lanes/or-primitives/lib/Service/Settings/FileSettingsHandler.php:60                          UnusedPrivateField  Avoid unused private fields such as '$appName'.
/home/rubenlinde/memcap-work/lq-lanes/or-primitives/lib/Service/Settings/LlmSettingsHandler.php:53                           UnusedPrivateField  Avoid unused private fields such as '$appConfig'.
/home/rubenlinde/memcap-work/lq-lanes/or-primitives/lib/Service/Settings/LlmSettingsHandler.php:60                           UnusedPrivateField  Avoid unused private fields such as '$appName'.
/home/rubenlinde/memcap-work/lq-lanes/or-primitives/lib/Service/Settings/ObjectRetentionHandler.php:50                       UnusedPrivateField  Avoid unused private fields such as '$appConfig'.
/home/rubenlinde/memcap-work/lq-lanes/or-primitives/lib/Service/Settings/ObjectRetentionHandler.php:57                       UnusedPrivateField  Avoid unused private fields such as '$appName'.
/home/rubenlinde/memcap-work/lq-lanes/or-primitives/lib/Service/Settings/SearchBackendHandler.php:56                         UnusedPrivateField  Avoid unused private fields such as '$appConfig'.
/home/rubenlinde/memcap-work/lq-lanes/or-primitives/lib/Service/Settings/SearchBackendHandler.php:63                         UnusedPrivateField  Avoid unused private fields such as '$logger'.
/home/rubenlinde/memcap-work/lq-lanes/or-primitives/lib/Service/Settings/SearchBackendHandler.php:70                         UnusedPrivateField  Avoid unused private fields such as '$appName'.
/home/rubenlinde/memcap-work/lq-lanes/or-primitives/lib/Service/Settings/ValidationOperationsHandler.php:54                  UnusedPrivateField  Avoid unused private fields such as '$container'.
/home/rubenlinde/memcap-work/lq-lanes/or-primitives/lib/Service/Settings/ValidationOperationsHandler.php:61                  UnusedPrivateField  Avoid unused private fields such as '$validateHandler'.
/home/rubenlinde/memcap-work/lq-lanes/or-primitives/lib/Service/SettingsService.php:124                                      UnusedPrivateField  Avoid unused private fields such as '$config'.
/home/rubenlinde/memcap-work/lq-lanes/or-primitives/lib/Service/SettingsService.php:131                                      UnusedPrivateField  Avoid unused private fields such as '$auditTrailMapper'.
/home/rubenlinde/memcap-work/lq-lanes/or-primitives/lib/Service/SettingsService.php:138                                      UnusedPrivateField  Avoid unused private fields such as '$cacheFactory'.
/home/rubenlinde/memcap-work/lq-lanes/or-primitives/lib/Service/SettingsService.php:145                                      UnusedPrivateField  Avoid unused private fields such as '$db'.
/home/rubenlinde/memcap-work/lq-lanes/or-primitives/lib/Service/SettingsService.php:152                                      UnusedPrivateField  Avoid unused private fields such as '$objectCacheService'.
/home/rubenlinde/memcap-work/lq-lanes/or-primitives/lib/Service/SettingsService.php:159                                      UnusedPrivateField  Avoid unused private fields such as '$groupManager'.
/home/rubenlinde/memcap-work/lq-lanes/or-primitives/lib/Service/SettingsService.php:166                                      UnusedPrivateField  Avoid unused private fields such as '$validationOperationsHandler'.
/home/rubenlinde/memcap-work/lq-lanes/or-primitives/lib/Service/SettingsService.php:173                                      UnusedPrivateField  Avoid unused private fields such as '$searchBackendHandler'.
/home/rubenlinde/memcap-work/lq-lanes/or-primitives/lib/Service/SettingsService.php:180                                      UnusedPrivateField  Avoid unused private fields such as '$llmSettingsHandler'.
/home/rubenlinde/memcap-work/lq-lanes/or-primitives/lib/Service/SettingsService.php:187                                      UnusedPrivateField  Avoid unused private fields such as '$fileSettingsHandler'.
/home/rubenlinde/memcap-work/lq-lanes/or-primitives/lib/Service/SettingsService.php:194                                      UnusedPrivateField  Avoid unused private fields such as '$objectRetentionHandler'.
/home/rubenlinde/memcap-work/lq-lanes/or-primitives/lib/Service/SettingsService.php:201                                      UnusedPrivateField  Avoid unused private fields such as '$cacheSettingsHandler'.
/home/rubenlinde/memcap-work/lq-lanes/or-primitives/lib/Service/SettingsService.php:208                                      UnusedPrivateField  Avoid unused private fields such as '$configurationSettingsHandler'.
/home/rubenlinde/memcap-work/lq-lanes/or-primitives/lib/Service/SettingsService.php:215                                      UnusedPrivateField  Avoid unused private fields such as '$logger'.
/home/rubenlinde/memcap-work/lq-lanes/or-primitives/lib/Service/SettingsService.php:229                                      UnusedPrivateField  Avoid unused private fields such as '$organisationMapper'.
/home/rubenlinde/memcap-work/lq-lanes/or-primitives/lib/Service/SettingsService.php:236                                      UnusedPrivateField  Avoid unused private fields such as '$schemaCacheService'.
/home/rubenlinde/memcap-work/lq-lanes/or-primitives/lib/Service/SettingsService.php:243                                      UnusedPrivateField  Avoid unused private fields such as '$schemaFacetCacheService'.
/home/rubenlinde/memcap-work/lq-lanes/or-primitives/lib/Service/SettingsService.php:250                                      UnusedPrivateField  Avoid unused private fields such as '$searchTrailMapper'.
/home/rubenlinde/memcap-work/lq-lanes/or-primitives/lib/Service/SettingsService.php:257                                      UnusedPrivateField  Avoid unused private fields such as '$userManager'.
/home/rubenlinde/memcap-work/lq-lanes/or-primitives/lib/Service/SettingsService.php:264                                      UnusedPrivateField  Avoid unused private fields such as '$appName'.
/home/rubenlinde/memcap-work/lq-lanes/or-primitives/lib/Service/SettingsService.php:289                                      UnusedPrivateField  Avoid unused private fields such as '$container'.
/home/rubenlinde/memcap-work/lq-lanes/or-primitives/lib/Service/ShareLinkService.php:113                                     UnusedPrivateField  Avoid unused private fields such as '$container'.
/home/rubenlinde/memcap-work/lq-lanes/or-primitives/lib/Service/SharedMasterDataService.php:83                               UnusedPrivateField  Avoid unused private fields such as '$declarations'.
/home/rubenlinde/memcap-work/lq-lanes/or-primitives/lib/Service/Survivorship/SourceRecordResolver.php:65                     UnusedPrivateField  Avoid unused private fields such as '$schemaIdCache'.
/home/rubenlinde/memcap-work/lq-lanes/or-primitives/lib/Service/Sync/SourceFetcherRegistry.php:40                            UnusedPrivateField  Avoid unused private fields such as '$fetchers'.
/home/rubenlinde/memcap-work/lq-lanes/or-primitives/lib/Service/SystemOperationContext.php:51                                UnusedPrivateField  Avoid unused private fields such as '$depth'.
/home/rubenlinde/memcap-work/lq-lanes/or-primitives/lib/Service/Task/TaskService.php:185                                     UnusedPrivateField  Avoid unused private fields such as '$pending'.
/home/rubenlinde/memcap-work/lq-lanes/or-primitives/lib/Service/TaskService.php:76                                           UnusedPrivateField  Avoid unused private fields such as '$calDavBackend'.
/home/rubenlinde/memcap-work/lq-lanes/or-primitives/lib/Service/TaskService.php:83                                           UnusedPrivateField  Avoid unused private fields such as '$userSession'.
/home/rubenlinde/memcap-work/lq-lanes/or-primitives/lib/Service/TaskService.php:90                                           UnusedPrivateField  Avoid unused private fields such as '$logger'.
/home/rubenlinde/memcap-work/lq-lanes/or-primitives/lib/Service/TaskService.php:97                                           UnusedPrivateField  Avoid unused private fields such as '$urlGenerator'.
/home/rubenlinde/memcap-work/lq-lanes/or-primitives/lib/Service/TaskService.php:104                                          UnusedPrivateField  Avoid unused private fields such as '$calendars'.
/home/rubenlinde/memcap-work/lq-lanes/or-primitives/lib/Service/TaskService.php:113                                          UnusedPrivateField  Avoid unused private fields such as '$gate'.
/home/rubenlinde/memcap-work/lq-lanes/or-primitives/lib/Service/TextExtraction/EmlParser.php:84                              UnusedPrivateField  Avoid unused private fields such as '$parser'.
/home/rubenlinde/memcap-work/lq-lanes/or-primitives/lib/Service/Timeline/TimelineEntrySearchService.php:84                   UnusedPrivateField  Avoid unused private fields such as '$resolved'.
/home/rubenlinde/memcap-work/lq-lanes/or-primitives/lib/Service/Timeline/TimelineValidationException.php:43                  UnusedPrivateField  Avoid unused private fields such as '$errors'.
/home/rubenlinde/memcap-work/lq-lanes/or-primitives/lib/Service/ToolRegistry.php:76                                          UnusedPrivateField  Avoid unused private fields such as '$tools'.
/home/rubenlinde/memcap-work/lq-lanes/or-primitives/lib/Service/ToolRegistry.php:83                                          UnusedPrivateField  Avoid unused private fields such as '$eventDispatcher'.
/home/rubenlinde/memcap-work/lq-lanes/or-primitives/lib/Service/ToolRegistry.php:90                                          UnusedPrivateField  Avoid unused private fields such as '$logger'.
/home/rubenlinde/memcap-work/lq-lanes/or-primitives/lib/Service/ToolRegistry.php:97                                          UnusedPrivateField  Avoid unused private fields such as '$loaded'.
/home/rubenlinde/memcap-work/lq-lanes/or-primitives/lib/Service/UploadService.php:71                                         UnusedPrivateField  Avoid unused private fields such as '$client'.
/home/rubenlinde/memcap-work/lq-lanes/or-primitives/lib/Service/UserService.php:76                                           UnusedPrivateField  Avoid unused private fields such as '$cachedOrgStats'.
/home/rubenlinde/memcap-work/lq-lanes/or-primitives/lib/Service/Vectorization/Handlers/EmbeddingGeneratorHandler.php:65      UnusedPrivateField  Avoid unused private fields such as '$generatorCache'.
/home/rubenlinde/memcap-work/lq-lanes/or-primitives/lib/Service/Vectorization/Handlers/PgVectorPlatform.php:71               UnusedPrivateField  Avoid unused private fields such as '$columnDimension'.
/home/rubenlinde/memcap-work/lq-lanes/or-primitives/lib/Service/Vectorization/Strategies/FileVectorizationStrategy.php:51    UnusedPrivateField  Avoid unused private fields such as '$chunkMapper'.
/home/rubenlinde/memcap-work/lq-lanes/or-primitives/lib/Service/Vectorization/Strategies/FileVectorizationStrategy.php:58    UnusedPrivateField  Avoid unused private fields such as '$db'.
/home/rubenlinde/memcap-work/lq-lanes/or-primitives/lib/Service/Vectorization/Strategies/FileVectorizationStrategy.php:65    UnusedPrivateField  Avoid unused private fields such as '$logger'.
/home/rubenlinde/memcap-work/lq-lanes/or-primitives/lib/Service/Vectorization/Strategies/ObjectVectorizationStrategy.php:48  UnusedPrivateField  Avoid unused private fields such as '$objectService'.
/home/rubenlinde/memcap-work/lq-lanes/or-primitives/lib/Service/Vectorization/Strategies/ObjectVectorizationStrategy.php:55  UnusedPrivateField  Avoid unused private fields such as '$settingsService'.
/home/rubenlinde/memcap-work/lq-lanes/or-primitives/lib/Service/Vectorization/Strategies/ObjectVectorizationStrategy.php:62  UnusedPrivateField  Avoid unused private fields such as '$logger'.
/home/rubenlinde/memcap-work/lq-lanes/or-primitives/lib/Service/VectorizationService.php:57                                  UnusedPrivateField  Avoid unused private fields such as '$vectorService'.
/home/rubenlinde/memcap-work/lq-lanes/or-primitives/lib/Service/VectorizationService.php:64                                  UnusedPrivateField  Avoid unused private fields such as '$logger'.
/home/rubenlinde/memcap-work/lq-lanes/or-primitives/lib/Service/VectorizationService.php:71                                  UnusedPrivateField  Avoid unused private fields such as '$strategies'.
/home/rubenlinde/memcap-work/lq-lanes/or-primitives/lib/Service/ViewPresentationService.php:55                               UnusedPrivateField  Avoid unused private fields such as '$schemaMapper'.
/home/rubenlinde/memcap-work/lq-lanes/or-primitives/lib/Service/ViewPresentationService.php:62                               UnusedPrivateField  Avoid unused private fields such as '$objectService'.
/home/rubenlinde/memcap-work/lq-lanes/or-primitives/lib/Service/ViewPresentationService.php:69                               UnusedPrivateField  Avoid unused private fields such as '$logger'.
/home/rubenlinde/memcap-work/lq-lanes/or-primitives/lib/Service/ViewService.php:65                                           UnusedPrivateField  Avoid unused private fields such as '$viewMapper'.
/home/rubenlinde/memcap-work/lq-lanes/or-primitives/lib/Service/ViewService.php:74                                           UnusedPrivateField  Avoid unused private fields such as '$logger'.
/home/rubenlinde/memcap-work/lq-lanes/or-primitives/lib/Service/ViewService.php:84                                           UnusedPrivateField  Avoid unused private fields such as '$schemaMapper'.
/home/rubenlinde/memcap-work/lq-lanes/or-primitives/lib/Service/Vocabulary/ConceptRepository.php:69                          UnusedPrivateField  Avoid unused private fields such as '$conceptCache'.
/home/rubenlinde/memcap-work/lq-lanes/or-primitives/lib/Service/Vocabulary/ConceptRepository.php:76                          UnusedPrivateField  Avoid unused private fields such as '$schemeCache'.
/home/rubenlinde/memcap-work/lq-lanes/or-primitives/lib/Service/Vocabulary/ConceptRepository.php:84                          UnusedPrivateField  Avoid unused private fields such as '$resolvedIds'.
/home/rubenlinde/memcap-work/lq-lanes/or-primitives/lib/Service/Vocabulary/ConceptRepository.php:91                          UnusedPrivateField  Avoid unused private fields such as '$resolutionAttempted'.
/home/rubenlinde/memcap-work/lq-lanes/or-primitives/lib/Service/Webhook/WebhookInterceptionCache.php:103                     UnusedPrivateField  Avoid unused private fields such as '$cache'.
/home/rubenlinde/memcap-work/lq-lanes/or-primitives/lib/Service/WebhookService.php:70                                        UnusedPrivateField  Avoid unused private fields such as '$webhookMapper'.
/home/rubenlinde/memcap-work/lq-lanes/or-primitives/lib/Service/WebhookService.php:77                                        UnusedPrivateField  Avoid unused private fields such as '$client'.
/home/rubenlinde/memcap-work/lq-lanes/or-primitives/lib/Service/WebhookService.php:84                                        UnusedPrivateField  Avoid unused private fields such as '$logger'.
/home/rubenlinde/memcap-work/lq-lanes/or-primitives/lib/Service/WebhookService.php:91                                        UnusedPrivateField  Avoid unused private fields such as '$webhookLogMapper'.
/home/rubenlinde/memcap-work/lq-lanes/or-primitives/lib/Service/WebhookService.php:98                                        UnusedPrivateField  Avoid unused private fields such as '$cloudEventFormatter'.
/home/rubenlinde/memcap-work/lq-lanes/or-primitives/lib/Service/WebhookService.php:105                                       UnusedPrivateField  Avoid unused private fields such as '$jobList'.
/home/rubenlinde/memcap-work/lq-lanes/or-primitives/lib/Service/WebhookService.php:112                                       UnusedPrivateField  Avoid unused private fields such as '$mappingService'.
/home/rubenlinde/memcap-work/lq-lanes/or-primitives/lib/Service/WebhookService.php:119                                       UnusedPrivateField  Avoid unused private fields such as '$mappingMapper'.
/home/rubenlinde/memcap-work/lq-lanes/or-primitives/lib/Service/WebhookService.php:130                                       UnusedPrivateField  Avoid unused private fields such as '$interceptionCache'.
/home/rubenlinde/memcap-work/lq-lanes/or-primitives/lib/Service/WriteCause.php:128                                           UnusedPrivateField  Avoid unused private fields such as '$frames'.
/home/rubenlinde/memcap-work/lq-lanes/or-primitives/lib/Service/WriteCause.php:135                                           UnusedPrivateField  Avoid unused private fields such as '$clientAttempted'.
/home/rubenlinde/memcap-work/lq-lanes/or-primitives/lib/Service/WritePhaseProbe.php:45                                       UnusedPrivateField  Avoid unused private fields such as '$enabled'.
/home/rubenlinde/memcap-work/lq-lanes/or-primitives/lib/Service/WritePhaseProbe.php:52                                       UnusedPrivateField  Avoid unused private fields such as '$last'.
/home/rubenlinde/memcap-work/lq-lanes/or-primitives/lib/Service/WritePhaseProbe.php:59                                       UnusedPrivateField  Avoid unused private fields such as '$counts'.
/home/rubenlinde/memcap-work/lq-lanes/or-primitives/lib/Service/WritePhaseProbe.php:66                                       UnusedPrivateField  Avoid unused private fields such as '$armed'.
/home/rubenlinde/memcap-work/lq-lanes/or-primitives/lib/Service/WritePhaseProbe.php:73                                       UnusedPrivateField  Avoid unused private fields such as '$phases'.
/home/rubenlinde/memcap-work/lq-lanes/or-primitives/lib/Service/WritePhaseProbe.php:80                                       UnusedPrivateField  Avoid unused private fields such as '$stamps'.
/home/rubenlinde/memcap-work/lq-lanes/or-primitives/lib/Settings/OpenRegisterAdmin.php:51                                    UnusedPrivateField  Avoid unused private fields such as '$l'.
/home/rubenlinde/memcap-work/lq-lanes/or-primitives/lib/Settings/OpenRegisterAdmin.php:58                                    UnusedPrivateField  Avoid unused private fields such as '$config'.
/home/rubenlinde/memcap-work/lq-lanes/or-primitives/lib/Settings/OpenRegisterAdmin.php:65                                    UnusedPrivateField  Avoid unused private fields such as '$appManager'.
/home/rubenlinde/memcap-work/lq-lanes/or-primitives/lib/Settings/OpenRegisterAdmin.php:72                                    UnusedPrivateField  Avoid unused private fields such as '$appConfig'.
/home/rubenlinde/memcap-work/lq-lanes/or-primitives/lib/Settings/OpenRegisterAdmin.php:79                                    UnusedPrivateField  Avoid unused private fields such as '$initialState'.
/home/rubenlinde/memcap-work/lq-lanes/or-primitives/lib/Tool/AgentTool.php:50                                                UnusedPrivateField  Avoid unused private fields such as '$agentMapper'.
/home/rubenlinde/memcap-work/lq-lanes/or-primitives/lib/Tool/ApplicationTool.php:52                                          UnusedPrivateField  Avoid unused private fields such as '$applicationMapper'.
/home/rubenlinde/memcap-work/lq-lanes/or-primitives/lib/Tool/McpProviderBridge.php:81                                        UnusedPrivateField  Avoid unused private fields such as '$agent'.
/home/rubenlinde/memcap-work/lq-lanes/or-primitives/lib/Tool/McpProviderBridge.php:93                                        UnusedPrivateField  Avoid unused private fields such as '$onlyMcpId'.
/home/rubenlinde/memcap-work/lq-lanes/or-primitives/lib/Tool/ObjectsTool.php:56                                              UnusedPrivateField  Avoid unused private fields such as '$objectService'.
/home/rubenlinde/memcap-work/lq-lanes/or-primitives/lib/Tool/RegisterTool.php:54                                             UnusedPrivateField  Avoid unused private fields such as '$registerService'.
/home/rubenlinde/memcap-work/lq-lanes/or-primitives/lib/Tool/SchemaTool.php:53                                               UnusedPrivateField  Avoid unused private fields such as '$schemaMapper'.
/home/rubenlinde/memcap-work/lq-lanes/or-primitives/lib/Tool/StreamingToolInstanceWrapper.php:57                             UnusedPrivateField  Avoid unused private fields such as '$wrapped'.
/home/rubenlinde/memcap-work/lq-lanes/or-primitives/lib/Tool/StreamingToolInstanceWrapper.php:64                             UnusedPrivateField  Avoid unused private fields such as '$channel'.
/home/rubenlinde/memcap-work/lq-lanes/or-primitives/lib/WorkflowEngine/RegisterObjectEntity.php:58                           UnusedPrivateField  Avoid unused private fields such as '$object'.
Script E=0; php -d memory_limit=2G ./vendor/bin/phpmd lib text phpmd.xml --baseline-file phpmd.baseline.xml || E=$?; php -d memory_limit=2G ./vendor/bin/phpmd lib text vendor/conduction/hydra-gates/quality-config/phpmd-unusedparams.xml --baseline-file phpmd.baseline.xml || E=$?; exit $E handling the phpmd event returned with error code 2

=== psalm ===
Target PHP version: 8.3 (inferred from composer.json).
Scanning files...
Analyzing files...

░░░░░░░░░░░░░░░░░░░░░░░░░░░░░░░░░░░░░░░░░░░░░░░░░░░░░░░░░░░░     1 / 2402 (0%)░░░░░░░░░░░░░░░░░░░░░░░░░░░░░░░░░░░░░░░░░░░░░░░░░░░░░░░░░░░░     3 / 2402 (0%)░░░░░░░░░░░░░░░░░░░░░░░░░░░░░░░░░░░░░░░░░░░░░░░░░░░░░░░░░░░░     8 / 2402 (0%)░░░░░░░░░░░░░░░░░░░░░░░░░░░░░░░░░░░░░░░░░░░░░░░░░░░░░░░░░░░░     9 / 2402 (0%)▎░░░░░░░░░░░░░░░░░░░░░░░░░░░░░░░░░░░░░░░░░░░░░░░░░░░░░░░░░░░    11 / 2402 (0%)▎░░░░░░░░░░░░░░░░░░░░░░░░░░░░░░░░░░░░░░░░░░░░░░░░░░░░░░░░░░░    12 / 2402 (0%)▎░░░░░░░░░░░░░░░░░░░░░░░░░░░░░░░░░░░░░░░░░░░░░░░░░░░░░░░░░░░    14 / 2402 (0%)▎░░░░░░░░░░░░░░░░░░░░░░░░░░░░░░░░░░░░░░░░░░░░░░░░░░░░░░░░░░░    15 / 2402 (0%)▌░░░░░░░░░░░░░░░░░░░░░░░░░░░░░░░░░░░░░░░░░░░░░░░░░░░░░░░░░░░    22 / 2402 (0%)▌░░░░░░░░░░░░░░░░░░░░░░░░░░░░░░░░░░░░░░░░░░░░░░░░░░░░░░░░░░░    24 / 2402 (0%)▌░░░░░░░░░░░░░░░░░░░░░░░░░░░░░░░░░░░░░░░░░░░░░░░░░░░░░░░░░░░    26 / 2402 (1%)▌░░░░░░░░░░░░░░░░░░░░░░░░░░░░░░░░░░░░░░░░░░░░░░░░░░░░░░░░░░░    30 / 2402 (1%)▊░░░░░░░░░░░░░░░░░░░░░░░░░░░░░░░░░░░░░░░░░░░░░░░░░░░░░░░░░░░    34 / 2402 (1%)▊░░░░░░░░░░░░░░░░░░░░░░░░░░░░░░░░░░░░░░░░░░░░░░░░░░░░░░░░░░░    36 / 2402 (1%)▊░░░░░░░░░░░░░░░░░░░░░░░░░░░░░░░░░░░░░░░░░░░░░░░░░░░░░░░░░░░    39 / 2402 (1%)█░░░░░░░░░░░░░░░░░░░░░░░░░░░░░░░░░░░░░░░░░░░░░░░░░░░░░░░░░░░    43 / 2402 (1%)█░░░░░░░░░░░░░░░░░░░░░░░░░░░░░░░░░░░░░░░░░░░░░░░░░░░░░░░░░░░    46 / 2402 (1%)█░░░░░░░░░░░░░░░░░░░░░░░░░░░░░░░░░░░░░░░░░░░░░░░░░░░░░░░░░░░    49 / 2402 (2%)█▎░░░░░░░░░░░░░░░░░░░░░░░░░░░░░░░░░░░░░░░░░░░░░░░░░░░░░░░░░░    51 / 2402 (2%)█▎░░░░░░░░░░░░░░░░░░░░░░░░░░░░░░░░░░░░░░░░░░░░░░░░░░░░░░░░░░    53 / 2402 (2%)█▎░░░░░░░░░░░░░░░░░░░░░░░░░░░░░░░░░░░░░░░░░░░░░░░░░░░░░░░░░░    56 / 2402 (2%)█▎░░░░░░░░░░░░░░░░░░░░░░░░░░░░░░░░░░░░░░░░░░░░░░░░░░░░░░░░░░    60 / 2402 (2%)█▌░░░░░░░░░░░░░░░░░░░░░░░░░░░░░░░░░░░░░░░░░░░░░░░░░░░░░░░░░░    62 / 2402 (2%)█▌░░░░░░░░░░░░░░░░░░░░░░░░░░░░░░░░░░░░░░░░░░░░░░░░░░░░░░░░░░    65 / 2402 (2%)█▌░░░░░░░░░░░░░░░░░░░░░░░░░░░░░░░░░░░░░░░░░░░░░░░░░░░░░░░░░░    66 / 2402 (2%)█▌░░░░░░░░░░░░░░░░░░░░░░░░░░░░░░░░░░░░░░░░░░░░░░░░░░░░░░░░░░    69 / 2402 (2%)█▌░░░░░░░░░░░░░░░░░░░░░░░░░░░░░░░░░░░░░░░░░░░░░░░░░░░░░░░░░░    70 / 2402 (2%)█▊░░░░░░░░░░░░░░░░░░░░░░░░░░░░░░░░░░░░░░░░░░░░░░░░░░░░░░░░░░    73 / 2402 (3%)█▊░░░░░░░░░░░░░░░░░░░░░░░░░░░░░░░░░░░░░░░░░░░░░░░░░░░░░░░░░░    75 / 2402 (3%)█▊░░░░░░░░░░░░░░░░░░░░░░░░░░░░░░░░░░░░░░░░░░░░░░░░░░░░░░░░░░    80 / 2402 (3%)██░░░░░░░░░░░░░░░░░░░░░░░░░░░░░░░░░░░░░░░░░░░░░░░░░░░░░░░░░░    83 / 2402 (3%)██░░░░░░░░░░░░░░░░░░░░░░░░░░░░░░░░░░░░░░░░░░░░░░░░░░░░░░░░░░    87 / 2402 (3%)██░░░░░░░░░░░░░░░░░░░░░░░░░░░░░░░░░░░░░░░░░░░░░░░░░░░░░░░░░░    88 / 2402 (3%)██░░░░░░░░░░░░░░░░░░░░░░░░░░░░░░░░░░░░░░░░░░░░░░░░░░░░░░░░░░    89 / 2402 (3%)██▎░░░░░░░░░░░░░░░░░░░░░░░░░░░░░░░░░░░░░░░░░░░░░░░░░░░░░░░░░    92 / 2402 (3%)██▎░░░░░░░░░░░░░░░░░░░░░░░░░░░░░░░░░░░░░░░░░░░░░░░░░░░░░░░░░    93 / 2402 (3%)██▎░░░░░░░░░░░░░░░░░░░░░░░░░░░░░░░░░░░░░░░░░░░░░░░░░░░░░░░░░    99 / 2402 (4%)██▌░░░░░░░░░░░░░░░░░░░░░░░░░░░░░░░░░░░░░░░░░░░░░░░░░░░░░░░░░   101 / 2402 (4%)██▌░░░░░░░░░░░░░░░░░░░░░░░░░░░░░░░░░░░░░░░░░░░░░░░░░░░░░░░░░   104 / 2402 (4%)██▌░░░░░░░░░░░░░░░░░░░░░░░░░░░░░░░░░░░░░░░░░░░░░░░░░░░░░░░░░   107 / 2402 (4%)██▌░░░░░░░░░░░░░░░░░░░░░░░░░░░░░░░░░░░░░░░░░░░░░░░░░░░░░░░░░   110 / 2402 (4%)██▊░░░░░░░░░░░░░░░░░░░░░░░░░░░░░░░░░░░░░░░░░░░░░░░░░░░░░░░░░   113 / 2402 (4%)██▊░░░░░░░░░░░░░░░░░░░░░░░░░░░░░░░░░░░░░░░░░░░░░░░░░░░░░░░░░   119 / 2402 (4%)███░░░░░░░░░░░░░░░░░░░░░░░░░░░░░░░░░░░░░░░░░░░░░░░░░░░░░░░░░   122 / 2402 (5%)███░░░░░░░░░░░░░░░░░░░░░░░░░░░░░░░░░░░░░░░░░░░░░░░░░░░░░░░░░   124 / 2402 (5%)███░░░░░░░░░░░░░░░░░░░░░░░░░░░░░░░░░░░░░░░░░░░░░░░░░░░░░░░░░   127 / 2402 (5%)███░░░░░░░░░░░░░░░░░░░░░░░░░░░░░░░░░░░░░░░░░░░░░░░░░░░░░░░░░   130 / 2402 (5%)███▎░░░░░░░░░░░░░░░░░░░░░░░░░░░░░░░░░░░░░░░░░░░░░░░░░░░░░░░░   133 / 2402 (5%)███▎░░░░░░░░░░░░░░░░░░░░░░░░░░░░░░░░░░░░░░░░░░░░░░░░░░░░░░░░   137 / 2402 (5%)███▌░░░░░░░░░░░░░░░░░░░░░░░░░░░░░░░░░░░░░░░░░░░░░░░░░░░░░░░░   142 / 2402 (5%)███▌░░░░░░░░░░░░░░░░░░░░░░░░░░░░░░░░░░░░░░░░░░░░░░░░░░░░░░░░   146 / 2402 (6%)███▌░░░░░░░░░░░░░░░░░░░░░░░░░░░░░░░░░░░░░░░░░░░░░░░░░░░░░░░░   150 / 2402 (6%)███▊░░░░░░░░░░░░░░░░░░░░░░░░░░░░░░░░░░░░░░░░░░░░░░░░░░░░░░░░   152 / 2402 (6%)███▊░░░░░░░░░░░░░░░░░░░░░░░░░░░░░░░░░░░░░░░░░░░░░░░░░░░░░░░░   155 / 2402 (6%)███▊░░░░░░░░░░░░░░░░░░░░░░░░░░░░░░░░░░░░░░░░░░░░░░░░░░░░░░░░   157 / 2402 (6%)███▊░░░░░░░░░░░░░░░░░░░░░░░░░░░░░░░░░░░░░░░░░░░░░░░░░░░░░░░░   158 / 2402 (6%)███▊░░░░░░░░░░░░░░░░░░░░░░░░░░░░░░░░░░░░░░░░░░░░░░░░░░░░░░░░   160 / 2402 (6%)████░░░░░░░░░░░░░░░░░░░░░░░░░░░░░░░░░░░░░░░░░░░░░░░░░░░░░░░░   164 / 2402 (6%)████░░░░░░░░░░░░░░░░░░░░░░░░░░░░░░░░░░░░░░░░░░░░░░░░░░░░░░░░   165 / 2402 (6%)████░░░░░░░░░░░░░░░░░░░░░░░░░░░░░░░░░░░░░░░░░░░░░░░░░░░░░░░░   168 / 2402 (6%)████░░░░░░░░░░░░░░░░░░░░░░░░░░░░░░░░░░░░░░░░░░░░░░░░░░░░░░░░   170 / 2402 (7%)████▎░░░░░░░░░░░░░░░░░░░░░░░░░░░░░░░░░░░░░░░░░░░░░░░░░░░░░░░   173 / 2402 (7%)████▎░░░░░░░░░░░░░░░░░░░░░░░░░░░░░░░░░░░░░░░░░░░░░░░░░░░░░░░   176 / 2402 (7%)████▎░░░░░░░░░░░░░░░░░░░░░░░░░░░░░░░░░░░░░░░░░░░░░░░░░░░░░░░   177 / 2402 (7%)████▌░░░░░░░░░░░░░░░░░░░░░░░░░░░░░░░░░░░░░░░░░░░░░░░░░░░░░░░   183 / 2402 (7%)████▌░░░░░░░░░░░░░░░░░░░░░░░░░░░░░░░░░░░░░░░░░░░░░░░░░░░░░░░   184 / 2402 (7%)████▌░░░░░░░░░░░░░░░░░░░░░░░░░░░░░░░░░░░░░░░░░░░░░░░░░░░░░░░   185 / 2402 (7%)████▌░░░░░░░░░░░░░░░░░░░░░░░░░░░░░░░░░░░░░░░░░░░░░░░░░░░░░░░   186 / 2402 (7%)████▌░░░░░░░░░░░░░░░░░░░░░░░░░░░░░░░░░░░░░░░░░░░░░░░░░░░░░░░   187 / 2402 (7%)████▌░░░░░░░░░░░░░░░░░░░░░░░░░░░░░░░░░░░░░░░░░░░░░░░░░░░░░░░   188 / 2402 (7%)████▌░░░░░░░░░░░░░░░░░░░░░░░░░░░░░░░░░░░░░░░░░░░░░░░░░░░░░░░   189 / 2402 (7%)████▌░░░░░░░░░░░░░░░░░░░░░░░░░░░░░░░░░░░░░░░░░░░░░░░░░░░░░░░   190 / 2402 (7%)████▊░░░░░░░░░░░░░░░░░░░░░░░░░░░░░░░░░░░░░░░░░░░░░░░░░░░░░░░   192 / 2402 (7%)████▊░░░░░░░░░░░░░░░░░░░░░░░░░░░░░░░░░░░░░░░░░░░░░░░░░░░░░░░   193 / 2402 (8%)████▊░░░░░░░░░░░░░░░░░░░░░░░░░░░░░░░░░░░░░░░░░░░░░░░░░░░░░░░   195 / 2402 (8%)████▊░░░░░░░░░░░░░░░░░░░░░░░░░░░░░░░░░░░░░░░░░░░░░░░░░░░░░░░   196 / 2402 (8%)████▊░░░░░░░░░░░░░░░░░░░░░░░░░░░░░░░░░░░░░░░░░░░░░░░░░░░░░░░   197 / 2402 (8%)████▊░░░░░░░░░░░░░░░░░░░░░░░░░░░░░░░░░░░░░░░░░░░░░░░░░░░░░░░   198 / 2402 (8%)████▊░░░░░░░░░░░░░░░░░░░░░░░░░░░░░░░░░░░░░░░░░░░░░░░░░░░░░░░   199 / 2402 (8%)████▊░░░░░░░░░░░░░░░░░░░░░░░░░░░░░░░░░░░░░░░░░░░░░░░░░░░░░░░   200 / 2402 (8%)█████░░░░░░░░░░░░░░░░░░░░░░░░░░░░░░░░░░░░░░░░░░░░░░░░░░░░░░░   201 / 2402 (8%)█████░░░░░░░░░░░░░░░░░░░░░░░░░░░░░░░░░░░░░░░░░░░░░░░░░░░░░░░   202 / 2402 (8%)█████░░░░░░░░░░░░░░░░░░░░░░░░░░░░░░░░░░░░░░░░░░░░░░░░░░░░░░░   203 / 2402 (8%)█████░░░░░░░░░░░░░░░░░░░░░░░░░░░░░░░░░░░░░░░░░░░░░░░░░░░░░░░   205 / 2402 (8%)█████░░░░░░░░░░░░░░░░░░░░░░░░░░░░░░░░░░░░░░░░░░░░░░░░░░░░░░░   207 / 2402 (8%)█████░░░░░░░░░░░░░░░░░░░░░░░░░░░░░░░░░░░░░░░░░░░░░░░░░░░░░░░   208 / 2402 (8%)█████░░░░░░░░░░░░░░░░░░░░░░░░░░░░░░░░░░░░░░░░░░░░░░░░░░░░░░░   210 / 2402 (8%)█████▎░░░░░░░░░░░░░░░░░░░░░░░░░░░░░░░░░░░░░░░░░░░░░░░░░░░░░░   211 / 2402 (8%)█████▎░░░░░░░░░░░░░░░░░░░░░░░░░░░░░░░░░░░░░░░░░░░░░░░░░░░░░░   212 / 2402 (8%)█████▎░░░░░░░░░░░░░░░░░░░░░░░░░░░░░░░░░░░░░░░░░░░░░░░░░░░░░░   213 / 2402 (8%)█████▎░░░░░░░░░░░░░░░░░░░░░░░░░░░░░░░░░░░░░░░░░░░░░░░░░░░░░░   214 / 2402 (8%)█████▎░░░░░░░░░░░░░░░░░░░░░░░░░░░░░░░░░░░░░░░░░░░░░░░░░░░░░░   215 / 2402 (8%)█████▎░░░░░░░░░░░░░░░░░░░░░░░░░░░░░░░░░░░░░░░░░░░░░░░░░░░░░░   217 / 2402 (9%)█████▎░░░░░░░░░░░░░░░░░░░░░░░░░░░░░░░░░░░░░░░░░░░░░░░░░░░░░░   218 / 2402 (9%)█████▎░░░░░░░░░░░░░░░░░░░░░░░░░░░░░░░░░░░░░░░░░░░░░░░░░░░░░░   219 / 2402 (9%)█████▎░░░░░░░░░░░░░░░░░░░░░░░░░░░░░░░░░░░░░░░░░░░░░░░░░░░░░░   220 / 2402 (9%)█████▌░░░░░░░░░░░░░░░░░░░░░░░░░░░░░░░░░░░░░░░░░░░░░░░░░░░░░░   221 / 2402 (9%)█████▌░░░░░░░░░░░░░░░░░░░░░░░░░░░░░░░░░░░░░░░░░░░░░░░░░░░░░░   222 / 2402 (9%)█████▌░░░░░░░░░░░░░░░░░░░░░░░░░░░░░░░░░░░░░░░░░░░░░░░░░░░░░░   223 / 2402 (9%)█████▌░░░░░░░░░░░░░░░░░░░░░░░░░░░░░░░░░░░░░░░░░░░░░░░░░░░░░░   224 / 2402 (9%)█████▌░░░░░░░░░░░░░░░░░░░░░░░░░░░░░░░░░░░░░░░░░░░░░░░░░░░░░░   225 / 2402 (9%)█████▌░░░░░░░░░░░░░░░░░░░░░░░░░░░░░░░░░░░░░░░░░░░░░░░░░░░░░░   226 / 2402 (9%)█████▌░░░░░░░░░░░░░░░░░░░░░░░░░░░░░░░░░░░░░░░░░░░░░░░░░░░░░░   227 / 2402 (9%)█████▌░░░░░░░░░░░░░░░░░░░░░░░░░░░░░░░░░░░░░░░░░░░░░░░░░░░░░░   228 / 2402 (9%)█████▌░░░░░░░░░░░░░░░░░░░░░░░░░░░░░░░░░░░░░░░░░░░░░░░░░░░░░░   229 / 2402 (9%)█████▌░░░░░░░░░░░░░░░░░░░░░░░░░░░░░░░░░░░░░░░░░░░░░░░░░░░░░░   230 / 2402 (9%)█████▊░░░░░░░░░░░░░░░░░░░░░░░░░░░░░░░░░░░░░░░░░░░░░░░░░░░░░░   240 / 2402 (9%)██████░░░░░░░░░░░░░░░░░░░░░░░░░░░░░░░░░░░░░░░░░░░░░░░░░░░░░░   241 / 2402 (10%)██████░░░░░░░░░░░░░░░░░░░░░░░░░░░░░░░░░░░░░░░░░░░░░░░░░░░░░░   242 / 2402 (10%)██████░░░░░░░░░░░░░░░░░░░░░░░░░░░░░░░░░░░░░░░░░░░░░░░░░░░░░░   243 / 2402 (10%)██████░░░░░░░░░░░░░░░░░░░░░░░░░░░░░░░░░░░░░░░░░░░░░░░░░░░░░░   244 / 2402 (10%)██████░░░░░░░░░░░░░░░░░░░░░░░░░░░░░░░░░░░░░░░░░░░░░░░░░░░░░░   245 / 2402 (10%)██████░░░░░░░░░░░░░░░░░░░░░░░░░░░░░░░░░░░░░░░░░░░░░░░░░░░░░░   246 / 2402 (10%)██████░░░░░░░░░░░░░░░░░░░░░░░░░░░░░░░░░░░░░░░░░░░░░░░░░░░░░░   247 / 2402 (10%)██████░░░░░░░░░░░░░░░░░░░░░░░░░░░░░░░░░░░░░░░░░░░░░░░░░░░░░░   248 / 2402 (10%)██████░░░░░░░░░░░░░░░░░░░░░░░░░░░░░░░░░░░░░░░░░░░░░░░░░░░░░░   250 / 2402 (10%)██████▎░░░░░░░░░░░░░░░░░░░░░░░░░░░░░░░░░░░░░░░░░░░░░░░░░░░░░   251 / 2402 (10%)██████▎░░░░░░░░░░░░░░░░░░░░░░░░░░░░░░░░░░░░░░░░░░░░░░░░░░░░░   252 / 2402 (10%)██████▎░░░░░░░░░░░░░░░░░░░░░░░░░░░░░░░░░░░░░░░░░░░░░░░░░░░░░   253 / 2402 (10%)██████▎░░░░░░░░░░░░░░░░░░░░░░░░░░░░░░░░░░░░░░░░░░░░░░░░░░░░░   254 / 2402 (10%)██████▎░░░░░░░░░░░░░░░░░░░░░░░░░░░░░░░░░░░░░░░░░░░░░░░░░░░░░   255 / 2402 (10%)██████▎░░░░░░░░░░░░░░░░░░░░░░░░░░░░░░░░░░░░░░░░░░░░░░░░░░░░░   256 / 2402 (10%)██████▎░░░░░░░░░░░░░░░░░░░░░░░░░░░░░░░░░░░░░░░░░░░░░░░░░░░░░   257 / 2402 (10%)██████▎░░░░░░░░░░░░░░░░░░░░░░░░░░░░░░░░░░░░░░░░░░░░░░░░░░░░░   259 / 2402 (10%)██████▎░░░░░░░░░░░░░░░░░░░░░░░░░░░░░░░░░░░░░░░░░░░░░░░░░░░░░   260 / 2402 (10%)██████▌░░░░░░░░░░░░░░░░░░░░░░░░░░░░░░░░░░░░░░░░░░░░░░░░░░░░░   261 / 2402 (10%)██████▌░░░░░░░░░░░░░░░░░░░░░░░░░░░░░░░░░░░░░░░░░░░░░░░░░░░░░   263 / 2402 (10%)██████▌░░░░░░░░░░░░░░░░░░░░░░░░░░░░░░░░░░░░░░░░░░░░░░░░░░░░░   264 / 2402 (10%)██████▌░░░░░░░░░░░░░░░░░░░░░░░░░░░░░░░░░░░░░░░░░░░░░░░░░░░░░   266 / 2402 (11%)██████▌░░░░░░░░░░░░░░░░░░░░░░░░░░░░░░░░░░░░░░░░░░░░░░░░░░░░░   268 / 2402 (11%)██████▌░░░░░░░░░░░░░░░░░░░░░░░░░░░░░░░░░░░░░░░░░░░░░░░░░░░░░   269 / 2402 (11%)██████▌░░░░░░░░░░░░░░░░░░░░░░░░░░░░░░░░░░░░░░░░░░░░░░░░░░░░░   270 / 2402 (11%)██████▊░░░░░░░░░░░░░░░░░░░░░░░░░░░░░░░░░░░░░░░░░░░░░░░░░░░░░   271 / 2402 (11%)██████▊░░░░░░░░░░░░░░░░░░░░░░░░░░░░░░░░░░░░░░░░░░░░░░░░░░░░░   272 / 2402 (11%)██████▊░░░░░░░░░░░░░░░░░░░░░░░░░░░░░░░░░░░░░░░░░░░░░░░░░░░░░   273 / 2402 (11%)██████▊░░░░░░░░░░░░░░░░░░░░░░░░░░░░░░░░░░░░░░░░░░░░░░░░░░░░░   274 / 2402 (11%)██████▊░░░░░░░░░░░░░░░░░░░░░░░░░░░░░░░░░░░░░░░░░░░░░░░░░░░░░   275 / 2402 (11%)██████▊░░░░░░░░░░░░░░░░░░░░░░░░░░░░░░░░░░░░░░░░░░░░░░░░░░░░░   276 / 2402 (11%)██████▊░░░░░░░░░░░░░░░░░░░░░░░░░░░░░░░░░░░░░░░░░░░░░░░░░░░░░   277 / 2402 (11%)██████▊░░░░░░░░░░░░░░░░░░░░░░░░░░░░░░░░░░░░░░░░░░░░░░░░░░░░░   278 / 2402 (11%)██████▊░░░░░░░░░░░░░░░░░░░░░░░░░░░░░░░░░░░░░░░░░░░░░░░░░░░░░   279 / 2402 (11%)██████▊░░░░░░░░░░░░░░░░░░░░░░░░░░░░░░░░░░░░░░░░░░░░░░░░░░░░░   280 / 2402 (11%)███████░░░░░░░░░░░░░░░░░░░░░░░░░░░░░░░░░░░░░░░░░░░░░░░░░░░░░   281 / 2402 (11%)███████░░░░░░░░░░░░░░░░░░░░░░░░░░░░░░░░░░░░░░░░░░░░░░░░░░░░░   282 / 2402 (11%)███████░░░░░░░░░░░░░░░░░░░░░░░░░░░░░░░░░░░░░░░░░░░░░░░░░░░░░   283 / 2402 (11%)███████░░░░░░░░░░░░░░░░░░░░░░░░░░░░░░░░░░░░░░░░░░░░░░░░░░░░░   284 / 2402 (11%)███████░░░░░░░░░░░░░░░░░░░░░░░░░░░░░░░░░░░░░░░░░░░░░░░░░░░░░   285 / 2402 (11%)███████░░░░░░░░░░░░░░░░░░░░░░░░░░░░░░░░░░░░░░░░░░░░░░░░░░░░░   286 / 2402 (11%)███████░░░░░░░░░░░░░░░░░░░░░░░░░░░░░░░░░░░░░░░░░░░░░░░░░░░░░   287 / 2402 (11%)███████░░░░░░░░░░░░░░░░░░░░░░░░░░░░░░░░░░░░░░░░░░░░░░░░░░░░░   288 / 2402 (11%)███████░░░░░░░░░░░░░░░░░░░░░░░░░░░░░░░░░░░░░░░░░░░░░░░░░░░░░   289 / 2402 (12%)███████░░░░░░░░░░░░░░░░░░░░░░░░░░░░░░░░░░░░░░░░░░░░░░░░░░░░░   290 / 2402 (12%)███████▎░░░░░░░░░░░░░░░░░░░░░░░░░░░░░░░░░░░░░░░░░░░░░░░░░░░░   291 / 2402 (12%)███████▎░░░░░░░░░░░░░░░░░░░░░░░░░░░░░░░░░░░░░░░░░░░░░░░░░░░░   292 / 2402 (12%)███████▎░░░░░░░░░░░░░░░░░░░░░░░░░░░░░░░░░░░░░░░░░░░░░░░░░░░░   293 / 2402 (12%)███████▎░░░░░░░░░░░░░░░░░░░░░░░░░░░░░░░░░░░░░░░░░░░░░░░░░░░░   294 / 2402 (12%)███████▎░░░░░░░░░░░░░░░░░░░░░░░░░░░░░░░░░░░░░░░░░░░░░░░░░░░░   295 / 2402 (12%)███████▎░░░░░░░░░░░░░░░░░░░░░░░░░░░░░░░░░░░░░░░░░░░░░░░░░░░░   296 / 2402 (12%)███████▎░░░░░░░░░░░░░░░░░░░░░░░░░░░░░░░░░░░░░░░░░░░░░░░░░░░░   297 / 2402 (12%)███████▎░░░░░░░░░░░░░░░░░░░░░░░░░░░░░░░░░░░░░░░░░░░░░░░░░░░░   298 / 2402 (12%)███████▎░░░░░░░░░░░░░░░░░░░░░░░░░░░░░░░░░░░░░░░░░░░░░░░░░░░░   299 / 2402 (12%)███████▎░░░░░░░░░░░░░░░░░░░░░░░░░░░░░░░░░░░░░░░░░░░░░░░░░░░░   300 / 2402 (12%)███████▌░░░░░░░░░░░░░░░░░░░░░░░░░░░░░░░░░░░░░░░░░░░░░░░░░░░░   301 / 2402 (12%)███████▌░░░░░░░░░░░░░░░░░░░░░░░░░░░░░░░░░░░░░░░░░░░░░░░░░░░░   302 / 2402 (12%)███████▌░░░░░░░░░░░░░░░░░░░░░░░░░░░░░░░░░░░░░░░░░░░░░░░░░░░░   303 / 2402 (12%)███████▌░░░░░░░░░░░░░░░░░░░░░░░░░░░░░░░░░░░░░░░░░░░░░░░░░░░░   304 / 2402 (12%)███████▌░░░░░░░░░░░░░░░░░░░░░░░░░░░░░░░░░░░░░░░░░░░░░░░░░░░░   305 / 2402 (12%)███████▌░░░░░░░░░░░░░░░░░░░░░░░░░░░░░░░░░░░░░░░░░░░░░░░░░░░░   306 / 2402 (12%)███████▌░░░░░░░░░░░░░░░░░░░░░░░░░░░░░░░░░░░░░░░░░░░░░░░░░░░░   307 / 2402 (12%)███████▌░░░░░░░░░░░░░░░░░░░░░░░░░░░░░░░░░░░░░░░░░░░░░░░░░░░░   308 / 2402 (12%)███████▌░░░░░░░░░░░░░░░░░░░░░░░░░░░░░░░░░░░░░░░░░░░░░░░░░░░░   309 / 2402 (12%)███████▌░░░░░░░░░░░░░░░░░░░░░░░░░░░░░░░░░░░░░░░░░░░░░░░░░░░░   310 / 2402 (12%)███████▊░░░░░░░░░░░░░░░░░░░░░░░░░░░░░░░░░░░░░░░░░░░░░░░░░░░░   311 / 2402 (12%)███████▊░░░░░░░░░░░░░░░░░░░░░░░░░░░░░░░░░░░░░░░░░░░░░░░░░░░░   312 / 2402 (12%)███████▊░░░░░░░░░░░░░░░░░░░░░░░░░░░░░░░░░░░░░░░░░░░░░░░░░░░░   313 / 2402 (13%)███████▊░░░░░░░░░░░░░░░░░░░░░░░░░░░░░░░░░░░░░░░░░░░░░░░░░░░░   314 / 2402 (13%)███████▊░░░░░░░░░░░░░░░░░░░░░░░░░░░░░░░░░░░░░░░░░░░░░░░░░░░░   315 / 2402 (13%)███████▊░░░░░░░░░░░░░░░░░░░░░░░░░░░░░░░░░░░░░░░░░░░░░░░░░░░░   316 / 2402 (13%)███████▊░░░░░░░░░░░░░░░░░░░░░░░░░░░░░░░░░░░░░░░░░░░░░░░░░░░░   317 / 2402 (13%)███████▊░░░░░░░░░░░░░░░░░░░░░░░░░░░░░░░░░░░░░░░░░░░░░░░░░░░░   318 / 2402 (13%)███████▊░░░░░░░░░░░░░░░░░░░░░░░░░░░░░░░░░░░░░░░░░░░░░░░░░░░░   319 / 2402 (13%)███████▊░░░░░░░░░░░░░░░░░░░░░░░░░░░░░░░░░░░░░░░░░░░░░░░░░░░░   320 / 2402 (13%)████████░░░░░░░░░░░░░░░░░░░░░░░░░░░░░░░░░░░░░░░░░░░░░░░░░░░░   321 / 2402 (13%)████████░░░░░░░░░░░░░░░░░░░░░░░░░░░░░░░░░░░░░░░░░░░░░░░░░░░░   322 / 2402 (13%)████████░░░░░░░░░░░░░░░░░░░░░░░░░░░░░░░░░░░░░░░░░░░░░░░░░░░░   323 / 2402 (13%)████████░░░░░░░░░░░░░░░░░░░░░░░░░░░░░░░░░░░░░░░░░░░░░░░░░░░░   324 / 2402 (13%)████████░░░░░░░░░░░░░░░░░░░░░░░░░░░░░░░░░░░░░░░░░░░░░░░░░░░░   325 / 2402 (13%)████████░░░░░░░░░░░░░░░░░░░░░░░░░░░░░░░░░░░░░░░░░░░░░░░░░░░░   326 / 2402 (13%)████████░░░░░░░░░░░░░░░░░░░░░░░░░░░░░░░░░░░░░░░░░░░░░░░░░░░░   327 / 2402 (13%)████████░░░░░░░░░░░░░░░░░░░░░░░░░░░░░░░░░░░░░░░░░░░░░░░░░░░░   328 / 2402 (13%)████████░░░░░░░░░░░░░░░░░░░░░░░░░░░░░░░░░░░░░░░░░░░░░░░░░░░░   329 / 2402 (13%)████████░░░░░░░░░░░░░░░░░░░░░░░░░░░░░░░░░░░░░░░░░░░░░░░░░░░░   330 / 2402 (13%)████████▎░░░░░░░░░░░░░░░░░░░░░░░░░░░░░░░░░░░░░░░░░░░░░░░░░░░   331 / 2402 (13%)████████▎░░░░░░░░░░░░░░░░░░░░░░░░░░░░░░░░░░░░░░░░░░░░░░░░░░░   332 / 2402 (13%)████████▎░░░░░░░░░░░░░░░░░░░░░░░░░░░░░░░░░░░░░░░░░░░░░░░░░░░   333 / 2402 (13%)████████▎░░░░░░░░░░░░░░░░░░░░░░░░░░░░░░░░░░░░░░░░░░░░░░░░░░░   334 / 2402 (13%)████████▎░░░░░░░░░░░░░░░░░░░░░░░░░░░░░░░░░░░░░░░░░░░░░░░░░░░   335 / 2402 (13%)████████▎░░░░░░░░░░░░░░░░░░░░░░░░░░░░░░░░░░░░░░░░░░░░░░░░░░░   336 / 2402 (13%)████████▎░░░░░░░░░░░░░░░░░░░░░░░░░░░░░░░░░░░░░░░░░░░░░░░░░░░   337 / 2402 (14%)████████▎░░░░░░░░░░░░░░░░░░░░░░░░░░░░░░░░░░░░░░░░░░░░░░░░░░░   338 / 2402 (14%)████████▎░░░░░░░░░░░░░░░░░░░░░░░░░░░░░░░░░░░░░░░░░░░░░░░░░░░   339 / 2402 (14%)████████▎░░░░░░░░░░░░░░░░░░░░░░░░░░░░░░░░░░░░░░░░░░░░░░░░░░░   340 / 2402 (14%)████████▌░░░░░░░░░░░░░░░░░░░░░░░░░░░░░░░░░░░░░░░░░░░░░░░░░░░   341 / 2402 (14%)████████▌░░░░░░░░░░░░░░░░░░░░░░░░░░░░░░░░░░░░░░░░░░░░░░░░░░░   342 / 2402 (14%)████████▌░░░░░░░░░░░░░░░░░░░░░░░░░░░░░░░░░░░░░░░░░░░░░░░░░░░   343 / 2402 (14%)████████▌░░░░░░░░░░░░░░░░░░░░░░░░░░░░░░░░░░░░░░░░░░░░░░░░░░░   344 / 2402 (14%)████████▌░░░░░░░░░░░░░░░░░░░░░░░░░░░░░░░░░░░░░░░░░░░░░░░░░░░   345 / 2402 (14%)████████▌░░░░░░░░░░░░░░░░░░░░░░░░░░░░░░░░░░░░░░░░░░░░░░░░░░░   346 / 2402 (14%)████████▌░░░░░░░░░░░░░░░░░░░░░░░░░░░░░░░░░░░░░░░░░░░░░░░░░░░   347 / 2402 (14%)████████▌░░░░░░░░░░░░░░░░░░░░░░░░░░░░░░░░░░░░░░░░░░░░░░░░░░░   348 / 2402 (14%)████████▌░░░░░░░░░░░░░░░░░░░░░░░░░░░░░░░░░░░░░░░░░░░░░░░░░░░   349 / 2402 (14%)████████▌░░░░░░░░░░░░░░░░░░░░░░░░░░░░░░░░░░░░░░░░░░░░░░░░░░░   350 / 2402 (14%)████████▊░░░░░░░░░░░░░░░░░░░░░░░░░░░░░░░░░░░░░░░░░░░░░░░░░░░   351 / 2402 (14%)████████▊░░░░░░░░░░░░░░░░░░░░░░░░░░░░░░░░░░░░░░░░░░░░░░░░░░░   352 / 2402 (14%)████████▊░░░░░░░░░░░░░░░░░░░░░░░░░░░░░░░░░░░░░░░░░░░░░░░░░░░   353 / 2402 (14%)████████▊░░░░░░░░░░░░░░░░░░░░░░░░░░░░░░░░░░░░░░░░░░░░░░░░░░░   354 / 2402 (14%)████████▊░░░░░░░░░░░░░░░░░░░░░░░░░░░░░░░░░░░░░░░░░░░░░░░░░░░   355 / 2402 (14%)████████▊░░░░░░░░░░░░░░░░░░░░░░░░░░░░░░░░░░░░░░░░░░░░░░░░░░░   356 / 2402 (14%)████████▊░░░░░░░░░░░░░░░░░░░░░░░░░░░░░░░░░░░░░░░░░░░░░░░░░░░   357 / 2402 (14%)████████▊░░░░░░░░░░░░░░░░░░░░░░░░░░░░░░░░░░░░░░░░░░░░░░░░░░░   358 / 2402 (14%)████████▊░░░░░░░░░░░░░░░░░░░░░░░░░░░░░░░░░░░░░░░░░░░░░░░░░░░   359 / 2402 (14%)█████████░░░░░░░░░░░░░░░░░░░░░░░░░░░░░░░░░░░░░░░░░░░░░░░░░░░   362 / 2402 (15%)█████████░░░░░░░░░░░░░░░░░░░░░░░░░░░░░░░░░░░░░░░░░░░░░░░░░░░   363 / 2402 (15%)█████████░░░░░░░░░░░░░░░░░░░░░░░░░░░░░░░░░░░░░░░░░░░░░░░░░░░   364 / 2402 (15%)█████████░░░░░░░░░░░░░░░░░░░░░░░░░░░░░░░░░░░░░░░░░░░░░░░░░░░   365 / 2402 (15%)█████████░░░░░░░░░░░░░░░░░░░░░░░░░░░░░░░░░░░░░░░░░░░░░░░░░░░   366 / 2402 (15%)█████████▎░░░░░░░░░░░░░░░░░░░░░░░░░░░░░░░░░░░░░░░░░░░░░░░░░░   373 / 2402 (15%)█████████▎░░░░░░░░░░░░░░░░░░░░░░░░░░░░░░░░░░░░░░░░░░░░░░░░░░   374 / 2402 (15%)█████████▎░░░░░░░░░░░░░░░░░░░░░░░░░░░░░░░░░░░░░░░░░░░░░░░░░░   375 / 2402 (15%)█████████▎░░░░░░░░░░░░░░░░░░░░░░░░░░░░░░░░░░░░░░░░░░░░░░░░░░   376 / 2402 (15%)█████████▎░░░░░░░░░░░░░░░░░░░░░░░░░░░░░░░░░░░░░░░░░░░░░░░░░░   380 / 2402 (15%)█████████▌░░░░░░░░░░░░░░░░░░░░░░░░░░░░░░░░░░░░░░░░░░░░░░░░░░   382 / 2402 (15%)█████████▌░░░░░░░░░░░░░░░░░░░░░░░░░░░░░░░░░░░░░░░░░░░░░░░░░░   383 / 2402 (15%)█████████▌░░░░░░░░░░░░░░░░░░░░░░░░░░░░░░░░░░░░░░░░░░░░░░░░░░   386 / 2402 (16%)█████████▌░░░░░░░░░░░░░░░░░░░░░░░░░░░░░░░░░░░░░░░░░░░░░░░░░░   389 / 2402 (16%)█████████▊░░░░░░░░░░░░░░░░░░░░░░░░░░░░░░░░░░░░░░░░░░░░░░░░░░   392 / 2402 (16%)█████████▊░░░░░░░░░░░░░░░░░░░░░░░░░░░░░░░░░░░░░░░░░░░░░░░░░░   393 / 2402 (16%)█████████▊░░░░░░░░░░░░░░░░░░░░░░░░░░░░░░░░░░░░░░░░░░░░░░░░░░   395 / 2402 (16%)█████████▊░░░░░░░░░░░░░░░░░░░░░░░░░░░░░░░░░░░░░░░░░░░░░░░░░░   396 / 2402 (16%)█████████▊░░░░░░░░░░░░░░░░░░░░░░░░░░░░░░░░░░░░░░░░░░░░░░░░░░   399 / 2402 (16%)██████████░░░░░░░░░░░░░░░░░░░░░░░░░░░░░░░░░░░░░░░░░░░░░░░░░░   401 / 2402 (16%)██████████░░░░░░░░░░░░░░░░░░░░░░░░░░░░░░░░░░░░░░░░░░░░░░░░░░   403 / 2402 (16%)██████████░░░░░░░░░░░░░░░░░░░░░░░░░░░░░░░░░░░░░░░░░░░░░░░░░░   407 / 2402 (16%)██████████░░░░░░░░░░░░░░░░░░░░░░░░░░░░░░░░░░░░░░░░░░░░░░░░░░   409 / 2402 (17%)██████████▎░░░░░░░░░░░░░░░░░░░░░░░░░░░░░░░░░░░░░░░░░░░░░░░░░   411 / 2402 (17%)██████████▎░░░░░░░░░░░░░░░░░░░░░░░░░░░░░░░░░░░░░░░░░░░░░░░░░   415 / 2402 (17%)██████████▎░░░░░░░░░░░░░░░░░░░░░░░░░░░░░░░░░░░░░░░░░░░░░░░░░   418 / 2402 (17%)██████████▌░░░░░░░░░░░░░░░░░░░░░░░░░░░░░░░░░░░░░░░░░░░░░░░░░   421 / 2402 (17%)██████████▌░░░░░░░░░░░░░░░░░░░░░░░░░░░░░░░░░░░░░░░░░░░░░░░░░   424 / 2402 (17%)██████████▌░░░░░░░░░░░░░░░░░░░░░░░░░░░░░░░░░░░░░░░░░░░░░░░░░   425 / 2402 (17%)██████████▌░░░░░░░░░░░░░░░░░░░░░░░░░░░░░░░░░░░░░░░░░░░░░░░░░   428 / 2402 (17%)██████████▌░░░░░░░░░░░░░░░░░░░░░░░░░░░░░░░░░░░░░░░░░░░░░░░░░   430 / 2402 (17%)██████████▊░░░░░░░░░░░░░░░░░░░░░░░░░░░░░░░░░░░░░░░░░░░░░░░░░   431 / 2402 (17%)██████████▊░░░░░░░░░░░░░░░░░░░░░░░░░░░░░░░░░░░░░░░░░░░░░░░░░   433 / 2402 (18%)██████████▊░░░░░░░░░░░░░░░░░░░░░░░░░░░░░░░░░░░░░░░░░░░░░░░░░   435 / 2402 (18%)██████████▊░░░░░░░░░░░░░░░░░░░░░░░░░░░░░░░░░░░░░░░░░░░░░░░░░   437 / 2402 (18%)██████████▊░░░░░░░░░░░░░░░░░░░░░░░░░░░░░░░░░░░░░░░░░░░░░░░░░   440 / 2402 (18%)███████████░░░░░░░░░░░░░░░░░░░░░░░░░░░░░░░░░░░░░░░░░░░░░░░░░   443 / 2402 (18%)███████████░░░░░░░░░░░░░░░░░░░░░░░░░░░░░░░░░░░░░░░░░░░░░░░░░   445 / 2402 (18%)███████████░░░░░░░░░░░░░░░░░░░░░░░░░░░░░░░░░░░░░░░░░░░░░░░░░   449 / 2402 (18%)███████████▎░░░░░░░░░░░░░░░░░░░░░░░░░░░░░░░░░░░░░░░░░░░░░░░░   451 / 2402 (18%)███████████▎░░░░░░░░░░░░░░░░░░░░░░░░░░░░░░░░░░░░░░░░░░░░░░░░   453 / 2402 (18%)███████████▎░░░░░░░░░░░░░░░░░░░░░░░░░░░░░░░░░░░░░░░░░░░░░░░░   455 / 2402 (18%)███████████▎░░░░░░░░░░░░░░░░░░░░░░░░░░░░░░░░░░░░░░░░░░░░░░░░   458 / 2402 (19%)███████████▎░░░░░░░░░░░░░░░░░░░░░░░░░░░░░░░░░░░░░░░░░░░░░░░░   460 / 2402 (19%)███████████▌░░░░░░░░░░░░░░░░░░░░░░░░░░░░░░░░░░░░░░░░░░░░░░░░   463 / 2402 (19%)███████████▌░░░░░░░░░░░░░░░░░░░░░░░░░░░░░░░░░░░░░░░░░░░░░░░░   465 / 2402 (19%)███████████▌░░░░░░░░░░░░░░░░░░░░░░░░░░░░░░░░░░░░░░░░░░░░░░░░   468 / 2402 (19%)███████████▌░░░░░░░░░░░░░░░░░░░░░░░░░░░░░░░░░░░░░░░░░░░░░░░░   469 / 2402 (19%)███████████▌░░░░░░░░░░░░░░░░░░░░░░░░░░░░░░░░░░░░░░░░░░░░░░░░   470 / 2402 (19%)███████████▊░░░░░░░░░░░░░░░░░░░░░░░░░░░░░░░░░░░░░░░░░░░░░░░░   472 / 2402 (19%)███████████▊░░░░░░░░░░░░░░░░░░░░░░░░░░░░░░░░░░░░░░░░░░░░░░░░   475 / 2402 (19%)███████████▊░░░░░░░░░░░░░░░░░░░░░░░░░░░░░░░░░░░░░░░░░░░░░░░░   477 / 2402 (19%)███████████▊░░░░░░░░░░░░░░░░░░░░░░░░░░░░░░░░░░░░░░░░░░░░░░░░   479 / 2402 (19%)████████████░░░░░░░░░░░░░░░░░░░░░░░░░░░░░░░░░░░░░░░░░░░░░░░░   481 / 2402 (20%)████████████░░░░░░░░░░░░░░░░░░░░░░░░░░░░░░░░░░░░░░░░░░░░░░░░   484 / 2402 (20%)████████████░░░░░░░░░░░░░░░░░░░░░░░░░░░░░░░░░░░░░░░░░░░░░░░░   486 / 2402 (20%)████████████░░░░░░░░░░░░░░░░░░░░░░░░░░░░░░░░░░░░░░░░░░░░░░░░   489 / 2402 (20%)████████████▎░░░░░░░░░░░░░░░░░░░░░░░░░░░░░░░░░░░░░░░░░░░░░░░   491 / 2402 (20%)████████████▎░░░░░░░░░░░░░░░░░░░░░░░░░░░░░░░░░░░░░░░░░░░░░░░   493 / 2402 (20%)████████████▎░░░░░░░░░░░░░░░░░░░░░░░░░░░░░░░░░░░░░░░░░░░░░░░   495 / 2402 (20%)████████████▎░░░░░░░░░░░░░░░░░░░░░░░░░░░░░░░░░░░░░░░░░░░░░░░   498 / 2402 (20%)████████████▎░░░░░░░░░░░░░░░░░░░░░░░░░░░░░░░░░░░░░░░░░░░░░░░   500 / 2402 (20%)████████████▌░░░░░░░░░░░░░░░░░░░░░░░░░░░░░░░░░░░░░░░░░░░░░░░   502 / 2402 (20%)████████████▌░░░░░░░░░░░░░░░░░░░░░░░░░░░░░░░░░░░░░░░░░░░░░░░   504 / 2402 (20%)████████████▌░░░░░░░░░░░░░░░░░░░░░░░░░░░░░░░░░░░░░░░░░░░░░░░   506 / 2402 (21%)████████████▌░░░░░░░░░░░░░░░░░░░░░░░░░░░░░░░░░░░░░░░░░░░░░░░   507 / 2402 (21%)████████████▌░░░░░░░░░░░░░░░░░░░░░░░░░░░░░░░░░░░░░░░░░░░░░░░   508 / 2402 (21%)████████████▌░░░░░░░░░░░░░░░░░░░░░░░░░░░░░░░░░░░░░░░░░░░░░░░   509 / 2402 (21%)████████████▊░░░░░░░░░░░░░░░░░░░░░░░░░░░░░░░░░░░░░░░░░░░░░░░   511 / 2402 (21%)████████████▊░░░░░░░░░░░░░░░░░░░░░░░░░░░░░░░░░░░░░░░░░░░░░░░   512 / 2402 (21%)████████████▊░░░░░░░░░░░░░░░░░░░░░░░░░░░░░░░░░░░░░░░░░░░░░░░   513 / 2402 (21%)████████████▊░░░░░░░░░░░░░░░░░░░░░░░░░░░░░░░░░░░░░░░░░░░░░░░   516 / 2402 (21%)████████████▊░░░░░░░░░░░░░░░░░░░░░░░░░░░░░░░░░░░░░░░░░░░░░░░   518 / 2402 (21%)████████████▊░░░░░░░░░░░░░░░░░░░░░░░░░░░░░░░░░░░░░░░░░░░░░░░   519 / 2402 (21%)█████████████░░░░░░░░░░░░░░░░░░░░░░░░░░░░░░░░░░░░░░░░░░░░░░░   522 / 2402 (21%)█████████████░░░░░░░░░░░░░░░░░░░░░░░░░░░░░░░░░░░░░░░░░░░░░░░   526 / 2402 (21%)█████████████░░░░░░░░░░░░░░░░░░░░░░░░░░░░░░░░░░░░░░░░░░░░░░░   528 / 2402 (21%)█████████████▎░░░░░░░░░░░░░░░░░░░░░░░░░░░░░░░░░░░░░░░░░░░░░░   531 / 2402 (22%)█████████████▎░░░░░░░░░░░░░░░░░░░░░░░░░░░░░░░░░░░░░░░░░░░░░░   532 / 2402 (22%)█████████████▎░░░░░░░░░░░░░░░░░░░░░░░░░░░░░░░░░░░░░░░░░░░░░░   536 / 2402 (22%)█████████████▌░░░░░░░░░░░░░░░░░░░░░░░░░░░░░░░░░░░░░░░░░░░░░░   541 / 2402 (22%)█████████████▌░░░░░░░░░░░░░░░░░░░░░░░░░░░░░░░░░░░░░░░░░░░░░░   544 / 2402 (22%)█████████████▌░░░░░░░░░░░░░░░░░░░░░░░░░░░░░░░░░░░░░░░░░░░░░░   545 / 2402 (22%)█████████████▌░░░░░░░░░░░░░░░░░░░░░░░░░░░░░░░░░░░░░░░░░░░░░░   546 / 2402 (22%)█████████████▌░░░░░░░░░░░░░░░░░░░░░░░░░░░░░░░░░░░░░░░░░░░░░░   547 / 2402 (22%)█████████████▌░░░░░░░░░░░░░░░░░░░░░░░░░░░░░░░░░░░░░░░░░░░░░░   548 / 2402 (22%)█████████████▊░░░░░░░░░░░░░░░░░░░░░░░░░░░░░░░░░░░░░░░░░░░░░░   553 / 2402 (23%)█████████████▊░░░░░░░░░░░░░░░░░░░░░░░░░░░░░░░░░░░░░░░░░░░░░░   556 / 2402 (23%)█████████████▊░░░░░░░░░░░░░░░░░░░░░░░░░░░░░░░░░░░░░░░░░░░░░░   558 / 2402 (23%)█████████████▊░░░░░░░░░░░░░░░░░░░░░░░░░░░░░░░░░░░░░░░░░░░░░░   560 / 2402 (23%)██████████████░░░░░░░░░░░░░░░░░░░░░░░░░░░░░░░░░░░░░░░░░░░░░░   561 / 2402 (23%)██████████████░░░░░░░░░░░░░░░░░░░░░░░░░░░░░░░░░░░░░░░░░░░░░░   565 / 2402 (23%)██████████████░░░░░░░░░░░░░░░░░░░░░░░░░░░░░░░░░░░░░░░░░░░░░░   567 / 2402 (23%)██████████████░░░░░░░░░░░░░░░░░░░░░░░░░░░░░░░░░░░░░░░░░░░░░░   569 / 2402 (23%)██████████████▎░░░░░░░░░░░░░░░░░░░░░░░░░░░░░░░░░░░░░░░░░░░░░   571 / 2402 (23%)██████████████▎░░░░░░░░░░░░░░░░░░░░░░░░░░░░░░░░░░░░░░░░░░░░░   575 / 2402 (23%)██████████████▎░░░░░░░░░░░░░░░░░░░░░░░░░░░░░░░░░░░░░░░░░░░░░   578 / 2402 (24%)██████████████▊░░░░░░░░░░░░░░░░░░░░░░░░░░░░░░░░░░░░░░░░░░░░░   591 / 2402 (24%)██████████████▊░░░░░░░░░░░░░░░░░░░░░░░░░░░░░░░░░░░░░░░░░░░░░   594 / 2402 (24%)██████████████▊░░░░░░░░░░░░░░░░░░░░░░░░░░░░░░░░░░░░░░░░░░░░░   597 / 2402 (24%)██████████████▊░░░░░░░░░░░░░░░░░░░░░░░░░░░░░░░░░░░░░░░░░░░░░   599 / 2402 (24%)██████████████▊░░░░░░░░░░░░░░░░░░░░░░░░░░░░░░░░░░░░░░░░░░░░░   600 / 2402 (24%)███████████████░░░░░░░░░░░░░░░░░░░░░░░░░░░░░░░░░░░░░░░░░░░░░   604 / 2402 (25%)███████████████░░░░░░░░░░░░░░░░░░░░░░░░░░░░░░░░░░░░░░░░░░░░░   605 / 2402 (25%)███████████████░░░░░░░░░░░░░░░░░░░░░░░░░░░░░░░░░░░░░░░░░░░░░   606 / 2402 (25%)███████████████░░░░░░░░░░░░░░░░░░░░░░░░░░░░░░░░░░░░░░░░░░░░░   609 / 2402 (25%)███████████████▎░░░░░░░░░░░░░░░░░░░░░░░░░░░░░░░░░░░░░░░░░░░░   612 / 2402 (25%)███████████████▎░░░░░░░░░░░░░░░░░░░░░░░░░░░░░░░░░░░░░░░░░░░░   614 / 2402 (25%)███████████████▎░░░░░░░░░░░░░░░░░░░░░░░░░░░░░░░░░░░░░░░░░░░░   615 / 2402 (25%)███████████████▌░░░░░░░░░░░░░░░░░░░░░░░░░░░░░░░░░░░░░░░░░░░░   621 / 2402 (25%)███████████████▌░░░░░░░░░░░░░░░░░░░░░░░░░░░░░░░░░░░░░░░░░░░░   626 / 2402 (26%)███████████████▌░░░░░░░░░░░░░░░░░░░░░░░░░░░░░░░░░░░░░░░░░░░░   629 / 2402 (26%)███████████████▊░░░░░░░░░░░░░░░░░░░░░░░░░░░░░░░░░░░░░░░░░░░░   633 / 2402 (26%)███████████████▊░░░░░░░░░░░░░░░░░░░░░░░░░░░░░░░░░░░░░░░░░░░░   635 / 2402 (26%)███████████████▊░░░░░░░░░░░░░░░░░░░░░░░░░░░░░░░░░░░░░░░░░░░░   639 / 2402 (26%)████████████████░░░░░░░░░░░░░░░░░░░░░░░░░░░░░░░░░░░░░░░░░░░░   641 / 2402 (26%)████████████████░░░░░░░░░░░░░░░░░░░░░░░░░░░░░░░░░░░░░░░░░░░░   643 / 2402 (26%)████████████████░░░░░░░░░░░░░░░░░░░░░░░░░░░░░░░░░░░░░░░░░░░░   645 / 2402 (26%)████████████████░░░░░░░░░░░░░░░░░░░░░░░░░░░░░░░░░░░░░░░░░░░░   646 / 2402 (26%)████████████████░░░░░░░░░░░░░░░░░░░░░░░░░░░░░░░░░░░░░░░░░░░░   648 / 2402 (26%)████████████████░░░░░░░░░░░░░░░░░░░░░░░░░░░░░░░░░░░░░░░░░░░░   649 / 2402 (27%)████████████████▎░░░░░░░░░░░░░░░░░░░░░░░░░░░░░░░░░░░░░░░░░░░   652 / 2402 (27%)████████████████▌░░░░░░░░░░░░░░░░░░░░░░░░░░░░░░░░░░░░░░░░░░░   663 / 2402 (27%)█████████████████░░░░░░░░░░░░░░░░░░░░░░░░░░░░░░░░░░░░░░░░░░░   683 / 2402 (28%)█████████████████░░░░░░░░░░░░░░░░░░░░░░░░░░░░░░░░░░░░░░░░░░░   690 / 2402 (28%)█████████████████▎░░░░░░░░░░░░░░░░░░░░░░░░░░░░░░░░░░░░░░░░░░   697 / 2402 (29%)█████████████████▌░░░░░░░░░░░░░░░░░░░░░░░░░░░░░░░░░░░░░░░░░░   709 / 2402 (29%)█████████████████▊░░░░░░░░░░░░░░░░░░░░░░░░░░░░░░░░░░░░░░░░░░   720 / 2402 (29%)██████████████████░░░░░░░░░░░░░░░░░░░░░░░░░░░░░░░░░░░░░░░░░░   728 / 2402 (30%)██████████████████▎░░░░░░░░░░░░░░░░░░░░░░░░░░░░░░░░░░░░░░░░░   735 / 2402 (30%)██████████████████▌░░░░░░░░░░░░░░░░░░░░░░░░░░░░░░░░░░░░░░░░░   746 / 2402 (31%)██████████████████▊░░░░░░░░░░░░░░░░░░░░░░░░░░░░░░░░░░░░░░░░░   751 / 2402 (31%)███████████████████░░░░░░░░░░░░░░░░░░░░░░░░░░░░░░░░░░░░░░░░░   769 / 2402 (32%)███████████████████▌░░░░░░░░░░░░░░░░░░░░░░░░░░░░░░░░░░░░░░░░   781 / 2402 (32%)███████████████████▌░░░░░░░░░░░░░░░░░░░░░░░░░░░░░░░░░░░░░░░░   788 / 2402 (32%)███████████████████▊░░░░░░░░░░░░░░░░░░░░░░░░░░░░░░░░░░░░░░░░   795 / 2402 (33%)████████████████████░░░░░░░░░░░░░░░░░░░░░░░░░░░░░░░░░░░░░░░░   807 / 2402 (33%)████████████████████▎░░░░░░░░░░░░░░░░░░░░░░░░░░░░░░░░░░░░░░░   812 / 2402 (33%)████████████████████▌░░░░░░░░░░░░░░░░░░░░░░░░░░░░░░░░░░░░░░░   826 / 2402 (34%)████████████████████▌░░░░░░░░░░░░░░░░░░░░░░░░░░░░░░░░░░░░░░░   830 / 2402 (34%)████████████████████▊░░░░░░░░░░░░░░░░░░░░░░░░░░░░░░░░░░░░░░░   833 / 2402 (34%)████████████████████▊░░░░░░░░░░░░░░░░░░░░░░░░░░░░░░░░░░░░░░░   837 / 2402 (34%)████████████████████▊░░░░░░░░░░░░░░░░░░░░░░░░░░░░░░░░░░░░░░░   840 / 2402 (34%)█████████████████████░░░░░░░░░░░░░░░░░░░░░░░░░░░░░░░░░░░░░░░   841 / 2402 (35%)█████████████████████░░░░░░░░░░░░░░░░░░░░░░░░░░░░░░░░░░░░░░░   843 / 2402 (35%)█████████████████████░░░░░░░░░░░░░░░░░░░░░░░░░░░░░░░░░░░░░░░   845 / 2402 (35%)█████████████████████▎░░░░░░░░░░░░░░░░░░░░░░░░░░░░░░░░░░░░░░   851 / 2402 (35%)█████████████████████▎░░░░░░░░░░░░░░░░░░░░░░░░░░░░░░░░░░░░░░   854 / 2402 (35%)█████████████████████▎░░░░░░░░░░░░░░░░░░░░░░░░░░░░░░░░░░░░░░   859 / 2402 (35%)█████████████████████▌░░░░░░░░░░░░░░░░░░░░░░░░░░░░░░░░░░░░░░   862 / 2402 (35%)█████████████████████▌░░░░░░░░░░░░░░░░░░░░░░░░░░░░░░░░░░░░░░   863 / 2402 (35%)█████████████████████▌░░░░░░░░░░░░░░░░░░░░░░░░░░░░░░░░░░░░░░   864 / 2402 (35%)█████████████████████▌░░░░░░░░░░░░░░░░░░░░░░░░░░░░░░░░░░░░░░   866 / 2402 (36%)█████████████████████▌░░░░░░░░░░░░░░░░░░░░░░░░░░░░░░░░░░░░░░   869 / 2402 (36%)█████████████████████▊░░░░░░░░░░░░░░░░░░░░░░░░░░░░░░░░░░░░░░   872 / 2402 (36%)█████████████████████▊░░░░░░░░░░░░░░░░░░░░░░░░░░░░░░░░░░░░░░   875 / 2402 (36%)█████████████████████▊░░░░░░░░░░░░░░░░░░░░░░░░░░░░░░░░░░░░░░   878 / 2402 (36%)██████████████████████░░░░░░░░░░░░░░░░░░░░░░░░░░░░░░░░░░░░░░   883 / 2402 (36%)██████████████████████░░░░░░░░░░░░░░░░░░░░░░░░░░░░░░░░░░░░░░   885 / 2402 (36%)██████████████████████░░░░░░░░░░░░░░░░░░░░░░░░░░░░░░░░░░░░░░   886 / 2402 (36%)██████████████████████░░░░░░░░░░░░░░░░░░░░░░░░░░░░░░░░░░░░░░   888 / 2402 (36%)██████████████████████▎░░░░░░░░░░░░░░░░░░░░░░░░░░░░░░░░░░░░░   894 / 2402 (37%)██████████████████████▎░░░░░░░░░░░░░░░░░░░░░░░░░░░░░░░░░░░░░   898 / 2402 (37%)██████████████████████▎░░░░░░░░░░░░░░░░░░░░░░░░░░░░░░░░░░░░░   899 / 2402 (37%)██████████████████████▌░░░░░░░░░░░░░░░░░░░░░░░░░░░░░░░░░░░░░   902 / 2402 (37%)██████████████████████▌░░░░░░░░░░░░░░░░░░░░░░░░░░░░░░░░░░░░░   907 / 2402 (37%)██████████████████████▌░░░░░░░░░░░░░░░░░░░░░░░░░░░░░░░░░░░░░   908 / 2402 (37%)██████████████████████▌░░░░░░░░░░░░░░░░░░░░░░░░░░░░░░░░░░░░░   910 / 2402 (37%)██████████████████████▊░░░░░░░░░░░░░░░░░░░░░░░░░░░░░░░░░░░░░   913 / 2402 (38%)██████████████████████▊░░░░░░░░░░░░░░░░░░░░░░░░░░░░░░░░░░░░░   918 / 2402 (38%)███████████████████████░░░░░░░░░░░░░░░░░░░░░░░░░░░░░░░░░░░░░   921 / 2402 (38%)███████████████████████░░░░░░░░░░░░░░░░░░░░░░░░░░░░░░░░░░░░░   924 / 2402 (38%)███████████████████████░░░░░░░░░░░░░░░░░░░░░░░░░░░░░░░░░░░░░   926 / 2402 (38%)███████████████████████▎░░░░░░░░░░░░░░░░░░░░░░░░░░░░░░░░░░░░   932 / 2402 (38%)███████████████████████▎░░░░░░░░░░░░░░░░░░░░░░░░░░░░░░░░░░░░   936 / 2402 (38%)███████████████████████▌░░░░░░░░░░░░░░░░░░░░░░░░░░░░░░░░░░░░   943 / 2402 (39%)███████████████████████▌░░░░░░░░░░░░░░░░░░░░░░░░░░░░░░░░░░░░   947 / 2402 (39%)███████████████████████▊░░░░░░░░░░░░░░░░░░░░░░░░░░░░░░░░░░░░   953 / 2402 (39%)███████████████████████▊░░░░░░░░░░░░░░░░░░░░░░░░░░░░░░░░░░░░   956 / 2402 (39%)████████████████████████░░░░░░░░░░░░░░░░░░░░░░░░░░░░░░░░░░░░   962 / 2402 (40%)████████████████████████░░░░░░░░░░░░░░░░░░░░░░░░░░░░░░░░░░░░   967 / 2402 (40%)████████████████████████▎░░░░░░░░░░░░░░░░░░░░░░░░░░░░░░░░░░░   977 / 2402 (40%)████████████████████████▌░░░░░░░░░░░░░░░░░░░░░░░░░░░░░░░░░░░   984 / 2402 (40%)████████████████████████▊░░░░░░░░░░░░░░░░░░░░░░░░░░░░░░░░░░░   991 / 2402 (41%)████████████████████████▊░░░░░░░░░░░░░░░░░░░░░░░░░░░░░░░░░░░   999 / 2402 (41%)█████████████████████████░░░░░░░░░░░░░░░░░░░░░░░░░░░░░░░░░░░  1006 / 2402 (41%)█████████████████████████░░░░░░░░░░░░░░░░░░░░░░░░░░░░░░░░░░░  1008 / 2402 (41%)█████████████████████████▎░░░░░░░░░░░░░░░░░░░░░░░░░░░░░░░░░░  1013 / 2402 (42%)█████████████████████████▎░░░░░░░░░░░░░░░░░░░░░░░░░░░░░░░░░░  1020 / 2402 (42%)█████████████████████████▌░░░░░░░░░░░░░░░░░░░░░░░░░░░░░░░░░░  1028 / 2402 (42%)█████████████████████████▊░░░░░░░░░░░░░░░░░░░░░░░░░░░░░░░░░░  1032 / 2402 (42%)█████████████████████████▊░░░░░░░░░░░░░░░░░░░░░░░░░░░░░░░░░░  1037 / 2402 (43%)█████████████████████████▊░░░░░░░░░░░░░░░░░░░░░░░░░░░░░░░░░░  1039 / 2402 (43%)██████████████████████████░░░░░░░░░░░░░░░░░░░░░░░░░░░░░░░░░░  1047 / 2402 (43%)██████████████████████████▎░░░░░░░░░░░░░░░░░░░░░░░░░░░░░░░░░  1058 / 2402 (44%)██████████████████████████▌░░░░░░░░░░░░░░░░░░░░░░░░░░░░░░░░░  1062 / 2402 (44%)██████████████████████████▌░░░░░░░░░░░░░░░░░░░░░░░░░░░░░░░░░  1065 / 2402 (44%)██████████████████████████▌░░░░░░░░░░░░░░░░░░░░░░░░░░░░░░░░░  1067 / 2402 (44%)██████████████████████████▌░░░░░░░░░░░░░░░░░░░░░░░░░░░░░░░░░  1069 / 2402 (44%)██████████████████████████▊░░░░░░░░░░░░░░░░░░░░░░░░░░░░░░░░░  1072 / 2402 (44%)██████████████████████████▊░░░░░░░░░░░░░░░░░░░░░░░░░░░░░░░░░  1074 / 2402 (44%)██████████████████████████▊░░░░░░░░░░░░░░░░░░░░░░░░░░░░░░░░░  1075 / 2402 (44%)██████████████████████████▊░░░░░░░░░░░░░░░░░░░░░░░░░░░░░░░░░  1079 / 2402 (44%)███████████████████████████░░░░░░░░░░░░░░░░░░░░░░░░░░░░░░░░░  1082 / 2402 (45%)███████████████████████████░░░░░░░░░░░░░░░░░░░░░░░░░░░░░░░░░  1084 / 2402 (45%)███████████████████████████░░░░░░░░░░░░░░░░░░░░░░░░░░░░░░░░░  1088 / 2402 (45%)███████████████████████████░░░░░░░░░░░░░░░░░░░░░░░░░░░░░░░░░  1089 / 2402 (45%)███████████████████████████▎░░░░░░░░░░░░░░░░░░░░░░░░░░░░░░░░  1093 / 2402 (45%)███████████████████████████▎░░░░░░░░░░░░░░░░░░░░░░░░░░░░░░░░  1099 / 2402 (45%)███████████████████████████▌░░░░░░░░░░░░░░░░░░░░░░░░░░░░░░░░  1104 / 2402 (45%)███████████████████████████▌░░░░░░░░░░░░░░░░░░░░░░░░░░░░░░░░  1109 / 2402 (46%)███████████████████████████▌░░░░░░░░░░░░░░░░░░░░░░░░░░░░░░░░  1110 / 2402 (46%)███████████████████████████▊░░░░░░░░░░░░░░░░░░░░░░░░░░░░░░░░  1111 / 2402 (46%)███████████████████████████▊░░░░░░░░░░░░░░░░░░░░░░░░░░░░░░░░  1114 / 2402 (46%)███████████████████████████▊░░░░░░░░░░░░░░░░░░░░░░░░░░░░░░░░  1118 / 2402 (46%)████████████████████████████░░░░░░░░░░░░░░░░░░░░░░░░░░░░░░░░  1121 / 2402 (46%)████████████████████████████░░░░░░░░░░░░░░░░░░░░░░░░░░░░░░░░  1123 / 2402 (46%)████████████████████████████░░░░░░░░░░░░░░░░░░░░░░░░░░░░░░░░  1125 / 2402 (46%)████████████████████████████░░░░░░░░░░░░░░░░░░░░░░░░░░░░░░░░  1128 / 2402 (46%)████████████████████████████▎░░░░░░░░░░░░░░░░░░░░░░░░░░░░░░░  1131 / 2402 (47%)████████████████████████████▎░░░░░░░░░░░░░░░░░░░░░░░░░░░░░░░  1134 / 2402 (47%)████████████████████████████▎░░░░░░░░░░░░░░░░░░░░░░░░░░░░░░░  1136 / 2402 (47%)████████████████████████████▎░░░░░░░░░░░░░░░░░░░░░░░░░░░░░░░  1138 / 2402 (47%)████████████████████████████▌░░░░░░░░░░░░░░░░░░░░░░░░░░░░░░░  1141 / 2402 (47%)████████████████████████████▌░░░░░░░░░░░░░░░░░░░░░░░░░░░░░░░  1144 / 2402 (47%)████████████████████████████▌░░░░░░░░░░░░░░░░░░░░░░░░░░░░░░░  1147 / 2402 (47%)████████████████████████████▌░░░░░░░░░░░░░░░░░░░░░░░░░░░░░░░  1148 / 2402 (47%)████████████████████████████▌░░░░░░░░░░░░░░░░░░░░░░░░░░░░░░░  1150 / 2402 (47%)████████████████████████████▊░░░░░░░░░░░░░░░░░░░░░░░░░░░░░░░  1152 / 2402 (47%)████████████████████████████▊░░░░░░░░░░░░░░░░░░░░░░░░░░░░░░░  1154 / 2402 (48%)████████████████████████████▊░░░░░░░░░░░░░░░░░░░░░░░░░░░░░░░  1157 / 2402 (48%)████████████████████████████▊░░░░░░░░░░░░░░░░░░░░░░░░░░░░░░░  1159 / 2402 (48%)█████████████████████████████░░░░░░░░░░░░░░░░░░░░░░░░░░░░░░░  1161 / 2402 (48%)█████████████████████████████░░░░░░░░░░░░░░░░░░░░░░░░░░░░░░░  1163 / 2402 (48%)█████████████████████████████░░░░░░░░░░░░░░░░░░░░░░░░░░░░░░░  1168 / 2402 (48%)█████████████████████████████▎░░░░░░░░░░░░░░░░░░░░░░░░░░░░░░  1175 / 2402 (48%)█████████████████████████████▌░░░░░░░░░░░░░░░░░░░░░░░░░░░░░░  1181 / 2402 (49%)█████████████████████████████▌░░░░░░░░░░░░░░░░░░░░░░░░░░░░░░  1183 / 2402 (49%)█████████████████████████████▌░░░░░░░░░░░░░░░░░░░░░░░░░░░░░░  1184 / 2402 (49%)█████████████████████████████▌░░░░░░░░░░░░░░░░░░░░░░░░░░░░░░  1187 / 2402 (49%)█████████████████████████████▌░░░░░░░░░░░░░░░░░░░░░░░░░░░░░░  1188 / 2402 (49%)█████████████████████████████▌░░░░░░░░░░░░░░░░░░░░░░░░░░░░░░  1190 / 2402 (49%)█████████████████████████████▊░░░░░░░░░░░░░░░░░░░░░░░░░░░░░░  1192 / 2402 (49%)█████████████████████████████▊░░░░░░░░░░░░░░░░░░░░░░░░░░░░░░  1195 / 2402 (49%)█████████████████████████████▊░░░░░░░░░░░░░░░░░░░░░░░░░░░░░░  1200 / 2402 (49%)██████████████████████████████░░░░░░░░░░░░░░░░░░░░░░░░░░░░░░  1202 / 2402 (50%)██████████████████████████████░░░░░░░░░░░░░░░░░░░░░░░░░░░░░░  1203 / 2402 (50%)██████████████████████████████░░░░░░░░░░░░░░░░░░░░░░░░░░░░░░  1205 / 2402 (50%)██████████████████████████████░░░░░░░░░░░░░░░░░░░░░░░░░░░░░░  1207 / 2402 (50%)██████████████████████████████░░░░░░░░░░░░░░░░░░░░░░░░░░░░░░  1208 / 2402 (50%)██████████████████████████████░░░░░░░░░░░░░░░░░░░░░░░░░░░░░░  1210 / 2402 (50%)██████████████████████████████▎░░░░░░░░░░░░░░░░░░░░░░░░░░░░░  1213 / 2402 (50%)██████████████████████████████▎░░░░░░░░░░░░░░░░░░░░░░░░░░░░░  1214 / 2402 (50%)██████████████████████████████▎░░░░░░░░░░░░░░░░░░░░░░░░░░░░░  1215 / 2402 (50%)██████████████████████████████▎░░░░░░░░░░░░░░░░░░░░░░░░░░░░░  1217 / 2402 (50%)██████████████████████████████▎░░░░░░░░░░░░░░░░░░░░░░░░░░░░░  1221 / 2402 (50%)██████████████████████████████▌░░░░░░░░░░░░░░░░░░░░░░░░░░░░░  1224 / 2402 (50%)██████████████████████████████▌░░░░░░░░░░░░░░░░░░░░░░░░░░░░░  1225 / 2402 (50%)██████████████████████████████▌░░░░░░░░░░░░░░░░░░░░░░░░░░░░░  1226 / 2402 (51%)██████████████████████████████▌░░░░░░░░░░░░░░░░░░░░░░░░░░░░░  1229 / 2402 (51%)██████████████████████████████▌░░░░░░░░░░░░░░░░░░░░░░░░░░░░░  1230 / 2402 (51%)██████████████████████████████▌░░░░░░░░░░░░░░░░░░░░░░░░░░░░░  1231 / 2402 (51%)██████████████████████████████▊░░░░░░░░░░░░░░░░░░░░░░░░░░░░░  1232 / 2402 (51%)██████████████████████████████▊░░░░░░░░░░░░░░░░░░░░░░░░░░░░░  1236 / 2402 (51%)██████████████████████████████▊░░░░░░░░░░░░░░░░░░░░░░░░░░░░░  1238 / 2402 (51%)██████████████████████████████▊░░░░░░░░░░░░░░░░░░░░░░░░░░░░░  1240 / 2402 (51%)███████████████████████████████░░░░░░░░░░░░░░░░░░░░░░░░░░░░░  1242 / 2402 (51%)███████████████████████████████░░░░░░░░░░░░░░░░░░░░░░░░░░░░░  1244 / 2402 (51%)███████████████████████████████░░░░░░░░░░░░░░░░░░░░░░░░░░░░░  1250 / 2402 (52%)███████████████████████████████▎░░░░░░░░░░░░░░░░░░░░░░░░░░░░  1252 / 2402 (52%)███████████████████████████████▎░░░░░░░░░░░░░░░░░░░░░░░░░░░░  1254 / 2402 (52%)███████████████████████████████▎░░░░░░░░░░░░░░░░░░░░░░░░░░░░  1255 / 2402 (52%)███████████████████████████████▎░░░░░░░░░░░░░░░░░░░░░░░░░░░░  1256 / 2402 (52%)███████████████████████████████▎░░░░░░░░░░░░░░░░░░░░░░░░░░░░  1260 / 2402 (52%)███████████████████████████████▌░░░░░░░░░░░░░░░░░░░░░░░░░░░░  1265 / 2402 (52%)███████████████████████████████▌░░░░░░░░░░░░░░░░░░░░░░░░░░░░  1270 / 2402 (52%)███████████████████████████████▌░░░░░░░░░░░░░░░░░░░░░░░░░░░░  1271 / 2402 (52%)███████████████████████████████▊░░░░░░░░░░░░░░░░░░░░░░░░░░░░  1273 / 2402 (52%)███████████████████████████████▊░░░░░░░░░░░░░░░░░░░░░░░░░░░░  1274 / 2402 (53%)███████████████████████████████▊░░░░░░░░░░░░░░░░░░░░░░░░░░░░  1275 / 2402 (53%)███████████████████████████████▊░░░░░░░░░░░░░░░░░░░░░░░░░░░░  1276 / 2402 (53%)███████████████████████████████▊░░░░░░░░░░░░░░░░░░░░░░░░░░░░  1278 / 2402 (53%)███████████████████████████████▊░░░░░░░░░░░░░░░░░░░░░░░░░░░░  1279 / 2402 (53%)███████████████████████████████▊░░░░░░░░░░░░░░░░░░░░░░░░░░░░  1280 / 2402 (53%)████████████████████████████████░░░░░░░░░░░░░░░░░░░░░░░░░░░░  1282 / 2402 (53%)████████████████████████████████░░░░░░░░░░░░░░░░░░░░░░░░░░░░  1284 / 2402 (53%)████████████████████████████████░░░░░░░░░░░░░░░░░░░░░░░░░░░░  1288 / 2402 (53%)████████████████████████████████░░░░░░░░░░░░░░░░░░░░░░░░░░░░  1289 / 2402 (53%)████████████████████████████████░░░░░░░░░░░░░░░░░░░░░░░░░░░░  1290 / 2402 (53%)████████████████████████████████▎░░░░░░░░░░░░░░░░░░░░░░░░░░░  1292 / 2402 (53%)████████████████████████████████▎░░░░░░░░░░░░░░░░░░░░░░░░░░░  1294 / 2402 (53%)████████████████████████████████▎░░░░░░░░░░░░░░░░░░░░░░░░░░░  1296 / 2402 (53%)████████████████████████████████▎░░░░░░░░░░░░░░░░░░░░░░░░░░░  1300 / 2402 (54%)████████████████████████████████▌░░░░░░░░░░░░░░░░░░░░░░░░░░░  1304 / 2402 (54%)████████████████████████████████▌░░░░░░░░░░░░░░░░░░░░░░░░░░░  1306 / 2402 (54%)████████████████████████████████▌░░░░░░░░░░░░░░░░░░░░░░░░░░░  1310 / 2402 (54%)████████████████████████████████▌░░░░░░░░░░░░░░░░░░░░░░░░░░░  1311 / 2402 (54%)████████████████████████████████▊░░░░░░░░░░░░░░░░░░░░░░░░░░░  1312 / 2402 (54%)████████████████████████████████▊░░░░░░░░░░░░░░░░░░░░░░░░░░░  1313 / 2402 (54%)████████████████████████████████▊░░░░░░░░░░░░░░░░░░░░░░░░░░░  1314 / 2402 (54%)████████████████████████████████▊░░░░░░░░░░░░░░░░░░░░░░░░░░░  1315 / 2402 (54%)████████████████████████████████▊░░░░░░░░░░░░░░░░░░░░░░░░░░░  1317 / 2402 (54%)████████████████████████████████▊░░░░░░░░░░░░░░░░░░░░░░░░░░░  1319 / 2402 (54%)████████████████████████████████▊░░░░░░░░░░░░░░░░░░░░░░░░░░░  1320 / 2402 (54%)█████████████████████████████████░░░░░░░░░░░░░░░░░░░░░░░░░░░  1322 / 2402 (55%)█████████████████████████████████░░░░░░░░░░░░░░░░░░░░░░░░░░░  1323 / 2402 (55%)█████████████████████████████████░░░░░░░░░░░░░░░░░░░░░░░░░░░  1324 / 2402 (55%)█████████████████████████████████░░░░░░░░░░░░░░░░░░░░░░░░░░░  1325 / 2402 (55%)█████████████████████████████████░░░░░░░░░░░░░░░░░░░░░░░░░░░  1326 / 2402 (55%)█████████████████████████████████░░░░░░░░░░░░░░░░░░░░░░░░░░░  1327 / 2402 (55%)█████████████████████████████████░░░░░░░░░░░░░░░░░░░░░░░░░░░  1329 / 2402 (55%)█████████████████████████████████░░░░░░░░░░░░░░░░░░░░░░░░░░░  1330 / 2402 (55%)█████████████████████████████████░░░░░░░░░░░░░░░░░░░░░░░░░░░  1331 / 2402 (55%)█████████████████████████████████▎░░░░░░░░░░░░░░░░░░░░░░░░░░  1332 / 2402 (55%)█████████████████████████████████▎░░░░░░░░░░░░░░░░░░░░░░░░░░  1334 / 2402 (55%)█████████████████████████████████▎░░░░░░░░░░░░░░░░░░░░░░░░░░  1335 / 2402 (55%)█████████████████████████████████▎░░░░░░░░░░░░░░░░░░░░░░░░░░  1336 / 2402 (55%)█████████████████████████████████▎░░░░░░░░░░░░░░░░░░░░░░░░░░  1338 / 2402 (55%)█████████████████████████████████▌░░░░░░░░░░░░░░░░░░░░░░░░░░  1342 / 2402 (55%)█████████████████████████████████▌░░░░░░░░░░░░░░░░░░░░░░░░░░  1343 / 2402 (55%)█████████████████████████████████▌░░░░░░░░░░░░░░░░░░░░░░░░░░  1344 / 2402 (55%)█████████████████████████████████▌░░░░░░░░░░░░░░░░░░░░░░░░░░  1346 / 2402 (56%)█████████████████████████████████▌░░░░░░░░░░░░░░░░░░░░░░░░░░  1347 / 2402 (56%)█████████████████████████████████▌░░░░░░░░░░░░░░░░░░░░░░░░░░  1349 / 2402 (56%)█████████████████████████████████▌░░░░░░░░░░░░░░░░░░░░░░░░░░  1351 / 2402 (56%)█████████████████████████████████▊░░░░░░░░░░░░░░░░░░░░░░░░░░  1352 / 2402 (56%)█████████████████████████████████▊░░░░░░░░░░░░░░░░░░░░░░░░░░  1353 / 2402 (56%)█████████████████████████████████▊░░░░░░░░░░░░░░░░░░░░░░░░░░  1354 / 2402 (56%)█████████████████████████████████▊░░░░░░░░░░░░░░░░░░░░░░░░░░  1355 / 2402 (56%)█████████████████████████████████▊░░░░░░░░░░░░░░░░░░░░░░░░░░  1356 / 2402 (56%)█████████████████████████████████▊░░░░░░░░░░░░░░░░░░░░░░░░░░  1358 / 2402 (56%)█████████████████████████████████▊░░░░░░░░░░░░░░░░░░░░░░░░░░  1359 / 2402 (56%)█████████████████████████████████▊░░░░░░░░░░░░░░░░░░░░░░░░░░  1360 / 2402 (56%)██████████████████████████████████░░░░░░░░░░░░░░░░░░░░░░░░░░  1363 / 2402 (56%)██████████████████████████████████░░░░░░░░░░░░░░░░░░░░░░░░░░  1364 / 2402 (56%)██████████████████████████████████░░░░░░░░░░░░░░░░░░░░░░░░░░  1365 / 2402 (56%)██████████████████████████████████░░░░░░░░░░░░░░░░░░░░░░░░░░  1366 / 2402 (56%)██████████████████████████████████░░░░░░░░░░░░░░░░░░░░░░░░░░  1367 / 2402 (56%)██████████████████████████████████░░░░░░░░░░░░░░░░░░░░░░░░░░  1369 / 2402 (56%)██████████████████████████████████░░░░░░░░░░░░░░░░░░░░░░░░░░  1370 / 2402 (57%)██████████████████████████████████░░░░░░░░░░░░░░░░░░░░░░░░░░  1371 / 2402 (57%)██████████████████████████████████▎░░░░░░░░░░░░░░░░░░░░░░░░░  1372 / 2402 (57%)██████████████████████████████████▎░░░░░░░░░░░░░░░░░░░░░░░░░  1373 / 2402 (57%)██████████████████████████████████▎░░░░░░░░░░░░░░░░░░░░░░░░░  1374 / 2402 (57%)██████████████████████████████████▎░░░░░░░░░░░░░░░░░░░░░░░░░  1375 / 2402 (57%)██████████████████████████████████▎░░░░░░░░░░░░░░░░░░░░░░░░░  1376 / 2402 (57%)██████████████████████████████████▎░░░░░░░░░░░░░░░░░░░░░░░░░  1377 / 2402 (57%)██████████████████████████████████▎░░░░░░░░░░░░░░░░░░░░░░░░░  1378 / 2402 (57%)██████████████████████████████████▎░░░░░░░░░░░░░░░░░░░░░░░░░  1379 / 2402 (57%)██████████████████████████████████▎░░░░░░░░░░░░░░░░░░░░░░░░░  1381 / 2402 (57%)██████████████████████████████████▌░░░░░░░░░░░░░░░░░░░░░░░░░  1383 / 2402 (57%)██████████████████████████████████▌░░░░░░░░░░░░░░░░░░░░░░░░░  1384 / 2402 (57%)██████████████████████████████████▌░░░░░░░░░░░░░░░░░░░░░░░░░  1385 / 2402 (57%)██████████████████████████████████▌░░░░░░░░░░░░░░░░░░░░░░░░░  1387 / 2402 (57%)██████████████████████████████████▌░░░░░░░░░░░░░░░░░░░░░░░░░  1390 / 2402 (57%)██████████████████████████████████▊░░░░░░░░░░░░░░░░░░░░░░░░░  1392 / 2402 (57%)██████████████████████████████████▊░░░░░░░░░░░░░░░░░░░░░░░░░  1393 / 2402 (57%)██████████████████████████████████▊░░░░░░░░░░░░░░░░░░░░░░░░░  1394 / 2402 (58%)██████████████████████████████████▊░░░░░░░░░░░░░░░░░░░░░░░░░  1396 / 2402 (58%)██████████████████████████████████▊░░░░░░░░░░░░░░░░░░░░░░░░░  1401 / 2402 (58%)███████████████████████████████████░░░░░░░░░░░░░░░░░░░░░░░░░  1402 / 2402 (58%)███████████████████████████████████░░░░░░░░░░░░░░░░░░░░░░░░░  1403 / 2402 (58%)███████████████████████████████████░░░░░░░░░░░░░░░░░░░░░░░░░  1404 / 2402 (58%)███████████████████████████████████░░░░░░░░░░░░░░░░░░░░░░░░░  1405 / 2402 (58%)███████████████████████████████████░░░░░░░░░░░░░░░░░░░░░░░░░  1407 / 2402 (58%)███████████████████████████████████░░░░░░░░░░░░░░░░░░░░░░░░░  1410 / 2402 (58%)███████████████████████████████████▎░░░░░░░░░░░░░░░░░░░░░░░░  1414 / 2402 (58%)███████████████████████████████████▎░░░░░░░░░░░░░░░░░░░░░░░░  1416 / 2402 (58%)███████████████████████████████████▎░░░░░░░░░░░░░░░░░░░░░░░░  1417 / 2402 (58%)███████████████████████████████████▎░░░░░░░░░░░░░░░░░░░░░░░░  1419 / 2402 (59%)███████████████████████████████████▎░░░░░░░░░░░░░░░░░░░░░░░░  1420 / 2402 (59%)███████████████████████████████████▌░░░░░░░░░░░░░░░░░░░░░░░░  1422 / 2402 (59%)███████████████████████████████████▌░░░░░░░░░░░░░░░░░░░░░░░░  1425 / 2402 (59%)███████████████████████████████████▊░░░░░░░░░░░░░░░░░░░░░░░░  1433 / 2402 (59%)███████████████████████████████████▊░░░░░░░░░░░░░░░░░░░░░░░░  1437 / 2402 (59%)███████████████████████████████████▊░░░░░░░░░░░░░░░░░░░░░░░░  1438 / 2402 (59%)███████████████████████████████████▊░░░░░░░░░░░░░░░░░░░░░░░░  1441 / 2402 (59%)████████████████████████████████████░░░░░░░░░░░░░░░░░░░░░░░░  1443 / 2402 (60%)████████████████████████████████████░░░░░░░░░░░░░░░░░░░░░░░░  1445 / 2402 (60%)████████████████████████████████████░░░░░░░░░░░░░░░░░░░░░░░░  1447 / 2402 (60%)████████████████████████████████████░░░░░░░░░░░░░░░░░░░░░░░░  1449 / 2402 (60%)████████████████████████████████████░░░░░░░░░░░░░░░░░░░░░░░░  1451 / 2402 (60%)████████████████████████████████████▎░░░░░░░░░░░░░░░░░░░░░░░  1455 / 2402 (60%)████████████████████████████████████▎░░░░░░░░░░░░░░░░░░░░░░░  1456 / 2402 (60%)████████████████████████████████████▎░░░░░░░░░░░░░░░░░░░░░░░  1460 / 2402 (60%)████████████████████████████████████▌░░░░░░░░░░░░░░░░░░░░░░░  1464 / 2402 (60%)████████████████████████████████████▌░░░░░░░░░░░░░░░░░░░░░░░  1470 / 2402 (61%)████████████████████████████████████▊░░░░░░░░░░░░░░░░░░░░░░░  1475 / 2402 (61%)████████████████████████████████████▊░░░░░░░░░░░░░░░░░░░░░░░  1477 / 2402 (61%)████████████████████████████████████▊░░░░░░░░░░░░░░░░░░░░░░░  1480 / 2402 (61%)████████████████████████████████████▊░░░░░░░░░░░░░░░░░░░░░░░  1481 / 2402 (61%)█████████████████████████████████████░░░░░░░░░░░░░░░░░░░░░░░  1482 / 2402 (61%)█████████████████████████████████████░░░░░░░░░░░░░░░░░░░░░░░  1483 / 2402 (61%)█████████████████████████████████████░░░░░░░░░░░░░░░░░░░░░░░  1484 / 2402 (61%)█████████████████████████████████████░░░░░░░░░░░░░░░░░░░░░░░  1487 / 2402 (61%)█████████████████████████████████████░░░░░░░░░░░░░░░░░░░░░░░  1489 / 2402 (61%)█████████████████████████████████████░░░░░░░░░░░░░░░░░░░░░░░  1491 / 2402 (62%)█████████████████████████████████████▎░░░░░░░░░░░░░░░░░░░░░░  1493 / 2402 (62%)█████████████████████████████████████▎░░░░░░░░░░░░░░░░░░░░░░  1494 / 2402 (62%)█████████████████████████████████████▎░░░░░░░░░░░░░░░░░░░░░░  1495 / 2402 (62%)█████████████████████████████████████▎░░░░░░░░░░░░░░░░░░░░░░  1497 / 2402 (62%)█████████████████████████████████████▎░░░░░░░░░░░░░░░░░░░░░░  1498 / 2402 (62%)█████████████████████████████████████▎░░░░░░░░░░░░░░░░░░░░░░  1501 / 2402 (62%)█████████████████████████████████████▌░░░░░░░░░░░░░░░░░░░░░░  1502 / 2402 (62%)█████████████████████████████████████▌░░░░░░░░░░░░░░░░░░░░░░  1503 / 2402 (62%)█████████████████████████████████████▌░░░░░░░░░░░░░░░░░░░░░░  1506 / 2402 (62%)█████████████████████████████████████▌░░░░░░░░░░░░░░░░░░░░░░  1507 / 2402 (62%)█████████████████████████████████████▌░░░░░░░░░░░░░░░░░░░░░░  1508 / 2402 (62%)█████████████████████████████████████▌░░░░░░░░░░░░░░░░░░░░░░  1510 / 2402 (62%)█████████████████████████████████████▌░░░░░░░░░░░░░░░░░░░░░░  1511 / 2402 (62%)█████████████████████████████████████▊░░░░░░░░░░░░░░░░░░░░░░  1513 / 2402 (62%)█████████████████████████████████████▊░░░░░░░░░░░░░░░░░░░░░░  1514 / 2402 (63%)█████████████████████████████████████▊░░░░░░░░░░░░░░░░░░░░░░  1515 / 2402 (63%)█████████████████████████████████████▊░░░░░░░░░░░░░░░░░░░░░░  1517 / 2402 (63%)█████████████████████████████████████▊░░░░░░░░░░░░░░░░░░░░░░  1518 / 2402 (63%)█████████████████████████████████████▊░░░░░░░░░░░░░░░░░░░░░░  1521 / 2402 (63%)██████████████████████████████████████░░░░░░░░░░░░░░░░░░░░░░  1526 / 2402 (63%)██████████████████████████████████████░░░░░░░░░░░░░░░░░░░░░░  1529 / 2402 (63%)██████████████████████████████████████░░░░░░░░░░░░░░░░░░░░░░  1531 / 2402 (63%)██████████████████████████████████████▎░░░░░░░░░░░░░░░░░░░░░  1532 / 2402 (63%)██████████████████████████████████████▎░░░░░░░░░░░░░░░░░░░░░  1533 / 2402 (63%)██████████████████████████████████████▎░░░░░░░░░░░░░░░░░░░░░  1535 / 2402 (63%)██████████████████████████████████████▎░░░░░░░░░░░░░░░░░░░░░  1537 / 2402 (63%)██████████████████████████████████████▎░░░░░░░░░░░░░░░░░░░░░  1541 / 2402 (64%)██████████████████████████████████████▌░░░░░░░░░░░░░░░░░░░░░  1542 / 2402 (64%)██████████████████████████████████████▌░░░░░░░░░░░░░░░░░░░░░  1544 / 2402 (64%)██████████████████████████████████████▌░░░░░░░░░░░░░░░░░░░░░  1547 / 2402 (64%)██████████████████████████████████████▌░░░░░░░░░░░░░░░░░░░░░  1550 / 2402 (64%)██████████████████████████████████████▌░░░░░░░░░░░░░░░░░░░░░  1551 / 2402 (64%)██████████████████████████████████████▊░░░░░░░░░░░░░░░░░░░░░  1553 / 2402 (64%)██████████████████████████████████████▊░░░░░░░░░░░░░░░░░░░░░  1554 / 2402 (64%)██████████████████████████████████████▊░░░░░░░░░░░░░░░░░░░░░  1555 / 2402 (64%)██████████████████████████████████████▊░░░░░░░░░░░░░░░░░░░░░  1556 / 2402 (64%)██████████████████████████████████████▊░░░░░░░░░░░░░░░░░░░░░  1559 / 2402 (64%)██████████████████████████████████████▊░░░░░░░░░░░░░░░░░░░░░  1561 / 2402 (64%)███████████████████████████████████████░░░░░░░░░░░░░░░░░░░░░  1562 / 2402 (65%)███████████████████████████████████████░░░░░░░░░░░░░░░░░░░░░  1565 / 2402 (65%)███████████████████████████████████████░░░░░░░░░░░░░░░░░░░░░  1567 / 2402 (65%)███████████████████████████████████████░░░░░░░░░░░░░░░░░░░░░  1569 / 2402 (65%)███████████████████████████████████████▎░░░░░░░░░░░░░░░░░░░░  1572 / 2402 (65%)███████████████████████████████████████▎░░░░░░░░░░░░░░░░░░░░  1575 / 2402 (65%)███████████████████████████████████████▎░░░░░░░░░░░░░░░░░░░░  1581 / 2402 (65%)███████████████████████████████████████▌░░░░░░░░░░░░░░░░░░░░  1583 / 2402 (65%)███████████████████████████████████████▌░░░░░░░░░░░░░░░░░░░░  1586 / 2402 (66%)████████████████████████████████████████▌░░░░░░░░░░░░░░░░░░░  1626 / 2402 (67%)████████████████████████████████████████▌░░░░░░░░░░░░░░░░░░░  1629 / 2402 (67%)████████████████████████████████████████▌░░░░░░░░░░░░░░░░░░░  1631 / 2402 (67%)████████████████████████████████████████▊░░░░░░░░░░░░░░░░░░░  1634 / 2402 (68%)████████████████████████████████████████▊░░░░░░░░░░░░░░░░░░░  1637 / 2402 (68%)█████████████████████████████████████████░░░░░░░░░░░░░░░░░░░  1648 / 2402 (68%)█████████████████████████████████████████░░░░░░░░░░░░░░░░░░░  1651 / 2402 (68%)█████████████████████████████████████████▎░░░░░░░░░░░░░░░░░░  1652 / 2402 (68%)█████████████████████████████████████████▎░░░░░░░░░░░░░░░░░░  1655 / 2402 (68%)█████████████████████████████████████████▎░░░░░░░░░░░░░░░░░░  1656 / 2402 (68%)█████████████████████████████████████████▎░░░░░░░░░░░░░░░░░░  1657 / 2402 (68%)█████████████████████████████████████████▎░░░░░░░░░░░░░░░░░░  1658 / 2402 (69%)█████████████████████████████████████████▎░░░░░░░░░░░░░░░░░░  1661 / 2402 (69%)█████████████████████████████████████████▌░░░░░░░░░░░░░░░░░░  1662 / 2402 (69%)█████████████████████████████████████████▌░░░░░░░░░░░░░░░░░░  1663 / 2402 (69%)█████████████████████████████████████████▌░░░░░░░░░░░░░░░░░░  1664 / 2402 (69%)█████████████████████████████████████████▌░░░░░░░░░░░░░░░░░░  1665 / 2402 (69%)█████████████████████████████████████████▌░░░░░░░░░░░░░░░░░░  1669 / 2402 (69%)█████████████████████████████████████████▌░░░░░░░░░░░░░░░░░░  1670 / 2402 (69%)█████████████████████████████████████████▊░░░░░░░░░░░░░░░░░░  1673 / 2402 (69%)█████████████████████████████████████████▊░░░░░░░░░░░░░░░░░░  1676 / 2402 (69%)█████████████████████████████████████████▊░░░░░░░░░░░░░░░░░░  1677 / 2402 (69%)█████████████████████████████████████████▊░░░░░░░░░░░░░░░░░░  1678 / 2402 (69%)██████████████████████████████████████████░░░░░░░░░░░░░░░░░░  1682 / 2402 (70%)██████████████████████████████████████████░░░░░░░░░░░░░░░░░░  1691 / 2402 (70%)██████████████████████████████████████████▎░░░░░░░░░░░░░░░░░  1694 / 2402 (70%)██████████████████████████████████████████▎░░░░░░░░░░░░░░░░░  1696 / 2402 (70%)██████████████████████████████████████████▎░░░░░░░░░░░░░░░░░  1698 / 2402 (70%)██████████████████████████████████████████▎░░░░░░░░░░░░░░░░░  1699 / 2402 (70%)██████████████████████████████████████████▎░░░░░░░░░░░░░░░░░  1700 / 2402 (70%)██████████████████████████████████████████▌░░░░░░░░░░░░░░░░░  1703 / 2402 (70%)██████████████████████████████████████████▌░░░░░░░░░░░░░░░░░  1704 / 2402 (70%)██████████████████████████████████████████▌░░░░░░░░░░░░░░░░░  1707 / 2402 (71%)██████████████████████████████████████████▌░░░░░░░░░░░░░░░░░  1708 / 2402 (71%)██████████████████████████████████████████▌░░░░░░░░░░░░░░░░░  1709 / 2402 (71%)██████████████████████████████████████████▊░░░░░░░░░░░░░░░░░  1713 / 2402 (71%)██████████████████████████████████████████▊░░░░░░░░░░░░░░░░░  1716 / 2402 (71%)██████████████████████████████████████████▊░░░░░░░░░░░░░░░░░  1719 / 2402 (71%)██████████████████████████████████████████▊░░░░░░░░░░░░░░░░░  1721 / 2402 (71%)███████████████████████████████████████████░░░░░░░░░░░░░░░░░  1725 / 2402 (71%)███████████████████████████████████████████░░░░░░░░░░░░░░░░░  1729 / 2402 (71%)███████████████████████████████████████████▎░░░░░░░░░░░░░░░░  1736 / 2402 (72%)███████████████████████████████████████████▎░░░░░░░░░░░░░░░░  1741 / 2402 (72%)███████████████████████████████████████████▌░░░░░░░░░░░░░░░░  1743 / 2402 (72%)███████████████████████████████████████████▌░░░░░░░░░░░░░░░░  1744 / 2402 (72%)███████████████████████████████████████████▌░░░░░░░░░░░░░░░░  1747 / 2402 (72%)███████████████████████████████████████████▌░░░░░░░░░░░░░░░░  1748 / 2402 (72%)███████████████████████████████████████████▌░░░░░░░░░░░░░░░░  1749 / 2402 (72%)███████████████████████████████████████████▌░░░░░░░░░░░░░░░░  1750 / 2402 (72%)███████████████████████████████████████████▊░░░░░░░░░░░░░░░░  1752 / 2402 (72%)███████████████████████████████████████████▊░░░░░░░░░░░░░░░░  1753 / 2402 (72%)███████████████████████████████████████████▊░░░░░░░░░░░░░░░░  1754 / 2402 (73%)███████████████████████████████████████████▊░░░░░░░░░░░░░░░░  1756 / 2402 (73%)███████████████████████████████████████████▊░░░░░░░░░░░░░░░░  1758 / 2402 (73%)███████████████████████████████████████████▊░░░░░░░░░░░░░░░░  1760 / 2402 (73%)████████████████████████████████████████████░░░░░░░░░░░░░░░░  1762 / 2402 (73%)████████████████████████████████████████████░░░░░░░░░░░░░░░░  1763 / 2402 (73%)████████████████████████████████████████████░░░░░░░░░░░░░░░░  1764 / 2402 (73%)████████████████████████████████████████████░░░░░░░░░░░░░░░░  1765 / 2402 (73%)████████████████████████████████████████████░░░░░░░░░░░░░░░░  1766 / 2402 (73%)████████████████████████████████████████████▎░░░░░░░░░░░░░░░  1772 / 2402 (73%)████████████████████████████████████████████▎░░░░░░░░░░░░░░░  1773 / 2402 (73%)████████████████████████████████████████████▎░░░░░░░░░░░░░░░  1775 / 2402 (73%)████████████████████████████████████████████▎░░░░░░░░░░░░░░░  1776 / 2402 (73%)████████████████████████████████████████████▌░░░░░░░░░░░░░░░  1783 / 2402 (74%)████████████████████████████████████████████▌░░░░░░░░░░░░░░░  1785 / 2402 (74%)████████████████████████████████████████████▌░░░░░░░░░░░░░░░  1787 / 2402 (74%)████████████████████████████████████████████▌░░░░░░░░░░░░░░░  1789 / 2402 (74%)████████████████████████████████████████████▌░░░░░░░░░░░░░░░  1790 / 2402 (74%)████████████████████████████████████████████▊░░░░░░░░░░░░░░░  1792 / 2402 (74%)████████████████████████████████████████████▊░░░░░░░░░░░░░░░  1794 / 2402 (74%)████████████████████████████████████████████▊░░░░░░░░░░░░░░░  1796 / 2402 (74%)████████████████████████████████████████████▊░░░░░░░░░░░░░░░  1799 / 2402 (74%)█████████████████████████████████████████████░░░░░░░░░░░░░░░  1802 / 2402 (75%)█████████████████████████████████████████████░░░░░░░░░░░░░░░  1803 / 2402 (75%)█████████████████████████████████████████████░░░░░░░░░░░░░░░  1804 / 2402 (75%)█████████████████████████████████████████████░░░░░░░░░░░░░░░  1807 / 2402 (75%)█████████████████████████████████████████████░░░░░░░░░░░░░░░  1809 / 2402 (75%)█████████████████████████████████████████████░░░░░░░░░░░░░░░  1811 / 2402 (75%)█████████████████████████████████████████████▎░░░░░░░░░░░░░░  1813 / 2402 (75%)█████████████████████████████████████████████▎░░░░░░░░░░░░░░  1815 / 2402 (75%)█████████████████████████████████████████████▎░░░░░░░░░░░░░░  1817 / 2402 (75%)█████████████████████████████████████████████▎░░░░░░░░░░░░░░  1820 / 2402 (75%)█████████████████████████████████████████████▌░░░░░░░░░░░░░░  1823 / 2402 (75%)█████████████████████████████████████████████▌░░░░░░░░░░░░░░  1825 / 2402 (75%)█████████████████████████████████████████████▌░░░░░░░░░░░░░░  1827 / 2402 (76%)█████████████████████████████████████████████▌░░░░░░░░░░░░░░  1828 / 2402 (76%)█████████████████████████████████████████████▌░░░░░░░░░░░░░░  1830 / 2402 (76%)█████████████████████████████████████████████▊░░░░░░░░░░░░░░  1832 / 2402 (76%)█████████████████████████████████████████████▊░░░░░░░░░░░░░░  1834 / 2402 (76%)█████████████████████████████████████████████▊░░░░░░░░░░░░░░  1837 / 2402 (76%)█████████████████████████████████████████████▊░░░░░░░░░░░░░░  1838 / 2402 (76%)█████████████████████████████████████████████▊░░░░░░░░░░░░░░  1839 / 2402 (76%)██████████████████████████████████████████████░░░░░░░░░░░░░░  1842 / 2402 (76%)██████████████████████████████████████████████░░░░░░░░░░░░░░  1844 / 2402 (76%)██████████████████████████████████████████████░░░░░░░░░░░░░░  1846 / 2402 (76%)██████████████████████████████████████████████░░░░░░░░░░░░░░  1847 / 2402 (76%)██████████████████████████████████████████████░░░░░░░░░░░░░░  1848 / 2402 (76%)██████████████████████████████████████████████░░░░░░░░░░░░░░  1849 / 2402 (76%)██████████████████████████████████████████████░░░░░░░░░░░░░░  1850 / 2402 (77%)██████████████████████████████████████████████▎░░░░░░░░░░░░░  1855 / 2402 (77%)██████████████████████████████████████████████▎░░░░░░░░░░░░░  1858 / 2402 (77%)██████████████████████████████████████████████▎░░░░░░░░░░░░░  1859 / 2402 (77%)██████████████████████████████████████████████▎░░░░░░░░░░░░░  1860 / 2402 (77%)██████████████████████████████████████████████▌░░░░░░░░░░░░░  1862 / 2402 (77%)██████████████████████████████████████████████▌░░░░░░░░░░░░░  1864 / 2402 (77%)██████████████████████████████████████████████▌░░░░░░░░░░░░░  1867 / 2402 (77%)██████████████████████████████████████████████▊░░░░░░░░░░░░░  1872 / 2402 (77%)██████████████████████████████████████████████▊░░░░░░░░░░░░░  1875 / 2402 (78%)██████████████████████████████████████████████▊░░░░░░░░░░░░░  1878 / 2402 (78%)██████████████████████████████████████████████▊░░░░░░░░░░░░░  1881 / 2402 (78%)███████████████████████████████████████████████░░░░░░░░░░░░░  1882 / 2402 (78%)███████████████████████████████████████████████░░░░░░░░░░░░░  1884 / 2402 (78%)███████████████████████████████████████████████░░░░░░░░░░░░░  1885 / 2402 (78%)███████████████████████████████████████████████░░░░░░░░░░░░░  1886 / 2402 (78%)███████████████████████████████████████████████░░░░░░░░░░░░░  1888 / 2402 (78%)███████████████████████████████████████████████░░░░░░░░░░░░░  1889 / 2402 (78%)███████████████████████████████████████████████░░░░░░░░░░░░░  1890 / 2402 (78%)███████████████████████████████████████████████░░░░░░░░░░░░░  1891 / 2402 (78%)███████████████████████████████████████████████▎░░░░░░░░░░░░  1893 / 2402 (78%)███████████████████████████████████████████████▎░░░░░░░░░░░░  1894 / 2402 (78%)███████████████████████████████████████████████▎░░░░░░░░░░░░  1895 / 2402 (78%)███████████████████████████████████████████████▎░░░░░░░░░░░░  1898 / 2402 (79%)███████████████████████████████████████████████▎░░░░░░░░░░░░  1900 / 2402 (79%)███████████████████████████████████████████████▎░░░░░░░░░░░░  1901 / 2402 (79%)███████████████████████████████████████████████▌░░░░░░░░░░░░  1902 / 2402 (79%)███████████████████████████████████████████████▌░░░░░░░░░░░░  1903 / 2402 (79%)███████████████████████████████████████████████▌░░░░░░░░░░░░  1905 / 2402 (79%)███████████████████████████████████████████████▌░░░░░░░░░░░░  1906 / 2402 (79%)███████████████████████████████████████████████▌░░░░░░░░░░░░  1908 / 2402 (79%)███████████████████████████████████████████████▊░░░░░░░░░░░░  1919 / 2402 (79%)███████████████████████████████████████████████▊░░░░░░░░░░░░  1920 / 2402 (79%)███████████████████████████████████████████████▊░░░░░░░░░░░░  1921 / 2402 (79%)████████████████████████████████████████████████░░░░░░░░░░░░  1923 / 2402 (80%)████████████████████████████████████████████████░░░░░░░░░░░░  1925 / 2402 (80%)████████████████████████████████████████████████░░░░░░░░░░░░  1928 / 2402 (80%)████████████████████████████████████████████████░░░░░░░░░░░░  1930 / 2402 (80%)████████████████████████████████████████████████▎░░░░░░░░░░░  1932 / 2402 (80%)████████████████████████████████████████████████▎░░░░░░░░░░░  1934 / 2402 (80%)████████████████████████████████████████████████▎░░░░░░░░░░░  1937 / 2402 (80%)████████████████████████████████████████████████▎░░░░░░░░░░░  1939 / 2402 (80%)████████████████████████████████████████████████▌░░░░░░░░░░░  1942 / 2402 (80%)████████████████████████████████████████████████▌░░░░░░░░░░░  1944 / 2402 (80%)████████████████████████████████████████████████▌░░░░░░░░░░░  1945 / 2402 (80%)████████████████████████████████████████████████▌░░░░░░░░░░░  1948 / 2402 (81%)████████████████████████████████████████████████▌░░░░░░░░░░░  1950 / 2402 (81%)████████████████████████████████████████████████▊░░░░░░░░░░░  1953 / 2402 (81%)████████████████████████████████████████████████▊░░░░░░░░░░░  1954 / 2402 (81%)████████████████████████████████████████████████▊░░░░░░░░░░░  1956 / 2402 (81%)████████████████████████████████████████████████▊░░░░░░░░░░░  1958 / 2402 (81%)████████████████████████████████████████████████▊░░░░░░░░░░░  1960 / 2402 (81%)████████████████████████████████████████████████▊░░░░░░░░░░░  1961 / 2402 (81%)█████████████████████████████████████████████████░░░░░░░░░░░  1962 / 2402 (81%)█████████████████████████████████████████████████░░░░░░░░░░░  1964 / 2402 (81%)█████████████████████████████████████████████████░░░░░░░░░░░  1965 / 2402 (81%)█████████████████████████████████████████████████░░░░░░░░░░░  1966 / 2402 (81%)█████████████████████████████████████████████████░░░░░░░░░░░  1967 / 2402 (81%)█████████████████████████████████████████████████░░░░░░░░░░░  1969 / 2402 (81%)█████████████████████████████████████████████████░░░░░░░░░░░  1970 / 2402 (82%)█████████████████████████████████████████████████▎░░░░░░░░░░  1973 / 2402 (82%)█████████████████████████████████████████████████▎░░░░░░░░░░  1974 / 2402 (82%)█████████████████████████████████████████████████▎░░░░░░░░░░  1976 / 2402 (82%)█████████████████████████████████████████████████▎░░░░░░░░░░  1977 / 2402 (82%)█████████████████████████████████████████████████▎░░░░░░░░░░  1978 / 2402 (82%)█████████████████████████████████████████████████▎░░░░░░░░░░  1980 / 2402 (82%)█████████████████████████████████████████████████▎░░░░░░░░░░  1981 / 2402 (82%)█████████████████████████████████████████████████▌░░░░░░░░░░  1982 / 2402 (82%)█████████████████████████████████████████████████▌░░░░░░░░░░  1984 / 2402 (82%)█████████████████████████████████████████████████▌░░░░░░░░░░  1985 / 2402 (82%)█████████████████████████████████████████████████▌░░░░░░░░░░  1986 / 2402 (82%)█████████████████████████████████████████████████▌░░░░░░░░░░  1987 / 2402 (82%)█████████████████████████████████████████████████▌░░░░░░░░░░  1989 / 2402 (82%)█████████████████████████████████████████████████▌░░░░░░░░░░  1990 / 2402 (82%)█████████████████████████████████████████████████▌░░░░░░░░░░  1991 / 2402 (82%)█████████████████████████████████████████████████▊░░░░░░░░░░  1992 / 2402 (82%)█████████████████████████████████████████████████▊░░░░░░░░░░  1994 / 2402 (83%)█████████████████████████████████████████████████▊░░░░░░░░░░  1995 / 2402 (83%)█████████████████████████████████████████████████▊░░░░░░░░░░  1997 / 2402 (83%)█████████████████████████████████████████████████▊░░░░░░░░░░  1999 / 2402 (83%)█████████████████████████████████████████████████▊░░░░░░░░░░  2001 / 2402 (83%)██████████████████████████████████████████████████░░░░░░░░░░  2002 / 2402 (83%)██████████████████████████████████████████████████░░░░░░░░░░  2005 / 2402 (83%)██████████████████████████████████████████████████░░░░░░░░░░  2006 / 2402 (83%)██████████████████████████████████████████████████░░░░░░░░░░  2008 / 2402 (83%)██████████████████████████████████████████████████░░░░░░░░░░  2010 / 2402 (83%)██████████████████████████████████████████████████▎░░░░░░░░░  2012 / 2402 (83%)██████████████████████████████████████████████████▎░░░░░░░░░  2014 / 2402 (83%)██████████████████████████████████████████████████▎░░░░░░░░░  2015 / 2402 (83%)██████████████████████████████████████████████████▎░░░░░░░░░  2016 / 2402 (83%)██████████████████████████████████████████████████▎░░░░░░░░░  2017 / 2402 (83%)██████████████████████████████████████████████████▎░░░░░░░░░  2021 / 2402 (84%)██████████████████████████████████████████████████▌░░░░░░░░░  2022 / 2402 (84%)██████████████████████████████████████████████████▌░░░░░░░░░  2023 / 2402 (84%)██████████████████████████████████████████████████▌░░░░░░░░░  2024 / 2402 (84%)██████████████████████████████████████████████████▌░░░░░░░░░  2025 / 2402 (84%)██████████████████████████████████████████████████▌░░░░░░░░░  2028 / 2402 (84%)██████████████████████████████████████████████████▌░░░░░░░░░  2030 / 2402 (84%)███████████████████████████████████████████████████░░░░░░░░░  2045 / 2402 (85%)███████████████████████████████████████████████████░░░░░░░░░  2046 / 2402 (85%)███████████████████████████████████████████████████░░░░░░░░░  2047 / 2402 (85%)███████████████████████████████████████████████████░░░░░░░░░  2049 / 2402 (85%)███████████████████████████████████████████████████░░░░░░░░░  2051 / 2402 (85%)███████████████████████████████████████████████████▎░░░░░░░░  2053 / 2402 (85%)███████████████████████████████████████████████████▎░░░░░░░░  2055 / 2402 (85%)███████████████████████████████████████████████████▎░░░░░░░░  2056 / 2402 (85%)███████████████████████████████████████████████████▎░░░░░░░░  2057 / 2402 (85%)███████████████████████████████████████████████████▎░░░░░░░░  2060 / 2402 (85%)███████████████████████████████████████████████████▌░░░░░░░░  2062 / 2402 (85%)███████████████████████████████████████████████████▌░░░░░░░░  2064 / 2402 (85%)███████████████████████████████████████████████████▌░░░░░░░░  2065 / 2402 (85%)███████████████████████████████████████████████████▌░░░░░░░░  2067 / 2402 (86%)███████████████████████████████████████████████████▌░░░░░░░░  2069 / 2402 (86%)███████████████████████████████████████████████████▌░░░░░░░░  2071 / 2402 (86%)███████████████████████████████████████████████████▊░░░░░░░░  2072 / 2402 (86%)███████████████████████████████████████████████████▊░░░░░░░░  2074 / 2402 (86%)███████████████████████████████████████████████████▊░░░░░░░░  2077 / 2402 (86%)███████████████████████████████████████████████████▊░░░░░░░░  2079 / 2402 (86%)████████████████████████████████████████████████████░░░░░░░░  2083 / 2402 (86%)████████████████████████████████████████████████████░░░░░░░░  2086 / 2402 (86%)████████████████████████████████████████████████████░░░░░░░░  2087 / 2402 (86%)████████████████████████████████████████████████████░░░░░░░░  2089 / 2402 (86%)████████████████████████████████████████████████████░░░░░░░░  2091 / 2402 (87%)████████████████████████████████████████████████████▎░░░░░░░  2093 / 2402 (87%)████████████████████████████████████████████████████▎░░░░░░░  2094 / 2402 (87%)████████████████████████████████████████████████████▎░░░░░░░  2095 / 2402 (87%)████████████████████████████████████████████████████▎░░░░░░░  2097 / 2402 (87%)████████████████████████████████████████████████████▎░░░░░░░  2101 / 2402 (87%)████████████████████████████████████████████████████▌░░░░░░░  2102 / 2402 (87%)████████████████████████████████████████████████████▌░░░░░░░  2104 / 2402 (87%)████████████████████████████████████████████████████▌░░░░░░░  2105 / 2402 (87%)████████████████████████████████████████████████████▌░░░░░░░  2108 / 2402 (87%)████████████████████████████████████████████████████▌░░░░░░░  2109 / 2402 (87%)████████████████████████████████████████████████████▌░░░░░░░  2110 / 2402 (87%)████████████████████████████████████████████████████▊░░░░░░░  2113 / 2402 (87%)████████████████████████████████████████████████████▊░░░░░░░  2115 / 2402 (88%)████████████████████████████████████████████████████▊░░░░░░░  2117 / 2402 (88%)████████████████████████████████████████████████████▊░░░░░░░  2119 / 2402 (88%)████████████████████████████████████████████████████▊░░░░░░░  2120 / 2402 (88%)█████████████████████████████████████████████████████░░░░░░░  2123 / 2402 (88%)█████████████████████████████████████████████████████░░░░░░░  2124 / 2402 (88%)█████████████████████████████████████████████████████░░░░░░░  2126 / 2402 (88%)█████████████████████████████████████████████████████░░░░░░░  2127 / 2402 (88%)█████████████████████████████████████████████████████░░░░░░░  2129 / 2402 (88%)█████████████████████████████████████████████████████▎░░░░░░  2132 / 2402 (88%)█████████████████████████████████████████████████████▎░░░░░░  2135 / 2402 (88%)█████████████████████████████████████████████████████▎░░░░░░  2137 / 2402 (88%)█████████████████████████████████████████████████████▎░░░░░░  2139 / 2402 (89%)█████████████████████████████████████████████████████▎░░░░░░  2140 / 2402 (89%)█████████████████████████████████████████████████████▌░░░░░░  2142 / 2402 (89%)█████████████████████████████████████████████████████▌░░░░░░  2143 / 2402 (89%)█████████████████████████████████████████████████████▌░░░░░░  2145 / 2402 (89%)█████████████████████████████████████████████████████▌░░░░░░  2147 / 2402 (89%)█████████████████████████████████████████████████████▊░░░░░░  2153 / 2402 (89%)█████████████████████████████████████████████████████▊░░░░░░  2156 / 2402 (89%)█████████████████████████████████████████████████████▊░░░░░░  2157 / 2402 (89%)█████████████████████████████████████████████████████▊░░░░░░  2160 / 2402 (89%)██████████████████████████████████████████████████████░░░░░░  2162 / 2402 (90%)██████████████████████████████████████████████████████░░░░░░  2163 / 2402 (90%)██████████████████████████████████████████████████████░░░░░░  2166 / 2402 (90%)██████████████████████████████████████████████████████░░░░░░  2168 / 2402 (90%)██████████████████████████████████████████████████████▎░░░░░  2173 / 2402 (90%)██████████████████████████████████████████████████████▎░░░░░  2174 / 2402 (90%)██████████████████████████████████████████████████████▎░░░░░  2177 / 2402 (90%)██████████████████████████████████████████████████████▎░░░░░  2181 / 2402 (90%)██████████████████████████████████████████████████████▌░░░░░  2185 / 2402 (90%)██████████████████████████████████████████████████████▌░░░░░  2186 / 2402 (91%)██████████████████████████████████████████████████████▌░░░░░  2187 / 2402 (91%)██████████████████████████████████████████████████████▌░░░░░  2189 / 2402 (91%)██████████████████████████████████████████████████████▌░░░░░  2191 / 2402 (91%)██████████████████████████████████████████████████████▊░░░░░  2192 / 2402 (91%)██████████████████████████████████████████████████████▊░░░░░  2194 / 2402 (91%)██████████████████████████████████████████████████████▊░░░░░  2196 / 2402 (91%)██████████████████████████████████████████████████████▊░░░░░  2200 / 2402 (91%)██████████████████████████████████████████████████████▊░░░░░  2201 / 2402 (91%)███████████████████████████████████████████████████████░░░░░  2203 / 2402 (91%)███████████████████████████████████████████████████████░░░░░  2206 / 2402 (91%)███████████████████████████████████████████████████████░░░░░  2208 / 2402 (91%)███████████████████████████████████████████████████████▎░░░░  2212 / 2402 (92%)███████████████████████████████████████████████████████▎░░░░  2213 / 2402 (92%)███████████████████████████████████████████████████████▎░░░░  2217 / 2402 (92%)███████████████████████████████████████████████████████▎░░░░  2220 / 2402 (92%)███████████████████████████████████████████████████████▌░░░░  2223 / 2402 (92%)███████████████████████████████████████████████████████▌░░░░  2225 / 2402 (92%)███████████████████████████████████████████████████████▌░░░░  2229 / 2402 (92%)███████████████████████████████████████████████████████▌░░░░  2231 / 2402 (92%)███████████████████████████████████████████████████████▊░░░░  2233 / 2402 (92%)███████████████████████████████████████████████████████▊░░░░  2234 / 2402 (93%)███████████████████████████████████████████████████████▊░░░░  2235 / 2402 (93%)███████████████████████████████████████████████████████▊░░░░  2237 / 2402 (93%)███████████████████████████████████████████████████████▊░░░░  2239 / 2402 (93%)███████████████████████████████████████████████████████▊░░░░  2240 / 2402 (93%)████████████████████████████████████████████████████████░░░░  2242 / 2402 (93%)████████████████████████████████████████████████████████░░░░  2244 / 2402 (93%)████████████████████████████████████████████████████████░░░░  2245 / 2402 (93%)████████████████████████████████████████████████████████░░░░  2247 / 2402 (93%)████████████████████████████████████████████████████████░░░░  2249 / 2402 (93%)████████████████████████████████████████████████████████░░░░  2251 / 2402 (93%)████████████████████████████████████████████████████████▎░░░  2252 / 2402 (93%)████████████████████████████████████████████████████████▎░░░  2253 / 2402 (93%)████████████████████████████████████████████████████████▎░░░  2254 / 2402 (93%)████████████████████████████████████████████████████████▎░░░  2255 / 2402 (93%)████████████████████████████████████████████████████████▎░░░  2256 / 2402 (93%)████████████████████████████████████████████████████████▎░░░  2257 / 2402 (93%)████████████████████████████████████████████████████████▎░░░  2260 / 2402 (94%)████████████████████████████████████████████████████████▎░░░  2261 / 2402 (94%)████████████████████████████████████████████████████████▌░░░  2264 / 2402 (94%)████████████████████████████████████████████████████████▌░░░  2266 / 2402 (94%)████████████████████████████████████████████████████████▌░░░  2269 / 2402 (94%)████████████████████████████████████████████████████████▌░░░  2271 / 2402 (94%)████████████████████████████████████████████████████████▊░░░  2273 / 2402 (94%)████████████████████████████████████████████████████████▊░░░  2275 / 2402 (94%)████████████████████████████████████████████████████████▊░░░  2276 / 2402 (94%)█████████████████████████████████████████████████████████░░░  2283 / 2402 (95%)█████████████████████████████████████████████████████████░░░  2284 / 2402 (95%)█████████████████████████████████████████████████████████░░░  2285 / 2402 (95%)█████████████████████████████████████████████████████████░░░  2286 / 2402 (95%)█████████████████████████████████████████████████████████░░░  2288 / 2402 (95%)█████████████████████████████████████████████████████████░░░  2289 / 2402 (95%)█████████████████████████████████████████████████████████░░░  2291 / 2402 (95%)█████████████████████████████████████████████████████████▎░░  2294 / 2402 (95%)█████████████████████████████████████████████████████████▎░░  2297 / 2402 (95%)█████████████████████████████████████████████████████████▎░░  2298 / 2402 (95%)█████████████████████████████████████████████████████████▎░░  2300 / 2402 (95%)█████████████████████████████████████████████████████████▌░░  2304 / 2402 (95%)█████████████████████████████████████████████████████████▌░░  2305 / 2402 (95%)█████████████████████████████████████████████████████████▌░░  2307 / 2402 (96%)█████████████████████████████████████████████████████████▌░░  2311 / 2402 (96%)█████████████████████████████████████████████████████████▊░░  2313 / 2402 (96%)█████████████████████████████████████████████████████████▊░░  2315 / 2402 (96%)█████████████████████████████████████████████████████████▊░░  2317 / 2402 (96%)█████████████████████████████████████████████████████████▊░░  2319 / 2402 (96%)██████████████████████████████████████████████████████████▎░  2337 / 2402 (97%)██████████████████████████████████████████████████████████▎░  2339 / 2402 (97%)██████████████████████████████████████████████████████████▎░  2341 / 2402 (97%)██████████████████████████████████████████████████████████▌░  2343 / 2402 (97%)██████████████████████████████████████████████████████████▌░  2344 / 2402 (97%)██████████████████████████████████████████████████████████▌░  2347 / 2402 (97%)██████████████████████████████████████████████████████████▌░  2349 / 2402 (97%)██████████████████████████████████████████████████████████▌░  2351 / 2402 (97%)██████████████████████████████████████████████████████████▊░  2353 / 2402 (97%)██████████████████████████████████████████████████████████▊░  2354 / 2402 (98%)██████████████████████████████████████████████████████████▊░  2356 / 2402 (98%)██████████████████████████████████████████████████████████▊░  2358 / 2402 (98%)██████████████████████████████████████████████████████████▊░  2361 / 2402 (98%)███████████████████████████████████████████████████████████░  2362 / 2402 (98%)███████████████████████████████████████████████████████████░  2363 / 2402 (98%)███████████████████████████████████████████████████████████░  2364 / 2402 (98%)███████████████████████████████████████████████████████████░  2365 / 2402 (98%)███████████████████████████████████████████████████████████░  2366 / 2402 (98%)███████████████████████████████████████████████████████████░  2369 / 2402 (98%)███████████████████████████████████████████████████████████░  2371 / 2402 (98%)███████████████████████████████████████████████████████████▎  2374 / 2402 (98%)███████████████████████████████████████████████████████████▎  2376 / 2402 (98%)███████████████████████████████████████████████████████████▎  2377 / 2402 (98%)███████████████████████████████████████████████████████████▎  2378 / 2402 (99%)███████████████████████████████████████████████████████████▌  2382 / 2402 (99%)███████████████████████████████████████████████████████████▌  2385 / 2402 (99%)███████████████████████████████████████████████████████████▌  2387 / 2402 (99%)███████████████████████████████████████████████████████████▌  2388 / 2402 (99%)███████████████████████████████████████████████████████████▌  2389 / 2402 (99%)███████████████████████████████████████████████████████████▌  2390 / 2402 (99%)███████████████████████████████████████████████████████████▌  2391 / 2402 (99%)███████████████████████████████████████████████████████████▊  2392 / 2402 (99%)███████████████████████████████████████████████████████████▊  2393 / 2402 (99%)███████████████████████████████████████████████████████████▊  2399 / 2402 (99%)████████████████████████████████████████████████████████████  2402 / 2402 (100%)                                                                                
------------------------------
[42;2m                              [0m
[42;30;2m       No errors found!       [0m
[42;2m                              [0m
------------------------------
6204 other issues found.
You can display them with [30;48;5;195m--show-info=true[0m
------------------------------
Psalm can automatically fix 9 of these issues.
Run Psalm again with 
[30;48;5;195m--alter --issues=MissingClosureReturnType --dry-run[0m
to see what it can fix.
------------------------------

Checks took 342.37 seconds and used 963.014MB of memory
Psalm was able to infer types for 94.0563% of the codebase

=== phpstan ===
Note: Using configuration file /home/rubenlinde/memcap-work/lq-lanes/or-primitives/phpstan.neon.
    0/2400 [░░░░░░░░░░░░░░░░░░░░░░░░░░░░]   0%
  180/2400 [▓▓░░░░░░░░░░░░░░░░░░░░░░░░░░]   7%
  720/2400 [▓▓▓▓▓▓▓▓░░░░░░░░░░░░░░░░░░░░]  30%
 1200/2400 [▓▓▓▓▓▓▓▓▓▓▓▓▓▓░░░░░░░░░░░░░░]  50%
 1920/2400 [▓▓▓▓▓▓▓▓▓▓▓▓▓▓▓▓▓▓▓▓▓▓░░░░░░]  80%
 2400/2400 [▓▓▓▓▓▓▓▓▓▓▓▓▓▓▓▓▓▓▓▓▓▓▓▓▓▓▓▓] 100%


 [OK] No errors                                                                 


=== test:all ===
[openregister/tests/bootstrap] No installed Nextcloud root in scope (a bare source tree does not count); running with composer autoload only.
  Set OPENREGISTER_TEST_NC_ROOT to an installed Nextcloud root if you need integration/DB tests.
PHPUnit 10.5.63 by Sebastian Bergmann and contributors.

Runtime:       PHP 8.3.6
Configuration: /home/rubenlinde/memcap-work/lq-lanes/or-primitives/phpunit.xml

...........................................................    59 / 24026 (  0%)
...........................................................   118 / 24026 (  0%)
...........................................................   177 / 24026 (  0%)
...........................................................   236 / 24026 (  0%)
...........................................................   295 / 24026 (  1%)
...........................................................   354 / 24026 (  1%)
...........................................................   413 / 24026 (  1%)
...........................................................   472 / 24026 (  1%)
...........................................................   531 / 24026 (  2%)
...........................................................   590 / 24026 (  2%)
...........................................................   649 / 24026 (  2%)
...........................................................   708 / 24026 (  2%)
...........................................................   767 / 24026 (  3%)
...........................................................   826 / 24026 (  3%)
...........................................................   885 / 24026 (  3%)
...........................................................   944 / 24026 (  3%)
...........................................................  1003 / 24026 (  4%)
...........................................................  1062 / 24026 (  4%)
...........................................................  1121 / 24026 (  4%)
......[36;1mS[0m....................................................  1180 / 24026 (  4%)
...........................................................  1239 / 24026 (  5%)
...........................................................  1298 / 24026 (  5%)
...........................................................  1357 / 24026 (  5%)
...........................................................  1416 / 24026 (  5%)
...........................................................  1475 / 24026 (  6%)
...........................................................  1534 / 24026 (  6%)
...........................................................  1593 / 24026 (  6%)
...........................................................  1652 / 24026 (  6%)
...........................................................  1711 / 24026 (  7%)
...........................................................  1770 / 24026 (  7%)
...........................................................  1829 / 24026 (  7%)
...........................................................  1888 / 24026 (  7%)
...........................................................  1947 / 24026 (  8%)
...........................................................  2006 / 24026 (  8%)
...........................................................  2065 / 24026 (  8%)
...........................................................  2124 / 24026 (  8%)
...........................................................  2183 / 24026 (  9%)
...........................................................  2242 / 24026 (  9%)
...........................................................  2301 / 24026 (  9%)
...........................................................  2360 / 24026 (  9%)
...........................................................  2419 / 24026 ( 10%)
...........................................................  2478 / 24026 ( 10%)
...........................................................  2537 / 24026 ( 10%)
...........................................................  2596 / 24026 ( 10%)
...........................................................  2655 / 24026 ( 11%)
...........................................................  2714 / 24026 ( 11%)
...........................................................  2773 / 24026 ( 11%)
...........................................................  2832 / 24026 ( 11%)
...........................................................  2891 / 24026 ( 12%)
...........................................................  2950 / 24026 ( 12%)
...........[36;1mS[0m...[36;1mS[0m[36;1mS[0m[36;1mS[0m.........................................  3009 / 24026 ( 12%)
...........................................................  3068 / 24026 ( 12%)
...........................................................  3127 / 24026 ( 13%)
...........................................................  3186 / 24026 ( 13%)
...........................................................  3245 / 24026 ( 13%)
...........................................................  3304 / 24026 ( 13%)
...........................................................  3363 / 24026 ( 13%)
...........................................................  3422 / 24026 ( 14%)
...........................................................  3481 / 24026 ( 14%)
...........................................................  3540 / 24026 ( 14%)
...........................................................  3599 / 24026 ( 14%)
...........................................................  3658 / 24026 ( 15%)
...........................................................  3717 / 24026 ( 15%)
...........................................................  3776 / 24026 ( 15%)
...........................................................  3835 / 24026 ( 15%)
...........................................................  3894 / 24026 ( 16%)
...........................................................  3953 / 24026 ( 16%)
........[36;1mS[0m[36;1mS[0m....[36;1mS[0m[36;1mS[0m.........................[36;1mS[0m......[36;1mS[0m[36;1mS[0m.........  4012 / 24026 ( 16%)
...........................................................  4071 / 24026 ( 16%)
...........................................................  4130 / 24026 ( 17%)
...........................................................  4189 / 24026 ( 17%)
...........................................................  4248 / 24026 ( 17%)
...........................................................  4307 / 24026 ( 17%)
...........................................................  4366 / 24026 ( 18%)
...........................................................  4425 / 24026 ( 18%)
...........................................................  4484 / 24026 ( 18%)
...........................................................  4543 / 24026 ( 18%)
...........................................................  4602 / 24026 ( 19%)
...........................................................  4661 / 24026 ( 19%)
...........................................................  4720 / 24026 ( 19%)
...........................................................  4779 / 24026 ( 19%)
...........................................................  4838 / 24026 ( 20%)
...........................................................  4897 / 24026 ( 20%)
......[36;1mS[0m[36;1mS[0m[36;1mS[0m[36;1mS[0m[36;1mS[0m................................................  4956 / 24026 ( 20%)
...........................................................  5015 / 24026 ( 20%)
...........................................................  5074 / 24026 ( 21%)
...........................................................  5133 / 24026 ( 21%)
...........................................................  5192 / 24026 ( 21%)
...........................................................  5251 / 24026 ( 21%)
...........................................................  5310 / 24026 ( 22%)
...........................................................  5369 / 24026 ( 22%)
...........................................................  5428 / 24026 ( 22%)
...........................................................  5487 / 24026 ( 22%)
...........................................................  5546 / 24026 ( 23%)
...........................................................  5605 / 24026 ( 23%)
...........................................................  5664 / 24026 ( 23%)
...........................................................  5723 / 24026 ( 23%)
...........................................................  5782 / 24026 ( 24%)
...........................................................  5841 / 24026 ( 24%)
...........................................................  5900 / 24026 ( 24%)
...........................................................  5959 / 24026 ( 24%)
...........................................................  6018 / 24026 ( 25%)
...........................................................  6077 / 24026 ( 25%)
...........................................................  6136 / 24026 ( 25%)
...........................................................  6195 / 24026 ( 25%)
...........................................................  6254 / 24026 ( 26%)
...........................................................  6313 / 24026 ( 26%)
...........................................................  6372 / 24026 ( 26%)
...........................................................  6431 / 24026 ( 26%)
...........................................................  6490 / 24026 ( 27%)
...........................................................  6549 / 24026 ( 27%)
...........................................................  6608 / 24026 ( 27%)
...........................................................  6667 / 24026 ( 27%)
...........................................................  6726 / 24026 ( 27%)
...........................................................  6785 / 24026 ( 28%)
...........................................................  6844 / 24026 ( 28%)
............................[36;1mS[0m..............................  6903 / 24026 ( 28%)
...........................................................  6962 / 24026 ( 28%)
...........................................................  7021 / 24026 ( 29%)
...........................................................  7080 / 24026 ( 29%)
...........................................................  7139 / 24026 ( 29%)
...........................................................  7198 / 24026 ( 29%)
...........................................................  7257 / 24026 ( 30%)
...........................................................  7316 / 24026 ( 30%)
...........................................................  7375 / 24026 ( 30%)
...........................................................  7434 / 24026 ( 30%)
......................................................[41;37mF[0m....  7493 / 24026 ( 31%)
...........................................................  7552 / 24026 ( 31%)
...........................................................  7611 / 24026 ( 31%)
...........................................................  7670 / 24026 ( 31%)
...........................................................  7729 / 24026 ( 32%)
...........................................................  7788 / 24026 ( 32%)
...........................................................  7847 / 24026 ( 32%)
..................................[36;1mS[0m........................  7906 / 24026 ( 32%)
...........................................................  7965 / 24026 ( 33%)
...........................................................  8024 / 24026 ( 33%)
...........................................................  8083 / 24026 ( 33%)
...........................................................  8142 / 24026 ( 33%)
...........................................................  8201 / 24026 ( 34%)
...........................................................  8260 / 24026 ( 34%)
...........................................................  8319 / 24026 ( 34%)
...........................................................  8378 / 24026 ( 34%)
...........................................................  8437 / 24026 ( 35%)
...........................................................  8496 / 24026 ( 35%)
...........................................................  8555 / 24026 ( 35%)
...........................................................  8614 / 24026 ( 35%)
...........................................................  8673 / 24026 ( 36%)
...........................................................  8732 / 24026 ( 36%)
...........................................................  8791 / 24026 ( 36%)
...........................................................  8850 / 24026 ( 36%)
...........................................................  8909 / 24026 ( 37%)
...........................................................  8968 / 24026 ( 37%)
...........................................................  9027 / 24026 ( 37%)
...........................................................  9086 / 24026 ( 37%)
...........................................................  9145 / 24026 ( 38%)
...........................................................  9204 / 24026 ( 38%)
...........................................................  9263 / 24026 ( 38%)
...........................................................  9322 / 24026 ( 38%)
...........................................................  9381 / 24026 ( 39%)
...........................................................  9440 / 24026 ( 39%)
...........................................................  9499 / 24026 ( 39%)
...........................................................  9558 / 24026 ( 39%)
...........................................................  9617 / 24026 ( 40%)
...........................................................  9676 / 24026 ( 40%)
...........................................................  9735 / 24026 ( 40%)
...........................................................  9794 / 24026 ( 40%)
......................................................[36;1mS[0m....  9853 / 24026 ( 41%)
...........................................................  9912 / 24026 ( 41%)
...........................................................  9971 / 24026 ( 41%)
........................................................... 10030 / 24026 ( 41%)
........................................................... 10089 / 24026 ( 41%)
........................................................... 10148 / 24026 ( 42%)
........................................................... 10207 / 24026 ( 42%)
........................................................... 10266 / 24026 ( 42%)
........................................................... 10325 / 24026 ( 42%)
........................................................... 10384 / 24026 ( 43%)
........................................................... 10443 / 24026 ( 43%)
........................................................... 10502 / 24026 ( 43%)
........................................................... 10561 / 24026 ( 43%)
........................................................[36;1mS[0m.. 10620 / 24026 ( 44%)
........................................................... 10679 / 24026 ( 44%)
........................................................... 10738 / 24026 ( 44%)
........................................................... 10797 / 24026 ( 44%)
........................................................... 10856 / 24026 ( 45%)
........................................................... 10915 / 24026 ( 45%)
........................................................... 10974 / 24026 ( 45%)
........................................................... 11033 / 24026 ( 45%)
........................................................... 11092 / 24026 ( 46%)
........................................................... 11151 / 24026 ( 46%)
........................................................... 11210 / 24026 ( 46%)
........................................................... 11269 / 24026 ( 46%)
........................................................... 11328 / 24026 ( 47%)
........................................................... 11387 / 24026 ( 47%)
........................................................... 11446 / 24026 ( 47%)
........................................................... 11505 / 24026 ( 47%)
........................................................... 11564 / 24026 ( 48%)
........................................................... 11623 / 24026 ( 48%)
........................................................... 11682 / 24026 ( 48%)
........................................................... 11741 / 24026 ( 48%)
........................................................... 11800 / 24026 ( 49%)
........................................................... 11859 / 24026 ( 49%)
........................................................... 11918 / 24026 ( 49%)
........................................................... 11977 / 24026 ( 49%)
........................................................... 12036 / 24026 ( 50%)
........................................................... 12095 / 24026 ( 50%)
............................[41;37mF[0m.............................. 12154 / 24026 ( 50%)
........................................................... 12213 / 24026 ( 50%)
........................................................... 12272 / 24026 ( 51%)
........................................................... 12331 / 24026 ( 51%)
........................................................... 12390 / 24026 ( 51%)
........................................................... 12449 / 24026 ( 51%)
........................................................... 12508 / 24026 ( 52%)
........................................................... 12567 / 24026 ( 52%)
........................................................... 12626 / 24026 ( 52%)
........................................................... 12685 / 24026 ( 52%)
........................................................... 12744 / 24026 ( 53%)
........................................................... 12803 / 24026 ( 53%)
........................................................... 12862 / 24026 ( 53%)
........................................................... 12921 / 24026 ( 53%)
........................................................... 12980 / 24026 ( 54%)
........................................................... 13039 / 24026 ( 54%)
........................................................... 13098 / 24026 ( 54%)
........................................................... 13157 / 24026 ( 54%)
.............................[36;1mS[0m............................. 13216 / 24026 ( 55%)
........................................................... 13275 / 24026 ( 55%)
........................................................... 13334 / 24026 ( 55%)
........................................................... 13393 / 24026 ( 55%)
........................................................... 13452 / 24026 ( 55%)
........................................................... 13511 / 24026 ( 56%)
........................................................... 13570 / 24026 ( 56%)
........................................................... 13629 / 24026 ( 56%)
........................................................... 13688 / 24026 ( 56%)
........................................................... 13747 / 24026 ( 57%)
........................................................... 13806 / 24026 ( 57%)
........................................................... 13865 / 24026 ( 57%)
........................................................... 13924 / 24026 ( 57%)
........................................................... 13983 / 24026 ( 58%)
........................................................... 14042 / 24026 ( 58%)
........................................................... 14101 / 24026 ( 58%)
........................................................... 14160 / 24026 ( 58%)
........................................................... 14219 / 24026 ( 59%)
........................................................... 14278 / 24026 ( 59%)
........................................................... 14337 / 24026 ( 59%)
........................................................... 14396 / 24026 ( 59%)
........................................................... 14455 / 24026 ( 60%)
........................................................... 14514 / 24026 ( 60%)
........................................................... 14573 / 24026 ( 60%)
........................................................... 14632 / 24026 ( 60%)
........................................................... 14691 / 24026 ( 61%)
........................................................... 14750 / 24026 ( 61%)
........................................................... 14809 / 24026 ( 61%)
........................................................... 14868 / 24026 ( 61%)
........................................................... 14927 / 24026 ( 62%)
........................................................... 14986 / 24026 ( 62%)
........................................................... 15045 / 24026 ( 62%)
........................................................... 15104 / 24026 ( 62%)
........................................................... 15163 / 24026 ( 63%)
........................................................... 15222 / 24026 ( 63%)
..............................[33;1mW[0m............................ 15281 / 24026 ( 63%)
........................................................... 15340 / 24026 ( 63%)
........................................................... 15399 / 24026 ( 64%)
........................................................... 15458 / 24026 ( 64%)
........................................................... 15517 / 24026 ( 64%)
........................................................... 15576 / 24026 ( 64%)
........................................................... 15635 / 24026 ( 65%)
........................................................... 15694 / 24026 ( 65%)
........................................................... 15753 / 24026 ( 65%)
........................................................... 15812 / 24026 ( 65%)
........................................................... 15871 / 24026 ( 66%)
........................................................... 15930 / 24026 ( 66%)
........................................................... 15989 / 24026 ( 66%)
........................................................... 16048 / 24026 ( 66%)
........................................................... 16107 / 24026 ( 67%)
........................................................... 16166 / 24026 ( 67%)
........................................................... 16225 / 24026 ( 67%)
........................................................... 16284 / 24026 ( 67%)
........................................................... 16343 / 24026 ( 68%)
........................................................... 16402 / 24026 ( 68%)
........................................................... 16461 / 24026 ( 68%)
........................................................... 16520 / 24026 ( 68%)
........................................................... 16579 / 24026 ( 69%)
........................................................... 16638 / 24026 ( 69%)
........................................................... 16697 / 24026 ( 69%)
........................................................... 16756 / 24026 ( 69%)
........................................................... 16815 / 24026 ( 69%)
........................................................... 16874 / 24026 ( 70%)
........................................................... 16933 / 24026 ( 70%)
........................................................... 16992 / 24026 ( 70%)
........................................................... 17051 / 24026 ( 70%)
........................................................... 17110 / 24026 ( 71%)
........................................................... 17169 / 24026 ( 71%)
........................................................... 17228 / 24026 ( 71%)
........................................................... 17287 / 24026 ( 71%)
........................................................... 17346 / 24026 ( 72%)
........................................................... 17405 / 24026 ( 72%)
........................................................... 17464 / 24026 ( 72%)
........................................................... 17523 / 24026 ( 72%)
................................[36;1mS[0m.......................... 17582 / 24026 ( 73%)
........................................................... 17641 / 24026 ( 73%)
........................................................... 17700 / 24026 ( 73%)
........................................................... 17759 / 24026 ( 73%)
........................................................... 17818 / 24026 ( 74%)
........................................................... 17877 / 24026 ( 74%)
........................................................... 17936 / 24026 ( 74%)
........................................................... 17995 / 24026 ( 74%)
........................................................... 18054 / 24026 ( 75%)
........................................................... 18113 / 24026 ( 75%)
........................................................... 18172 / 24026 ( 75%)
........................................................... 18231 / 24026 ( 75%)
........................................................... 18290 / 24026 ( 76%)
........................................................... 18349 / 24026 ( 76%)
........................................................... 18408 / 24026 ( 76%)
........................................................... 18467 / 24026 ( 76%)
........................................................... 18526 / 24026 ( 77%)
........................................................... 18585 / 24026 ( 77%)
........................................................... 18644 / 24026 ( 77%)
........................................................... 18703 / 24026 ( 77%)
........................................................... 18762 / 24026 ( 78%)
........................................................... 18821 / 24026 ( 78%)
........................................................... 18880 / 24026 ( 78%)
........................................................... 18939 / 24026 ( 78%)
........................................................... 18998 / 24026 ( 79%)
........................................................... 19057 / 24026 ( 79%)
........................................................... 19116 / 24026 ( 79%)
........................................................... 19175 / 24026 ( 79%)
........................................................... 19234 / 24026 ( 80%)
........................................................... 19293 / 24026 ( 80%)
........................................................... 19352 / 24026 ( 80%)
........................................................... 19411 / 24026 ( 80%)
........................................................... 19470 / 24026 ( 81%)
........................................................... 19529 / 24026 ( 81%)
........................................................... 19588 / 24026 ( 81%)
........................................................... 19647 / 24026 ( 81%)
........................................................... 19706 / 24026 ( 82%)
........................................................... 19765 / 24026 ( 82%)
........................................................... 19824 / 24026 ( 82%)
........................................................... 19883 / 24026 ( 82%)
........................................................... 19942 / 24026 ( 83%)
........................................................... 20001 / 24026 ( 83%)
........................................................... 20060 / 24026 ( 83%)
........................................................... 20119 / 24026 ( 83%)
........................................................... 20178 / 24026 ( 83%)
........................................................... 20237 / 24026 ( 84%)
........................................................... 20296 / 24026 ( 84%)
........................................................... 20355 / 24026 ( 84%)
........................................................... 20414 / 24026 ( 84%)
........................................................... 20473 / 24026 ( 85%)
........................................................... 20532 / 24026 ( 85%)
........................................................... 20591 / 24026 ( 85%)
........................................................... 20650 / 24026 ( 85%)
........................................................... 20709 / 24026 ( 86%)
........................................................... 20768 / 24026 ( 86%)
........................................................... 20827 / 24026 ( 86%)
........................................................... 20886 / 24026 ( 86%)
........................................................... 20945 / 24026 ( 87%)
........................................................... 21004 / 24026 ( 87%)
........................................................... 21063 / 24026 ( 87%)
........................................................... 21122 / 24026 ( 87%)
........................................................... 21181 / 24026 ( 88%)
........................................................... 21240 / 24026 ( 88%)
........................................................... 21299 / 24026 ( 88%)
........................................................... 21358 / 24026 ( 88%)
........................................................... 21417 / 24026 ( 89%)
........................................................... 21476 / 24026 ( 89%)
........................................................... 21535 / 24026 ( 89%)
........................................................... 21594 / 24026 ( 89%)
........................................................... 21653 / 24026 ( 90%)
........................................................... 21712 / 24026 ( 90%)
........................................................... 21771 / 24026 ( 90%)
........................................................... 21830 / 24026 ( 90%)
.........................................................[36;1mS[0m. 21889 / 24026 ( 91%)
........................................................... 21948 / 24026 ( 91%)
........................................................... 22007 / 24026 ( 91%)
........................................................... 22066 / 24026 ( 91%)
........................................................... 22125 / 24026 ( 92%)
........................................................... 22184 / 24026 ( 92%)
........................................................... 22243 / 24026 ( 92%)
........................................................... 22302 / 24026 ( 92%)
........................................................... 22361 / 24026 ( 93%)
........................................................... 22420 / 24026 ( 93%)
........................................................... 22479 / 24026 ( 93%)
........................................................... 22538 / 24026 ( 93%)
........................................................... 22597 / 24026 ( 94%)
........................................................... 22656 / 24026 ( 94%)
........................................................... 22715 / 24026 ( 94%)
........................................................... 22774 / 24026 ( 94%)
........................................................... 22833 / 24026 ( 95%)
........................................................... 22892 / 24026 ( 95%)
........................................................... 22951 / 24026 ( 95%)
........................................................... 23010 / 24026 ( 95%)
........................................................... 23069 / 24026 ( 96%)
........................................................... 23128 / 24026 ( 96%)
........................................................... 23187 / 24026 ( 96%)
........................................................... 23246 / 24026 ( 96%)
........................................................... 23305 / 24026 ( 96%)
........................................................... 23364 / 24026 ( 97%)
........................................................... 23423 / 24026 ( 97%)
........................................................... 23482 / 24026 ( 97%)
........................................................... 23541 / 24026 ( 97%)
........................................................... 23600 / 24026 ( 98%)
........................................................... 23659 / 24026 ( 98%)
........................................................... 23718 / 24026 ( 98%)
........................................................... 23777 / 24026 ( 98%)
........................................................... 23836 / 24026 ( 99%)
........................................................... 23895 / 24026 ( 99%)
........................................................... 23954 / 24026 ( 99%)
........................................................... 24013 / 24026 ( 99%)
.............                                               24026 / 24026 (100%)

Time: 05:59.287, Memory: 588.01 MB

There was 1 PHPUnit test runner warning:

1) No code coverage driver available

--

There were 2 failures:

1) OCA\OpenRegister\Tests\Unit\Migration\MigrationVersionBumpCheckTest::testANonRepositoryRefusesToGiveAVerdict
Failed asserting that 0 is identical to 2.

/home/rubenlinde/memcap-work/lq-lanes/or-primitives/tests/Unit/Migration/MigrationVersionBumpCheckTest.php:310

2) Unit\Service\Flow\FlowNodeRegistryTest::testAStepThatOverrunsItsCeilingIsStopped
Failed asserting that exception of type "OCA\OpenRegister\Exception\FlowRunExpired" is thrown.

[37;41mFAILURES![0m
[37;41mTests: 24026[0m[37;41m, Assertions: 61114[0m[37;41m, Failures: 2[0m[37;41m, PHPUnit Warnings: 1[0m[37;41m, Warnings: 1[0m[37;41m, Skipped: 24[0m[37;41m.[0m
Script ./vendor/bin/phpunit --colors=always handling the test:all event returned with error code 1

SOME CHECKS FAILED (see above)
Script E=0; for CMD in lint check:migration-version phpcs phpmd psalm phpstan test:all; do echo; echo "=== $CMD ==="; composer $CMD || E=1; done; echo; if [ $E -eq 0 ]; then echo "ALL CHECKS PASSED"; else echo "SOME CHECKS FAILED (see above)"; fi; exit $E handling the check:strict event returned with error code 1
